person_key,role,person_id,name,career_pitches
umpire-427013,umpire,427013,Lance Barksdale,45286
umpire-427019,umpire,427019,Ted Barrett,32795
umpire-427044,umpire,427044,CB Bucknor,42394
umpire-427053,umpire,427053,Mark Carlson,40373
umpire-427058,umpire,427058,Gary Cederstrom,22828
umpire-427081,umpire,427081,Eric Cooper,20645
umpire-427090,umpire,427090,Fieldin Culbreth,23463
umpire-427093,umpire,427093,Phil Cuzzi,41517
umpire-427095,umpire,427095,Kerwin Danley,21896
umpire-427099,umpire,427099,Bob Davidson,8651
umpire-427103,umpire,427103,Gerry Davis,22840
umpire-427108,umpire,427108,Dana DeMuth,13984
umpire-427113,umpire,427113,Laz Diaz,44296
umpire-427115,umpire,427115,Mike DiMuro,8573
umpire-427128,umpire,427128,Rob Drake,36773
umpire-427129,umpire,427129,Bruce Dreckman,36693
umpire-427139,umpire,427139,Doug Eddings,45238
umpire-427144,umpire,427144,Paul Emmel,21676
umpire-427156,umpire,427156,Mike Everitt,18574
umpire-427164,umpire,427164,Andy Fletcher,43544
umpire-427168,umpire,427168,Marty Foster,23208
umpire-427184,umpire,427184,Greg Gibson,26733
umpire-427192,umpire,427192,Brian Gorman,17079
umpire-427197,umpire,427197,Chris Guccione,44132
umpire-427206,umpire,427206,Tom Hallion,25938
umpire-427220,umpire,427220,Angel Hernandez,36133
umpire-427224,umpire,427224,Ed Hickox,24925
umpire-427229,umpire,427229,John Hirschbeck,8003
umpire-427235,umpire,427235,Sam Holbrook,26776
umpire-427243,umpire,427243,Marvin Hudson,46390
umpire-427248,umpire,427248,Dan Iassogna,43202
umpire-427261,umpire,427261,Jim Joyce,6983
umpire-427269,umpire,427269,Jeff Kellogg,17536
umpire-427286,umpire,427286,Brian Knight,33727
umpire-427292,umpire,427292,Ron Kulpa,34751
umpire-427299,umpire,427299,Jerry Layne,20444
umpire-427315,umpire,427315,Alfonso Márquez,46604
umpire-427339,umpire,427339,Jerry Meals,33871
umpire-427344,umpire,427344,Bill Miller,47280
umpire-427361,umpire,427361,Paul Nauert,22130
umpire-427362,umpire,427362,Jeff Nelson,36845
umpire-427366,umpire,427366,Brian O'Nora,38444
umpire-427413,umpire,427413,Tony Randazzo,34298
umpire-427424,umpire,427424,Jim Reynolds,29121
umpire-427454,umpire,427454,Paul Schrieber,4291
umpire-427457,umpire,427457,Dale Scott,8388
umpire-427509,umpire,427509,Tim Timmons,28636
umpire-427520,umpire,427520,Larry Vanover,36686
umpire-427533,umpire,427533,Mark Wegner,41910
umpire-427534,umpire,427534,Bill Welke,28389
umpire-427537,umpire,427537,Hunter Wendelstedt,39776
umpire-427538,umpire,427538,Joe West,30319
umpire-427545,umpire,427545,Tim Welke,4177
umpire-427552,umpire,427552,Mike Winters,19677
umpire-427554,umpire,427554,Jim Wolf,41339
umpire-428442,umpire,428442,James Hoye,44269
umpire-429805,umpire,429805,Todd Tichenor,43258
umpire-431232,umpire,431232,Chad Fairchild,44738
umpire-482608,umpire,482608,Scott Barry,33062
umpire-482620,umpire,482620,Chris Conroy,39930
umpire-482631,umpire,482631,Mike Estabrook,43256
umpire-482641,umpire,482641,Adrian Johnson,45559
umpire-482663,umpire,482663,David Rackley,44914
umpire-482666,umpire,482666,D.J. Reyburn,44409
umpire-483561,umpire,483561,Lance Barrett,45452
umpire-483564,umpire,483564,Dan Bellino,46706
umpire-483569,umpire,483569,Vic Carapazza,45735
umpire-483630,umpire,483630,John Tumpane,43197
umpire-483912,umpire,483912,Mike Muchlinski,44711
umpire-483919,umpire,483919,Mark Ripperger,44560
umpire-484183,umpire,484183,Cory Blaser,42230
umpire-484198,umpire,484198,Alan Porter,44836
umpire-484499,umpire,484499,Manny Gonzalez,43772
umpire-485856,umpire,485856,Jonathan Parra,4042
umpire-486200,umpire,486200,David Arrieta,3154
umpire-489942,umpire,489942,Toby Basner,7141
umpire-489954,umpire,489954,Clint Fagan,11142
umpire-489985,umpire,489985,Chad Whitson,35804
umpire-490319,umpire,490319,Jordan Baker,45918
umpire-503077,umpire,503077,Adam Hamari,46877
umpire-503470,umpire,503470,Anthony Johnson,157
umpire-503490,umpire,503490,Chris Segal,41861
umpire-503493,umpire,503493,Sean Barber,38529
umpire-503502,umpire,503502,Ryan Blakney,45392
umpire-503586,umpire,503586,Tripp Gibson,44880
umpire-504381,umpire,504381,Will Little,41811
umpire-511890,umpire,511890,Quinn Wolcott,41968
umpire-521051,umpire,521051,Nick Mahrley,29393
umpire-521251,umpire,521251,Ben May,39449
umpire-521889,umpire,521889,Stu Scheurwater,39831
umpire-524988,umpire,524988,Tom Woodring,13354
umpire-544563,umpire,544563,Marcus Pattillo,777
umpire-544728,umpire,544728,Nic Lentz,40160
umpire-545402,umpire,545402,John Bacon,13966
umpire-547380,umpire,547380,Carlos Torres,43191
umpire-554242,umpire,554242,Edwin Moscoso,26699
umpire-573596,umpire,573596,Pat Hoberg,36327
umpire-573597,umpire,573597,Gabe Morales,46688
umpire-573769,umpire,573769,Jeremy Riggs,14926
umpire-575629,umpire,575629,Shane Livensparger,22659
umpire-577468,umpire,577468,Roberto Ortiz,30227
umpire-594151,umpire,594151,Ramon De Jesus,36855
umpire-596740,umpire,596740,Jansen Visconti,32979
umpire-596805,umpire,596805,John Libka,31100
umpire-596809,umpire,596809,Ryan Additon,30042
umpire-598411,umpire,598411,Nestor Ceja,21857
umpire-605670,umpire,605670,Dan Merzel,20733
umpire-605671,umpire,605671,Charlie Ramos,16900
umpire-605672,umpire,605672,Jeremie Rehak,30027
umpire-605673,umpire,605673,Alex Tosi,19887
umpire-605674,umpire,605674,Ryan Wills,22103
umpire-607884,umpire,607884,Paul Clemons,11816
umpire-607886,umpire,607886,Lew Williams,592
umpire-608093,umpire,608093,Junior Valentine,20047
umpire-608158,umpire,608158,Nate Tomlinson,16315
umpire-621660,umpire,621660,Emil Jimenez,12966
umpire-622329,umpire,622329,Randy Rosenberg,1511
umpire-623938,umpire,623938,Erich Bacchus,20191
umpire-623945,umpire,623945,Alex MacKay,11746
umpire-623946,umpire,623946,Malachi Moore,18543
umpire-623949,umpire,623949,Clint Vondrak,18286
umpire-639723,umpire,639723,Brennan Miller,18854
umpire-644661,umpire,644661,Kyle McCrady,1051
umpire-644760,umpire,644760,Adam Beck,21750
umpire-658082,umpire,658082,Jacob Metz,6074
umpire-658292,umpire,658292,Derek Thomas,10560
umpire-658325,umpire,658325,Tyler Jones,763
umpire-658536,umpire,658536,Austin Jones,5152
umpire-664263,umpire,664263,Edwin Jimenez,9339
umpire-664265,umpire,664265,Jose Navas,5481
umpire-665281,umpire,665281,Brian Walsh,11685
umpire-665297,umpire,665297,Tom Hanahan,10533
umpire-665298,umpire,665298,Dexter Kelley,534
umpire-665576,umpire,665576,Brock Ballou,8626
umpire-668921,umpire,668921,Jen Pawol,854
umpire-676580,umpire,676580,Steven Jaschinski,573
umpire-676581,umpire,676581,James Jean,4172
umpire-691042,umpire,691042,Willie Traynor,2245
catcher-150229,catcher,150229,A. J. Pierzynski,12003
catcher-408042,catcher,408042,Gerald Laird,39
catcher-408045,catcher,408045,Joe Mauer,1
catcher-408242,catcher,408242,Wil Nieves,294
catcher-424325,catcher,424325,David Ross,6869
catcher-425772,catcher,425772,Jeff Mathis,20155
catcher-425784,catcher,425784,René Rivera,18965
catcher-425877,catcher,425877,Yadier Molina,61248
catcher-425900,catcher,425900,Dioner Navarro,8832
catcher-430910,catcher,430910,Brayan Peña,6436
catcher-431145,catcher,431145,Russell Martin,30985
catcher-434563,catcher,434563,Carlos Ruiz,13262
catcher-434567,catcher,434567,Geovany Soto,6246
catcher-435064,catcher,435064,Bobby Wilson,12664
catcher-435263,catcher,435263,Brian Mccann,31374
catcher-435559,catcher,435559,Kurt Suzuki,42785
catcher-444489,catcher,444489,Manny Piña,22122
catcher-446192,catcher,446192,Adam Moore,716
catcher-446225,catcher,446225,Ed Easley,102
catcher-446308,catcher,446308,Matt Wieters,29071
catcher-446653,catcher,446653,José Lobatón,9819
catcher-446868,catcher,446868,Wilkin Castillo,134
catcher-449786,catcher,449786,Carlos Corporán,2595
catcher-450317,catcher,450317,J. P. Arencibia,1279
catcher-451109,catcher,451109,Brett Hayes,716
catcher-451705,catcher,451705,Alberto Rosario,718
catcher-452095,catcher,452095,Tyler Flowers,31597
catcher-452672,catcher,452672,Ryan Hanigan,8533
catcher-454560,catcher,454560,A. J. Ellis,13261
catcher-455104,catcher,455104,Chris Iannetta,27035
catcher-455117,catcher,455117,Martín Maldonado,69048
catcher-455139,catcher,455139,Robinson Chirinos,38407
catcher-455755,catcher,455755,Chris Stewart,8048
catcher-456078,catcher,456078,Welington Castillo,27668
catcher-456124,catcher,456124,Erik Kratz,7913
catcher-457454,catcher,457454,Jarrod Saltalamacchia,8251
catcher-457574,catcher,457574,Jordan Pacheco,1076
catcher-457762,catcher,457762,Bryan Anderson,144
catcher-457763,catcher,457763,Buster Posey,42593
catcher-460003,catcher,460003,Taylor Teagarden,244
catcher-460026,catcher,460026,Nick Hundley,25407
catcher-460077,catcher,460077,Drew Butera,15267
catcher-460269,catcher,460269,Chris Gimenez,10821
catcher-461865,catcher,461865,Andrew Romine,5
catcher-465041,catcher,465041,Francisco Cervelli,30578
catcher-467092,catcher,467092,Wilson Ramos,41119
catcher-471083,catcher,471083,Miguel Montero,14695
catcher-473724,catcher,473724,Matt Mcbride,772
catcher-474233,catcher,474233,Hank Conger,6987
catcher-476192,catcher,476192,Johnny Monell,603
catcher-488671,catcher,488671,Alex Avila,22440
catcher-488771,catcher,488771,Jason Castro,34810
catcher-488810,catcher,488810,Tony Cruz,2914
catcher-488912,catcher,488912,Tuffy Gosewisch,5181
catcher-489232,catcher,489232,Anthony Recker,3646
catcher-489365,catcher,489365,Josh Thole,3743
catcher-491696,catcher,491696,Jesús Sucre,12889
catcher-492802,catcher,492802,Juan Graterol,2818
catcher-500207,catcher,500207,Jhonatan Solano,418
catcher-500871,catcher,500871,Eduardo Escobar,5
catcher-501647,catcher,501647,Wilin Rosario,120
catcher-502023,catcher,502023,Travis Tartamella,59
catcher-502182,catcher,502182,Steve Clevenger,1852
catcher-502213,catcher,502213,Nevin Ashley,375
catcher-502374,catcher,502374,Michael Mckenry,2151
catcher-502570,catcher,502570,Rocky Gale,590
catcher-506702,catcher,506702,Sandy León,30161
catcher-506747,catcher,506747,Francisco Peña,3944
catcher-506997,catcher,506997,Tony Sanchez,138
catcher-516472,catcher,516472,Francisco Arcia,2013
catcher-516949,catcher,516949,Héctor Sánchez,3084
catcher-518542,catcher,518542,Juan Centeno,6251
catcher-518595,catcher,518595,Travis D'Arnaud,49279
catcher-518700,catcher,518700,Eric Fryer,4317
catcher-518735,catcher,518735,Yasmani Grandal,62725
catcher-518960,catcher,518960,Jonathan Lucroy,37015
catcher-519023,catcher,519023,Devin Mesoraco,8791
catcher-519083,catcher,519083,Derek Norris,21075
catcher-519222,catcher,519222,Austin Romine,24205
catcher-519237,catcher,519237,Cameron Rupp,19012
catcher-519390,catcher,519390,Stephen Vogt,29710
catcher-519425,catcher,519425,Jackson Williams,202
catcher-521692,catcher,521692,Salvador Pérez,69878
catcher-541608,catcher,541608,Ramón Cabrera,3670
catcher-542194,catcher,542194,Christian Bethancourt,18513
catcher-542208,catcher,542208,Carlos Pérez,15418
catcher-542513,catcher,542513,Tomás Telis,818
catcher-542908,catcher,542908,Jett Bandy,9279
catcher-542942,catcher,542942,Carson Blair,781
catcher-542963,catcher,542963,Rob Brantly,1858
catcher-543089,catcher,543089,Taylor Davis,607
catcher-543148,catcher,543148,Tim Federowicz,3425
catcher-543228,catcher,543228,Yan Gomes,53268
catcher-543302,catcher,543302,Chris Herrmann,10122
catcher-543308,catcher,543308,John Hicks,7970
catcher-543309,catcher,543309,Kyle Higashioka,28390
catcher-543362,catcher,543362,A. J. Jiménez,145
catcher-543376,catcher,543376,Caleb Joseph,22476
catcher-543432,catcher,543432,Ryan Lavarnway,3378
catcher-543510,catcher,543510,James Mccann,61131
catcher-543592,catcher,543592,Austin Nola,17407
catcher-543877,catcher,543877,Christian Vázquez,60020
catcher-545358,catcher,545358,Max Stassi,23467
catcher-547172,catcher,547172,Tony Wolters,23099
catcher-547379,catcher,547379,Roberto Pérez,31434
catcher-553869,catcher,553869,Elías Díaz,48009
catcher-553882,catcher,553882,Omar Narváez,42002
catcher-553902,catcher,553902,Willians Astudillo,3050
catcher-554054,catcher,554054,Alfredo González,197
catcher-571466,catcher,571466,Tucker Barnhart,56718
catcher-571467,catcher,571467,Steven Baron,488
catcher-571657,catcher,571657,Kyle Farmer,755
catcher-571679,catcher,571679,David Freitas,2453
catcher-571851,catcher,571851,Spencer Kieboom,2999
catcher-571912,catcher,571912,Luke Maile,26367
catcher-571974,catcher,571974,J. R. Murphy,11733
catcher-572000,catcher,572000,Mike Ohlman,297
catcher-572033,catcher,572033,Josh Phegley,18104
catcher-572180,catcher,572180,Andrew Susac,3373
catcher-572287,catcher,572287,Mike Zunino,44332
catcher-572863,catcher,572863,Dustin Garneau,10152
catcher-575929,catcher,575929,Willson Contreras,53266
catcher-576788,catcher,576788,Dan Butler,165
catcher-591712,catcher,591712,Óscar Hernández,921
catcher-592200,catcher,592200,Curt Casali,27204
catcher-592407,catcher,592407,Bryan Holaday,11287
catcher-592592,catcher,592592,Brett Nicholas,2067
catcher-592663,catcher,592663,J. T. Realmuto,90722
catcher-592774,catcher,592774,Cody Stanley,39
catcher-593590,catcher,593590,Webster Rivas,1408
catcher-593993,catcher,593993,José Briceño,2600
catcher-594828,catcher,594828,Evan Gattis,7246
catcher-595284,catcher,595284,Andrew Knapp,14941
catcher-595453,catcher,595453,Chad Wallach,8417
catcher-595751,catcher,595751,Jorge Alfaro,28988
catcher-595956,catcher,595956,Cam Gallagher,12706
catcher-595978,catcher,595978,Austin Hedges,49954
catcher-596117,catcher,596117,Garrett Stubbs,9484
catcher-596119,catcher,596119,Blake Swihart,8495
catcher-596142,catcher,596142,Gary Sánchez,45335
catcher-600466,catcher,600466,Raudy Read,290
catcher-600474,catcher,600474,Pedro Severino,22303
catcher-602080,catcher,602080,Erick Castillo,169
catcher-605131,catcher,605131,Austin Barnes,27465
catcher-605170,catcher,605170,Víctor Caratini,32502
catcher-605244,catcher,605244,Aramis Garcia,5978
catcher-605357,catcher,605357,Mike Marjama,795
catcher-605421,catcher,605421,Michael Pérez,11466
catcher-606213,catcher,606213,Yermín Mercedes,24
catcher-606988,catcher,606988,Grayson Greiner,9854
catcher-606992,catcher,606992,Eric Haase,17079
catcher-607257,catcher,607257,Rafael Lopez,3448
catcher-607333,catcher,607333,Beau Taylor,1210
catcher-607345,catcher,607345,Kevan Smith,15803
catcher-607732,catcher,607732,Jacob Stallings,35650
catcher-608348,catcher,608348,Carson Kelly,38761
catcher-608360,catcher,608360,Chris Okey,364
catcher-608422,catcher,608422,José Godoy,1240
catcher-608596,catcher,608596,Tom Murphy,18083
catcher-608700,catcher,608700,Kevin Plawecki,25279
catcher-620443,catcher,620443,Luis Torrens,17078
catcher-620453,catcher,620453,Deivy Grullón,192
catcher-621493,catcher,621493,Taylor Ward,23
catcher-621512,catcher,621512,Tomás Nido,19029
catcher-621529,catcher,621529,Joe Hudson,847
catcher-621532,catcher,621532,Anthony Bemboom,4592
catcher-622194,catcher,622194,Bruce Maxwell,7469
catcher-623143,catcher,623143,Trevor Brown,4008
catcher-623168,catcher,623168,Tyler Heineman,9405
catcher-624407,catcher,624407,Tzu-Wei Lin,9
catcher-624419,catcher,624419,Nick Ciuffo,1138
catcher-624431,catcher,624431,Jose Trevino,31184
catcher-624512,catcher,624512,Reese Mcguire,22745
catcher-624513,catcher,624513,Dom Nuñez,6895
catcher-640459,catcher,640459,Brian Navarreto,441
catcher-640902,catcher,640902,Jhonny Pereda,2561
catcher-641470,catcher,641470,Zack Collins,5961
catcher-641511,catcher,641511,Jason Delay,8056
catcher-641555,catcher,641555,J. C. Escarra,1746
catcher-641598,catcher,641598,Mitch Garver,23998
catcher-641680,catcher,641680,Jonah Heim,35731
catcher-641924,catcher,641924,Jacob Nottingham,1975
catcher-641929,catcher,641929,Joseph Odom,1113
catcher-642020,catcher,642020,Chuckie Robinson,3310
catcher-642082,catcher,642082,Chance Sisco,9823
catcher-642136,catcher,642136,Matt Thaiss,11892
catcher-642156,catcher,642156,Stuart Turner,1632
catcher-642165,catcher,642165,Josh Vanmeter,24
catcher-642336,catcher,642336,Francisco Mejía,17644
catcher-642851,catcher,642851,Austin Wynns,16735
catcher-643348,catcher,643348,Caleb Hamilton,481
catcher-643376,catcher,643376,Danny Jansen,36547
catcher-643396,catcher,643396,Isiah Kiner-Falefa,5065
catcher-644433,catcher,644433,Chadwick Tromp,3733
catcher-645305,catcher,645305,Ali Sánchez,2906
catcher-645444,catcher,645444,José Herrera,12268
catcher-650619,catcher,650619,Meibrys Viloria,5861
catcher-650907,catcher,650907,René Pinto,4660
catcher-650968,catcher,650968,Yohel Pozo,2668
catcher-656024,catcher,656024,Carlos Pérez,1383
catcher-656180,catcher,656180,Riley Adams,16126
catcher-656494,catcher,656494,Taylor Gushue,10
catcher-656577,catcher,656577,Alex Jackson,8539
catcher-656627,catcher,656627,Mark Kolozsvary,507
catcher-656883,catcher,656883,Jakson Reetz,312
catcher-656941,catcher,656941,Kyle Schwarber,1275
catcher-657136,catcher,657136,Connor Wong,19840
catcher-657247,catcher,657247,Brian O'Keefe,368
catcher-657709,catcher,657709,Michael Papierski,2306
catcher-660688,catcher,660688,Keibert Ruiz,31154
catcher-661388,catcher,661388,William Contreras,33448
catcher-661531,catcher,661531,Brian Serven,5916
catcher-662139,catcher,662139,Daulton Varsho,4732
catcher-663584,catcher,663584,Hayden Senger,1728
catcher-663698,catcher,663698,Joey Bart,20078
catcher-663728,catcher,663728,Cal Raleigh,34526
catcher-663743,catcher,663743,Nick Fortes,22664
catcher-663886,catcher,663886,Tyler Stephenson,27439
catcher-663967,catcher,663967,César Salazar,1200
catcher-664119,catcher,664119,Austin Allen,2102
catcher-664731,catcher,664731,P. J. Higgins,2388
catcher-664848,catcher,664848,Donny Sands,8
catcher-664850,catcher,664850,Patrick Mazeika,2765
catcher-664874,catcher,664874,Seby Zavala,11226
catcher-664926,catcher,664926,Nick Dini,1310
catcher-664954,catcher,664954,Brett Sullivan,2299
catcher-665066,catcher,665066,Tyler Payne,23
catcher-665154,catcher,665154,Ford Proctor,9
catcher-665561,catcher,665561,Rafael Marchán,4358
catcher-665804,catcher,665804,Miguel Amaya,11553
catcher-665856,catcher,665856,Jair Camargo,11
catcher-665861,catcher,665861,Sebastián Rivero,2367
catcher-665966,catcher,665966,Carlos Narváez,7861
catcher-666023,catcher,666023,Freddy Fermin,16311
catcher-666128,catcher,666128,Mario Feliciano,110
catcher-666163,catcher,666163,Ben Rortvedt,12770
catcher-666165,catcher,666165,Blake Sabol,4196
catcher-666310,catcher,666310,Bo Naylor,19561
catcher-667428,catcher,667428,Grant Koch,117
catcher-667674,catcher,667674,Jack Kruger,11
catcher-667690,catcher,667690,C. J. Stubbs,84
catcher-668663,catcher,668663,Tres Barrera,3349
catcher-668670,catcher,668670,Jake Rogers,20300
catcher-668721,catcher,668721,Payton Henry,1094
catcher-668800,catcher,668800,Andrew Knizner,19419
catcher-668832,catcher,668832,Kyle Mccann,2604
catcher-668939,catcher,668939,Adley Rutschman,25528
catcher-668974,catcher,668974,Maverick Handley,1007
catcher-669004,catcher,669004,Mj Melendez,5579
catcher-669087,catcher,669087,Sam Huff,4199
catcher-669127,catcher,669127,Shea Langeliers,27892
catcher-669134,catcher,669134,Luis Campusano,9415
catcher-669221,catcher,669221,Sean Murphy,36589
catcher-669224,catcher,669224,Austin Wells,16987
catcher-669257,catcher,669257,Will Smith,43734
catcher-669450,catcher,669450,Cooper Hummel,1009
catcher-671056,catcher,671056,Iván Herrera,5763
catcher-672275,catcher,672275,Patrick Bailey,22425
catcher-672386,catcher,672386,Alejandro Kirk,28874
catcher-672515,catcher,672515,Gabriel Moreno,19007
catcher-672832,catcher,672832,Israel Pineda,293
catcher-673237,catcher,673237,Yainer Diaz,19079
catcher-676439,catcher,676439,Hunter Feduccia,2019
catcher-677943,catcher,677943,Will Banfield,228
catcher-678011,catcher,678011,Anthony Seigler,18
catcher-680418,catcher,680418,Tyler Cropley,187
catcher-680728,catcher,680728,Adrian Del Castillo,1660
catcher-680777,catcher,680777,Ryan Jeffers,26597
catcher-680779,catcher,680779,Henry Davis,7366
catcher-680862,catcher,680862,Willie Maciver,2124
catcher-681351,catcher,681351,Logan O'Hoppe,20381
catcher-681508,catcher,681508,Mickey Gasper,1151
catcher-681526,catcher,681526,Bryan Lavastida,314
catcher-681807,catcher,681807,David Fry,2006
catcher-682515,catcher,682515,Logan Porter,863
catcher-682626,catcher,682626,Francisco Álvarez,18877
catcher-682663,catcher,682663,Agustín Ramírez,5005
catcher-682848,catcher,682848,Endy Rodríguez,3942
catcher-686452,catcher,686452,Drew Millas,2921
catcher-686482,catcher,686482,Logan Driscoll,646
catcher-686676,catcher,686676,Korey Lee,10524
catcher-686780,catcher,686780,Pedro Pagés,11411
catcher-686948,catcher,686948,Drake Baldwin,6094
catcher-687221,catcher,687221,Dalton Rushing,2544
catcher-689414,catcher,689414,Liam Hicks,3679
catcher-690924,catcher,690924,Braxton Fulford,2188
catcher-691011,catcher,691011,Drew Romo,956
catcher-691016,catcher,691016,Tyler Soderstrom,1144
catcher-691019,catcher,691019,Kyle Teel,4412
catcher-693307,catcher,693307,Dillon Dingler,9834
catcher-694208,catcher,694208,Moisés Ballesteros,35
catcher-694212,catcher,694212,Samuel Basallo,1394
catcher-695600,catcher,695600,Carter Jensen,526
catcher-695670,catcher,695670,Harry Ford,114
catcher-696100,catcher,696100,Hunter Goodman,8350
catcher-699625,catcher,699625,Jimmy Crooks,867
catcher-700250,catcher,700250,Ben Rice,1971
catcher-700337,catcher,700337,Edgar Quero,4807
catcher-804668,catcher,804668,Rafael Flores,76
pitcher-112526,pitcher,112526,Bartolo Colón,5197
pitcher-115629,pitcher,115629,Latroy Hawkins,255
pitcher-136600,pitcher,136600,Bruce Chen,57
pitcher-150116,pitcher,150116,Randy Wolf,317
pitcher-150274,pitcher,150274,Joe Nathan,65
pitcher-150302,pitcher,150302,Jason Marquis,394
pitcher-150359,pitcher,150359,A. J. Burnett,1291
pitcher-217096,pitcher,217096,Barry Zito,93
pitcher-218596,pitcher,218596,Tim Hudson,924
pitcher-234194,pitcher,234194,Buddy Carlyle,57
pitcher-276351,pitcher,276351,Jason Grilli,1225
pitcher-276514,pitcher,276514,Kevin Gregg,104
pitcher-276520,pitcher,276520,Bronson Arroyo,577
pitcher-276542,pitcher,276542,Joaquín Benoit,1248
pitcher-279571,pitcher,279571,Matt Belisle,1268
pitcher-279824,pitcher,279824,Mark Buehrle,1404
pitcher-282332,pitcher,282332,Cc Sabathia,6269
pitcher-285064,pitcher,285064,Ryan Vogelsong,2055
pitcher-285079,pitcher,285079,R. A. Dickey,4387
pitcher-329092,pitcher,329092,Randy Choate,210
pitcher-346793,pitcher,346793,Jeremy Affeldt,303
pitcher-346797,pitcher,346797,Grant Balfour,47
pitcher-346798,pitcher,346798,Kyle Lohse,1416
pitcher-346847,pitcher,346847,Joe Beimel,337
pitcher-400085,pitcher,400085,Ichiro Suzuki,6
pitcher-400089,pitcher,400089,Rafael Soriano,45
pitcher-405395,pitcher,405395,Albert Pujols,14
pitcher-407793,pitcher,407793,John Lackey,4200
pitcher-407819,pitcher,407819,Matt Thornton,411
pitcher-407822,pitcher,407822,Jorge De La Rosa,3176
pitcher-407845,pitcher,407845,Fernando Rodney,2797
pitcher-407890,pitcher,407890,Colby Lewis,2492
pitcher-407908,pitcher,407908,Joel Peralta,454
pitcher-408061,pitcher,408061,Francisco Rodríguez,1087
pitcher-408241,pitcher,408241,Jake Peavy,1845
pitcher-408314,pitcher,408314,José Reyes,25
pitcher-421685,pitcher,421685,Aaron Harang,1402
pitcher-424144,pitcher,424144,Óliver Pérez,1850
pitcher-424325,pitcher,424325,David Ross,6
pitcher-425386,pitcher,425386,Jeremy Guthrie,1301
pitcher-425426,pitcher,425426,Chien-Ming Wang,408
pitcher-425492,pitcher,425492,Ryan Madson,1671
pitcher-425532,pitcher,425532,Jerome Williams,1097
pitcher-425543,pitcher,425543,Josh Wilson,10
pitcher-425560,pitcher,425560,Adam Laroche,8
pitcher-425626,pitcher,425626,Chris Capuano,566
pitcher-425657,pitcher,425657,Javier López,517
pitcher-425772,pitcher,425772,Jeff Mathis,22
pitcher-425786,pitcher,425786,Scott Atchison,167
pitcher-425794,pitcher,425794,Adam Wainwright,9758
pitcher-425796,pitcher,425796,Jeff Francoeur,30
pitcher-425835,pitcher,425835,Chin-Hui Tsao,83
pitcher-425840,pitcher,425840,Neal Cotts,532
pitcher-425844,pitcher,425844,Zack Greinke,11763
pitcher-425856,pitcher,425856,Gavin Floyd,340
pitcher-425877,pitcher,425877,Yadier Molina,19
pitcher-429400,pitcher,429400,Adam Loewen,284
pitcher-429717,pitcher,429717,Dan Haren,1527
pitcher-429719,pitcher,429719,Edwin Jackson,3185
pitcher-429722,pitcher,429722,Ervin Santana,4646
pitcher-429780,pitcher,429780,Chris Narveson,304
pitcher-429781,pitcher,429781,Kevin Correia,211
pitcher-429783,pitcher,429783,Rafael Betancourt,300
pitcher-430404,pitcher,430404,Jonny Gomes,12
pitcher-430580,pitcher,430580,Alfredo Simón,2108
pitcher-430589,pitcher,430589,Chad Qualls,722
pitcher-430599,pitcher,430599,Joe Blanton,1511
pitcher-430605,pitcher,430605,Ryan Raburn,15
pitcher-430613,pitcher,430613,Ronald Belisario,76
pitcher-430630,pitcher,430630,Jason Frasor,271
pitcher-430634,pitcher,430634,Sean Burnett,50
pitcher-430641,pitcher,430641,Blaine Boyer,1475
pitcher-430661,pitcher,430661,Dustin Mcgowan,1261
pitcher-430911,pitcher,430911,David Aardsma,222
pitcher-430912,pitcher,430912,Matt Cain,2455
pitcher-430935,pitcher,430935,Cole Hamels,7011
pitcher-430947,pitcher,430947,Erick Aybar,8
pitcher-431145,pitcher,431145,Russell Martin,19
pitcher-431148,pitcher,431148,Scott Kazmir,2772
pitcher-431162,pitcher,431162,Tim Stauffer,214
pitcher-432934,pitcher,432934,Chris Young,2130
pitcher-433217,pitcher,433217,Andrés Blanco,3
pitcher-433579,pitcher,433579,John Danks,1623
pitcher-433584,pitcher,433584,Roberto Hernández,771
pitcher-433585,pitcher,433585,Jeff Francis,211
pitcher-433586,pitcher,433586,Santiago Casilla,1775
pitcher-433587,pitcher,433587,Félix Hernández,5341
pitcher-433589,pitcher,433589,Yusmeiro Petit,3476
pitcher-434137,pitcher,434137,Logan Kensing,177
pitcher-434378,pitcher,434378,Justin Verlander,12104
pitcher-434442,pitcher,434442,J. P. Howell,985
pitcher-434538,pitcher,434538,Francisco Liriano,5780
pitcher-434540,pitcher,434540,Garrett Jones,11
pitcher-434563,pitcher,434563,Carlos Ruiz,21
pitcher-434622,pitcher,434622,Ubaldo Jiménez,4401
pitcher-434628,pitcher,434628,Jason Hammel,5111
pitcher-434643,pitcher,434643,Wandy Rodríguez,863
pitcher-434665,pitcher,434665,Nick Masset,186
pitcher-434671,pitcher,434671,Aníbal Sánchez,7162
pitcher-434672,pitcher,434672,Chris Smith,770
pitcher-434678,pitcher,434678,Kyle Davies,23
pitcher-434718,pitcher,434718,Huston Street,715
pitcher-434778,pitcher,434778,Kendrys Morales,21
pitcher-435043,pitcher,435043,Zach Duke,1881
pitcher-435044,pitcher,435044,Scott Baker,92
pitcher-435045,pitcher,435045,Sergio Santos,120
pitcher-435079,pitcher,435079,Ian Kinsler,16
pitcher-435221,pitcher,435221,Brandon Mccarthy,1901
pitcher-435400,pitcher,435400,Jason Motte,909
pitcher-435522,pitcher,435522,Neil Walker,9
pitcher-435622,pitcher,435622,Ian Desmond,7
pitcher-444436,pitcher,444436,Ryan Webb,483
pitcher-444446,pitcher,444446,Collin Balester,148
pitcher-444468,pitcher,444468,Héctor Rondón,2582
pitcher-444482,pitcher,444482,David Peralta,13
pitcher-444520,pitcher,444520,Craig Breslow,900
pitcher-444836,pitcher,444836,Aaron Laffey,60
pitcher-444857,pitcher,444857,Scott Feldman,2609
pitcher-444876,pitcher,444876,Alcides Escobar,14
pitcher-444935,pitcher,444935,Nick Hagadone,209
pitcher-445055,pitcher,445055,Jon Jay,7
pitcher-445060,pitcher,445060,Ricky Nolasco,3470
pitcher-445163,pitcher,445163,Casey Janssen,301
pitcher-445170,pitcher,445170,Todd Redmond,138
pitcher-445197,pitcher,445197,Mike Dunn,1619
pitcher-445213,pitcher,445213,Brandon Kintzler,2484
pitcher-445276,pitcher,445276,Kenley Jansen,4503
pitcher-445590,pitcher,445590,Eric Stults,376
pitcher-445612,pitcher,445612,Dale Thayer,293
pitcher-445926,pitcher,445926,Jesse Chavez,6732
pitcher-445968,pitcher,445968,Dana Eveland,286
pitcher-446099,pitcher,446099,John Axford,1944
pitcher-446185,pitcher,446185,Logan Ondrusek,64
pitcher-446321,pitcher,446321,Ross Detwiler,2494
pitcher-446372,pitcher,446372,Corey Kluber,8736
pitcher-446381,pitcher,446381,Darwin Barney,7
pitcher-446386,pitcher,446386,Brandon Guyer,4
pitcher-446399,pitcher,446399,Brett Cecil,1366
pitcher-446481,pitcher,446481,Sean Rodríguez,5
pitcher-446899,pitcher,446899,Brad Ziegler,1830
pitcher-447714,pitcher,447714,Eric O'Flaherty,616
pitcher-447755,pitcher,447755,Steve Delabar,331
pitcher-448159,pitcher,448159,Manny Parra,247
pitcher-448167,pitcher,448167,Brandon Mann,73
pitcher-448178,pitcher,448178,Kevin Jepsen,1193
pitcher-448179,pitcher,448179,Rich Hill,8243
pitcher-448281,pitcher,448281,Sean Doolittle,1830
pitcher-448306,pitcher,448306,James Shields,6041
pitcher-448602,pitcher,448602,Mark Reynolds,14
pitcher-448609,pitcher,448609,Tony Sipp,1602
pitcher-448614,pitcher,448614,Carlos Torres,1760
pitcher-448801,pitcher,448801,Chris Davis,7
pitcher-448802,pitcher,448802,Jaime García,4079
pitcher-448855,pitcher,448855,Junior Guerra,4204
pitcher-449079,pitcher,449079,Wesley Wright,66
pitcher-449097,pitcher,449097,Jonathan Papelbon,648
pitcher-449104,pitcher,449104,Jim Henderson,306
pitcher-449170,pitcher,449170,Erik Cordier,100
pitcher-449173,pitcher,449173,Lucas Harrell,541
pitcher-450172,pitcher,450172,Edinson Vólquez,4384
pitcher-450203,pitcher,450203,Charlie Morton,13008
pitcher-450212,pitcher,450212,Pat Neshek,1463
pitcher-450275,pitcher,450275,Mark Lowe,856
pitcher-450282,pitcher,450282,Glen Perkins,435
pitcher-450306,pitcher,450306,Jason Vargas,4223
pitcher-450308,pitcher,450308,Jered Weaver,3121
pitcher-450314,pitcher,450314,Ben Zobrist,11
pitcher-450351,pitcher,450351,C. J. Wilson,1120
pitcher-450665,pitcher,450665,Kris Medlen,808
pitcher-450729,pitcher,450729,Doug Fister,4034
pitcher-451085,pitcher,451085,Brian Matusz,508
pitcher-451532,pitcher,451532,Chad Billingsley,292
pitcher-451584,pitcher,451584,Wade Davis,2814
pitcher-451596,pitcher,451596,Yovani Gallardo,5106
pitcher-451661,pitcher,451661,Josh Fields,1309
pitcher-451775,pitcher,451775,Fernando Rodriguez,782
pitcher-451783,pitcher,451783,Dustin Molleken,76
pitcher-451788,pitcher,451788,Shaun Marcum,297
pitcher-452027,pitcher,452027,Andrew Albers,715
pitcher-452061,pitcher,452061,Zach Phillips,61
pitcher-452657,pitcher,452657,Jon Lester,9851
pitcher-452666,pitcher,452666,Tom Wilhelmsen,1170
pitcher-452678,pitcher,452678,Asdrúbal Cabrera,9
pitcher-452718,pitcher,452718,Kyle Kendrick,1210
pitcher-452733,pitcher,452733,Tom Gorzelanny,401
pitcher-453156,pitcher,453156,Brooks Brown,293
pitcher-453172,pitcher,453172,Jared Hughes,2559
pitcher-453178,pitcher,453178,Ian Kennedy,7229
pitcher-453192,pitcher,453192,Andrew Miller,2865
pitcher-453203,pitcher,453203,Shane Robinson,9
pitcher-453214,pitcher,453214,Steven Wright,2721
pitcher-453222,pitcher,453222,Scott Carroll,305
pitcher-453249,pitcher,453249,Jeff Manship,668
pitcher-453264,pitcher,453264,Donnie Veal,36
pitcher-453265,pitcher,453265,Tony Watson,2823
pitcher-453268,pitcher,453268,Daniel Bard,1884
pitcher-453281,pitcher,453281,Wade Leblanc,3896
pitcher-453284,pitcher,453284,Blake Parker,2286
pitcher-453286,pitcher,453286,Max Scherzer,12431
pitcher-453307,pitcher,453307,David Huff,95
pitcher-453311,pitcher,453311,Tim Lincecum,1074
pitcher-453329,pitcher,453329,Clay Buchholz,3231
pitcher-453343,pitcher,453343,Mark Melancon,3255
pitcher-453344,pitcher,453344,Brandon Morrow,814
pitcher-453385,pitcher,453385,Clayton Richard,3899
pitcher-453562,pitcher,453562,Jake Arrieta,8713
pitcher-453646,pitcher,453646,Carlos Villanueva,1044
pitcher-453895,pitcher,453895,Brendan Ryan,11
pitcher-453943,pitcher,453943,Todd Frazier,8
pitcher-455009,pitcher,455009,Jonathan Broxton,1065
pitcher-455117,pitcher,455117,Martín Maldonado,17
pitcher-455119,pitcher,455119,Chris Martin,2592
pitcher-455374,pitcher,455374,Antonio Bastardo,1147
pitcher-455376,pitcher,455376,Arcenio León,57
pitcher-456027,pitcher,456027,Ross Ohlendorf,748
pitcher-456034,pitcher,456034,David Price,7158
pitcher-456051,pitcher,456051,Héctor Noesí,521
pitcher-456068,pitcher,456068,Miguel González,3588
pitcher-456071,pitcher,456071,Yohan Flande,614
pitcher-456121,pitcher,456121,Chris Denorfia,1
pitcher-456124,pitcher,456124,Erik Kratz,73
pitcher-456167,pitcher,456167,A. J. Griffin,1786
pitcher-456379,pitcher,456379,Al Alburquerque,735
pitcher-456387,pitcher,456387,Ryan Feierabend,44
pitcher-456488,pitcher,456488,Eduardo Núñez,8
pitcher-456496,pitcher,456496,Marcos Mateo,251
pitcher-456501,pitcher,456501,Johnny Cueto,8162
pitcher-456696,pitcher,456696,David Hernandez,2085
pitcher-456701,pitcher,456701,Homer Bailey,3313
pitcher-456713,pitcher,456713,Matt Bush,1713
pitcher-456776,pitcher,456776,Alex Torres,353
pitcher-457117,pitcher,457117,Ernesto Frieri,257
pitcher-457429,pitcher,457429,Boone Logan,944
pitcher-457435,pitcher,457435,Phil Coke,191
pitcher-457448,pitcher,457448,Matt Harrison,161
pitcher-457456,pitcher,457456,Jo-Jo Reyes,16
pitcher-457711,pitcher,457711,Sean O'Sullivan,768
pitcher-457732,pitcher,457732,Andrew Bailey,480
pitcher-457744,pitcher,457744,Aaron Thompson,243
pitcher-457754,pitcher,457754,Jon Edwards,327
pitcher-457759,pitcher,457759,Justin Turner,4
pitcher-457768,pitcher,457768,Bryan Morris,753
pitcher-457779,pitcher,457779,Michael Kirkman,24
pitcher-457915,pitcher,457915,Javy Guerra,1185
pitcher-457918,pitcher,457918,J. A. Happ,8796
pitcher-458006,pitcher,458006,Matt Albers,2182
pitcher-458537,pitcher,458537,Cory Luebke,119
pitcher-458584,pitcher,458584,Xavier Cedeño,1057
pitcher-458676,pitcher,458676,Josh Lindblom,683
pitcher-458677,pitcher,458677,Justin Wilson,3594
pitcher-458678,pitcher,458678,Mike Broadway,185
pitcher-458681,pitcher,458681,Lance Lynn,11829
pitcher-458690,pitcher,458690,Chris Volstad,601
pitcher-458708,pitcher,458708,Josh Tomlin,4542
pitcher-458730,pitcher,458730,Bobby Parnell,264
pitcher-458919,pitcher,458919,Ryan Mattheus,458
pitcher-458924,pitcher,458924,Jonny Venters,404
pitcher-459429,pitcher,459429,Jake Mcgee,2652
pitcher-459967,pitcher,459967,Sam Lecure,181
pitcher-459987,pitcher,459987,Cesár Ramos,759
pitcher-460008,pitcher,460008,Anthony Varvaro,115
pitcher-460024,pitcher,460024,Luke Hochevar,721
pitcher-460059,pitcher,460059,Mike Pelfrey,3835
pitcher-460060,pitcher,460060,Cliff Pennington,19
pitcher-460077,pitcher,460077,Drew Butera,38
pitcher-460086,pitcher,460086,Alex Gordon,33
pitcher-460156,pitcher,460156,Brandon Gomes,408
pitcher-460269,pitcher,460269,Chris Gimenez,73
pitcher-460283,pitcher,460283,Jerry Blevins,1654
pitcher-460576,pitcher,460576,Carlos Gómez,19
pitcher-460701,pitcher,460701,James Russell,315
pitcher-461325,pitcher,461325,Tyler Clippard,3086
pitcher-461815,pitcher,461815,David Murphy,8
pitcher-461829,pitcher,461829,Gio Gonzalez,7760
pitcher-461833,pitcher,461833,Phil Hughes,2211
pitcher-461865,pitcher,461865,Andrew Romine,62
pitcher-461872,pitcher,461872,Anthony Swarzak,1761
pitcher-462089,pitcher,462089,Juan Jaime,21
pitcher-462136,pitcher,462136,Marco Estrada,5820
pitcher-462382,pitcher,462382,Jim Johnson,2130
pitcher-462480,pitcher,462480,Rhiner Cruz,25
pitcher-462515,pitcher,462515,Miguel Socolovich,578
pitcher-462945,pitcher,462945,César Jiménez,192
pitcher-462985,pitcher,462985,Franklin Morales,532
pitcher-464416,pitcher,464416,Yohan Pino,135
pitcher-465629,pitcher,465629,Edward Mujica,334
pitcher-465657,pitcher,465657,Joakim Soria,3142
pitcher-465679,pitcher,465679,Sam Deduno,193
pitcher-465753,pitcher,465753,Pedro Florimón,20
pitcher-466948,pitcher,466948,Jean Machi,505
pitcher-467008,pitcher,467008,Pedro Strop,2189
pitcher-467055,pitcher,467055,Pablo Sandoval,9
pitcher-467094,pitcher,467094,Félix Doubront,653
pitcher-467100,pitcher,467100,Iván Nova,5866
pitcher-467785,pitcher,467785,Radhames Liz,192
pitcher-467827,pitcher,467827,Gerardo Parra,20
pitcher-468396,pitcher,468396,Alexi Ogando,874
pitcher-468504,pitcher,468504,Jhoulys Chacín,6762
pitcher-469134,pitcher,469134,Esmil Rogers,288
pitcher-471083,pitcher,471083,Miguel Montero,32
pitcher-471822,pitcher,471822,Jumbo Díaz,1121
pitcher-471911,pitcher,471911,Carlos Carrasco,9931
pitcher-472551,pitcher,472551,Fernando Abad,1623
pitcher-472610,pitcher,472610,Luis García,4156
pitcher-473879,pitcher,473879,Sam Dyson,2368
pitcher-474029,pitcher,474029,Zach Putnam,620
pitcher-474039,pitcher,474039,Pedro Beato,8
pitcher-474284,pitcher,474284,Cory Rasmus,434
pitcher-474463,pitcher,474463,Brett Anderson,5091
pitcher-474521,pitcher,474521,Shawn Tolleson,932
pitcher-474668,pitcher,474668,Eric Surkamp,412
pitcher-474699,pitcher,474699,Vance Worley,1909
pitcher-475054,pitcher,475054,Chaz Roe,1800
pitcher-475115,pitcher,475115,Tyson Ross,3966
pitcher-475138,pitcher,475138,Kyle Drabek,62
pitcher-475243,pitcher,475243,Travis Wood,2185
pitcher-475247,pitcher,475247,Ryan Flaherty,9
pitcher-475416,pitcher,475416,Justin Masterson,560
pitcher-475479,pitcher,475479,David Phelps,3744
pitcher-475857,pitcher,475857,Ryan Cook,263
pitcher-476123,pitcher,476123,Justin Marks,119
pitcher-476451,pitcher,476451,Jeremy Hellickson,4984
pitcher-476454,pitcher,476454,Dellin Betances,2959
pitcher-476570,pitcher,476570,Vin Mazzaro,116
pitcher-476589,pitcher,476589,Adam Warren,3055
pitcher-476594,pitcher,476594,Robert Stock,752
pitcher-476595,pitcher,476595,Lucas Luetge,1199
pitcher-477003,pitcher,477003,Jonathon Niese,2436
pitcher-477132,pitcher,477132,Clayton Kershaw,9933
pitcher-477195,pitcher,477195,Ike Davis,11
pitcher-477229,pitcher,477229,Jordan Walden,64
pitcher-477569,pitcher,477569,Fernando Salas,1830
pitcher-487675,pitcher,487675,Edward Paredes,139
pitcher-488671,pitcher,488671,Alex Avila,20
pitcher-488674,pitcher,488674,Burke Badenhop,565
pitcher-488748,pitcher,488748,Ryan Buchter,2118
pitcher-488768,pitcher,488768,Andrew Cashner,6917
pitcher-488786,pitcher,488786,Louis Coleman,920
pitcher-488818,pitcher,488818,Chase D'Arnaud,9
pitcher-488846,pitcher,488846,Brian Duensing,1369
pitcher-488984,pitcher,488984,Tommy Hunter,2103
pitcher-489002,pitcher,489002,Steve Johnson,220
pitcher-489039,pitcher,489039,Bobby Lafromboise,45
pitcher-489119,pitcher,489119,Wade Miley,9711
pitcher-489138,pitcher,489138,Tyler Moore,2
pitcher-489197,pitcher,489197,Curtis Partch,15
pitcher-489265,pitcher,489265,Sergio Romo,3153
pitcher-489267,pitcher,489267,Adam Rosales,17
pitcher-489294,pitcher,489294,Tanner Scheppers,446
pitcher-489295,pitcher,489295,Brian Schlitter,141
pitcher-489334,pitcher,489334,Craig Stammen,3051
pitcher-489446,pitcher,489446,Kirby Yates,3504
pitcher-489448,pitcher,489448,Mike Zagurski,19
pitcher-490063,pitcher,490063,Matt Garza,2902
pitcher-491159,pitcher,491159,Joe Thatcher,221
pitcher-491624,pitcher,491624,César Valdez,667
pitcher-491646,pitcher,491646,Jeanmar Gómez,1781
pitcher-491696,pitcher,491696,Jesús Sucre,40
pitcher-491703,pitcher,491703,Neftalí Feliz,1259
pitcher-491708,pitcher,491708,Arquimedes Caminero,1088
pitcher-492841,pitcher,492841,Michael Martínez,6
pitcher-493114,pitcher,493114,Nori Aoki,13
pitcher-493117,pitcher,493117,Kyuji Fujikawa,12
pitcher-493157,pitcher,493157,Koji Uehara,913
pitcher-493159,pitcher,493159,Tsuyoshi Wada,276
pitcher-493200,pitcher,493200,Seunghwan Oh,1721
pitcher-493247,pitcher,493247,Peter Moylan,1174
pitcher-493351,pitcher,493351,Alexei Ramírez,8
pitcher-493603,pitcher,493603,Adam Ottavino,5011
pitcher-497807,pitcher,497807,Frank Herrmann,114
pitcher-500610,pitcher,500610,Deolis Guerra,1357
pitcher-500721,pitcher,500721,Yoervis Medina,211
pitcher-500724,pitcher,500724,J. C. Ramírez,2101
pitcher-500743,pitcher,500743,Miguel Rojas,60
pitcher-500765,pitcher,500765,Dayán Díaz,221
pitcher-500779,pitcher,500779,Jose Quintana,13363
pitcher-500871,pitcher,500871,Eduardo Escobar,28
pitcher-500872,pitcher,500872,Greg Infante,583
pitcher-500891,pitcher,500891,Edgar Ibarra,43
pitcher-501303,pitcher,501303,Ehire Adrianza,27
pitcher-501381,pitcher,501381,Michael Pineda,5714
pitcher-501563,pitcher,501563,Simón Castro,418
pitcher-501593,pitcher,501593,Luis Avilán,1778
pitcher-501625,pitcher,501625,José Álvarez,2915
pitcher-501627,pitcher,501627,César Cabral,8
pitcher-501697,pitcher,501697,Jhan Mariñez,1001
pitcher-501789,pitcher,501789,Will Harris,2592
pitcher-501817,pitcher,501817,Tony Barnette,1137
pitcher-501822,pitcher,501822,Chris Hatcher,1547
pitcher-501870,pitcher,501870,Everett Teaford,52
pitcher-501925,pitcher,501925,Joe Smith,2400
pitcher-501936,pitcher,501936,Matt Buschmann,33
pitcher-501955,pitcher,501955,Joba Chamberlain,469
pitcher-501957,pitcher,501957,Chris Tillman,4264
pitcher-501985,pitcher,501985,Mike Minor,6222
pitcher-501992,pitcher,501992,Nate Karns,2585
pitcher-502004,pitcher,502004,George Kontos,1554
pitcher-502009,pitcher,502009,Mat Latos,1598
pitcher-502010,pitcher,502010,Jake Brigham,151
pitcher-502011,pitcher,502011,Preston Claiborne,15
pitcher-502026,pitcher,502026,Jeremy Jeffress,2760
pitcher-502028,pitcher,502028,Blake Wood,1433
pitcher-502032,pitcher,502032,Bud Norris,2814
pitcher-502042,pitcher,502042,Chris Archer,8537
pitcher-502043,pitcher,502043,Kyle Gibson,13808
pitcher-502046,pitcher,502046,Jeff Locke,2756
pitcher-502051,pitcher,502051,Josh Ravin,331
pitcher-502083,pitcher,502083,Zach Mcallister,2014
pitcher-502085,pitcher,502085,David Robertson,4263
pitcher-502087,pitcher,502087,Kevin Chapman,141
pitcher-502130,pitcher,502130,Dan Runzler,46
pitcher-502143,pitcher,502143,Danny Valencia,4
pitcher-502154,pitcher,502154,Zack Britton,2391
pitcher-502162,pitcher,502162,Ángel Castro,40
pitcher-502166,pitcher,502166,Brad Mills,45
pitcher-502171,pitcher,502171,Alex Cobb,7099
pitcher-502179,pitcher,502179,Paolo Espino,2329
pitcher-502188,pitcher,502188,Jeff Samardzija,6913
pitcher-502190,pitcher,502190,Mike Leake,6916
pitcher-502202,pitcher,502202,Brad Boxberger,3377
pitcher-502210,pitcher,502210,Josh Reddick,8
pitcher-502211,pitcher,502211,Mike Bolsinger,1663
pitcher-502212,pitcher,502212,Austin Bibens-Dirkx,983
pitcher-502239,pitcher,502239,Trevor Cahill,4207
pitcher-502260,pitcher,502260,Vinnie Pestano,122
pitcher-502264,pitcher,502264,Nathan Adcock,193
pitcher-502272,pitcher,502272,Casey Fien,851
pitcher-502273,pitcher,502273,Mike Freeman,26
pitcher-502281,pitcher,502281,Marcus Hatley,16
pitcher-502285,pitcher,502285,Tyler Ladendorf,10
pitcher-502304,pitcher,502304,David Carpenter,215
pitcher-502327,pitcher,502327,Héctor Santiago,5732
pitcher-502381,pitcher,502381,Luke Gregerson,1400
pitcher-502457,pitcher,502457,Drew Hayes,97
pitcher-502462,pitcher,502462,Ryan Kelly,135
pitcher-502522,pitcher,502522,Justin Miller,1345
pitcher-502578,pitcher,502578,Aaron Barrett,295
pitcher-502593,pitcher,502593,Jake Petricka,1233
pitcher-502624,pitcher,502624,Chase Anderson,8523
pitcher-502706,pitcher,502706,Derek Holland,5805
pitcher-502748,pitcher,502748,Brad Peacock,3103
pitcher-503285,pitcher,503285,Darren O'Day,1951
pitcher-503444,pitcher,503444,Joel De La Cruz,489
pitcher-503449,pitcher,503449,Wily Peralta,4452
pitcher-503556,pitcher,503556,Marwin González,9
pitcher-503566,pitcher,503566,Fabio Castillo,15
pitcher-503569,pitcher,503569,Rafael Dolis,536
pitcher-504083,pitcher,504083,Jorge Rondon,181
pitcher-504186,pitcher,504186,Arnold Leon,228
pitcher-504379,pitcher,504379,Juan Nicasio,2969
pitcher-505447,pitcher,505447,Brandon Dickson,20
pitcher-506433,pitcher,506433,Yu Darvish,9791
pitcher-506560,pitcher,506560,Alexi Amarista,1
pitcher-506693,pitcher,506693,Henderson Álvarez,306
pitcher-506702,pitcher,506702,Sandy León,57
pitcher-514669,pitcher,514669,Rafael Martín,153
pitcher-514913,pitcher,514913,Rubén Tejada,13
pitcher-514981,pitcher,514981,Diego Moreno,127
pitcher-515052,pitcher,515052,Mayckol Guaipe,285
pitcher-516414,pitcher,516414,Ariel Peña,267
pitcher-516472,pitcher,516472,Francisco Arcia,12
pitcher-516589,pitcher,516589,André Rienzo,177
pitcher-516714,pitcher,516714,Dario Álvarez,447
pitcher-516769,pitcher,516769,Jenrry Mejía,47
pitcher-516910,pitcher,516910,Carlos Frías,613
pitcher-516935,pitcher,516935,Stolmy Pimentel,83
pitcher-516969,pitcher,516969,Kelvin Herrera,2235
pitcher-516970,pitcher,516970,Sugar Ray Marimón,231
pitcher-517008,pitcher,517008,Alex Colomé,3711
pitcher-517059,pitcher,517059,José De Paula,41
pitcher-517414,pitcher,517414,Randall Delgado,1901
pitcher-517448,pitcher,517448,Wilfredo Boscán,125
pitcher-517593,pitcher,517593,Danny Salazar,3576
pitcher-517629,pitcher,517629,Kelvin Marte,24
pitcher-518397,pitcher,518397,Scott Alexander,2387
pitcher-518418,pitcher,518418,Phillippe Aumont,58
pitcher-518420,pitcher,518420,Dylan Axelrod,124
pitcher-518435,pitcher,518435,Manny Barreda,21
pitcher-518445,pitcher,518445,Chad Bell,680
pitcher-518452,pitcher,518452,Chad Bettis,4405
pitcher-518468,pitcher,518468,Michael Blazek,1052
pitcher-518489,pitcher,518489,Ryan Brasier,2091
pitcher-518516,pitcher,518516,Madison Bumgarner,9746
pitcher-518526,pitcher,518526,David Carpenter,36
pitcher-518553,pitcher,518553,Steve Cishek,4423
pitcher-518560,pitcher,518560,Paul Clemens,646
pitcher-518566,pitcher,518566,Taylor Cole,756
pitcher-518567,pitcher,518567,Josh Collmenter,1511
pitcher-518585,pitcher,518585,Fernando Cruz,1614
pitcher-518586,pitcher,518586,Charlie Culberson,58
pitcher-518603,pitcher,518603,Justin De Fratus,698
pitcher-518614,pitcher,518614,Daniel Descalso,32
pitcher-518617,pitcher,518617,Jake Diekman,4651
pitcher-518626,pitcher,518626,Josh Donaldson,5
pitcher-518633,pitcher,518633,Danny Duffy,7024
pitcher-518649,pitcher,518649,Brett Eibner,36
pitcher-518653,pitcher,518653,Jake Elmore,9
pitcher-518693,pitcher,518693,Sam Freeman,1495
pitcher-518703,pitcher,518703,Charlie Furbush,147
pitcher-518715,pitcher,518715,Cory Gearrin,1995
pitcher-518716,pitcher,518716,Dillon Gee,1711
pitcher-518748,pitcher,518748,Justin Grimm,1840
pitcher-518764,pitcher,518764,Donovan Hand,29
pitcher-518771,pitcher,518771,Mitch Harris,192
pitcher-518774,pitcher,518774,Matt Harvey,5978
pitcher-518790,pitcher,518790,Chris Heston,1682
pitcher-518813,pitcher,518813,Greg Holland,2275
pitcher-518833,pitcher,518833,Colt Hynes,26
pitcher-518858,pitcher,518858,Nate Jones,1345
pitcher-518863,pitcher,518863,Taylor Jordan,122
pitcher-518875,pitcher,518875,Shawn Kelley,1666
pitcher-518876,pitcher,518876,Merrill Kelly,7834
pitcher-518883,pitcher,518883,Dean Kiekhefer,208
pitcher-518886,pitcher,518886,Craig Kimbrel,4823
pitcher-518927,pitcher,518927,Tommy Layne,946
pitcher-519008,pitcher,519008,T. J. Mcfarland,3151
pitcher-519043,pitcher,519043,Matt Moore,6508
pitcher-519048,pitcher,519048,Mitch Moreland,15
pitcher-519076,pitcher,519076,Jimmy Nelson,4862
pitcher-519085,pitcher,519085,Brett Oberholtzer,927
pitcher-519096,pitcher,519096,Dan Otero,1861
pitcher-519141,pitcher,519141,Drew Pomeranz,6285
pitcher-519144,pitcher,519144,Rick Porcello,8207
pitcher-519151,pitcher,519151,Ryan Pressly,4249
pitcher-519166,pitcher,519166,Neil Ramírez,1242
pitcher-519168,pitcher,519168,Anthony Ranaudo,475
pitcher-519169,pitcher,519169,Rob Rasmussen,165
pitcher-519186,pitcher,519186,Matt Reynolds,167
pitcher-519203,pitcher,519203,Anthony Rizzo,13
pitcher-519208,pitcher,519208,Clint Robinson,2
pitcher-519222,pitcher,519222,Austin Romine,9
pitcher-519229,pitcher,519229,Seth Rosin,25
pitcher-519240,pitcher,519240,Marc Rzepczynski,1042
pitcher-519242,pitcher,519242,Chris Sale,11224
pitcher-519263,pitcher,519263,A. J. Schugel,739
pitcher-519267,pitcher,519267,Evan Scribner,581
pitcher-519293,pitcher,519293,Will Smith,3582
pitcher-519294,pitcher,519294,Josh Smoker,762
pitcher-519295,pitcher,519295,Jake Smolinski,4
pitcher-519299,pitcher,519299,Eric Sogard,33
pitcher-519301,pitcher,519301,Sammy Solís,1107
pitcher-519322,pitcher,519322,Drew Storen,1324
pitcher-519326,pitcher,519326,Hunter Strickland,3682
pitcher-519344,pitcher,519344,Nick Tepesch,194
pitcher-519381,pitcher,519381,Pat Venditte,662
pitcher-519393,pitcher,519393,Marcus Walden,854
pitcher-519411,pitcher,519411,Matt West,27
pitcher-519437,pitcher,519437,Chris Withrow,323
pitcher-519443,pitcher,519443,Brandon Workman,1881
pitcher-519455,pitcher,519455,Jordan Zimmermann,5723
pitcher-520980,pitcher,520980,Pedro Báez,2578
pitcher-521230,pitcher,521230,Liam Hendriks,3456
pitcher-521655,pitcher,521655,Wilmer Font,1399
pitcher-523253,pitcher,523253,Logan Forsythe,11
pitcher-523260,pitcher,523260,Joe Kelly,4870
pitcher-523848,pitcher,523848,José Domínguez,342
pitcher-523989,pitcher,523989,Rubby De La Rosa,1993
pitcher-525768,pitcher,525768,Tim Collins,262
pitcher-527048,pitcher,527048,Martín Pérez,11655
pitcher-527054,pitcher,527054,Julio Teherán,8850
pitcher-527055,pitcher,527055,Arodys Vizcaíno,1439
pitcher-528748,pitcher,528748,Humberto Castellanos,981
pitcher-532077,pitcher,532077,Roberto Osuna,2057
pitcher-533167,pitcher,533167,Matt Shoemaker,3960
pitcher-534606,pitcher,534606,Ryan Lamarre,7
pitcher-534627,pitcher,534627,Tyler Holt,1
pitcher-534737,pitcher,534737,Pat Dean,598
pitcher-534812,pitcher,534812,Kevin Quackenbush,1456
pitcher-534910,pitcher,534910,Jesse Hahn,2096
pitcher-534947,pitcher,534947,Tim Adleman,1555
pitcher-538506,pitcher,538506,Toru Murata,37
pitcher-539438,pitcher,539438,Scott Diamond,15
pitcher-541640,pitcher,541640,Erasmo Ramírez,4673
pitcher-541650,pitcher,541650,Hernán Pérez,80
pitcher-541652,pitcher,541652,Bruce Rondón,1021
pitcher-542194,pitcher,542194,Christian Bethancourt,122
pitcher-542208,pitcher,542208,Carlos Pérez,22
pitcher-542266,pitcher,542266,Carlos Contreras,273
pitcher-542289,pitcher,542289,Daniel Corcino,38
pitcher-542432,pitcher,542432,José Ramírez,989
pitcher-542585,pitcher,542585,José Cisnero,1980
pitcher-542587,pitcher,542587,Elvis Araújo,580
pitcher-542609,pitcher,542609,Enrique Burgos,617
pitcher-542669,pitcher,542669,Román Méndez,136
pitcher-542674,pitcher,542674,Gonzalez Germen,712
pitcher-542866,pitcher,542866,Austin Adams,566
pitcher-542881,pitcher,542881,Tyler Anderson,9490
pitcher-542882,pitcher,542882,Matt Andriese,4141
pitcher-542884,pitcher,542884,Dustin Antolin,26
pitcher-542888,pitcher,542888,Shawn Armstrong,3369
pitcher-542914,pitcher,542914,Anthony Bass,2403
pitcher-542923,pitcher,542923,Dallas Beeler,100
pitcher-542924,pitcher,542924,Jeff Beliveau,243
pitcher-542932,pitcher,542932,Jon Berti,32
pitcher-542946,pitcher,542946,Jeremy Bleich,3
pitcher-542947,pitcher,542947,Richard Bleier,2011
pitcher-542953,pitcher,542953,Buddy Boshers,738
pitcher-542960,pitcher,542960,Brad Brach,3324
pitcher-542963,pitcher,542963,Rob Brantly,8
pitcher-542992,pitcher,542992,Andy Burns,12
pitcher-543001,pitcher,543001,Ryan Carpenter,548
pitcher-543017,pitcher,543017,Hunter Cervenka,433
pitcher-543022,pitcher,543022,Tyler Chatwood,4839
pitcher-543031,pitcher,543031,Tyler Cloyd,176
pitcher-543037,pitcher,543037,Gerrit Cole,13454
pitcher-543045,pitcher,543045,Adam Conley,3475
pitcher-543054,pitcher,543054,Jarred Cosart,1518
pitcher-543056,pitcher,543056,Danny Coulombe,2560
pitcher-543063,pitcher,543063,Brandon Crawford,36
pitcher-543089,pitcher,543089,Taylor Davis,2
pitcher-543094,pitcher,543094,Jaff Decker,6
pitcher-543101,pitcher,543101,Anthony Desclafani,7469
pitcher-543118,pitcher,543118,Oliver Drake,1742
pitcher-543135,pitcher,543135,Nathan Eovaldi,9542
pitcher-543144,pitcher,543144,Danny Farquhar,1216
pitcher-543148,pitcher,543148,Tim Federowicz,4
pitcher-543169,pitcher,543169,Brian Flynn,1287
pitcher-543184,pitcher,543184,Christian Friedrich,1533
pitcher-543193,pitcher,543193,Drew Gagnon,300
pitcher-543195,pitcher,543195,Eddie Gamboa,132
pitcher-543208,pitcher,543208,Sam Gaviglio,2505
pitcher-543219,pitcher,543219,Sean Gilmartin,992
pitcher-543238,pitcher,543238,Anthony Gose,290
pitcher-543242,pitcher,543242,J. R. Graham,538
pitcher-543243,pitcher,543243,Sonny Gray,13177
pitcher-543258,pitcher,543258,Preston Guilmet,167
pitcher-543261,pitcher,543261,Jason Gurka,147
pitcher-543272,pitcher,543272,Brad Hand,4972
pitcher-543278,pitcher,543278,Blaine Hardy,2097
pitcher-543281,pitcher,543281,Josh Harrison,57
pitcher-543294,pitcher,543294,Kyle Hendricks,13450
pitcher-543305,pitcher,543305,Aaron Hicks,10
pitcher-543331,pitcher,543331,J. J. Hoover,1298
pitcher-543334,pitcher,543334,T. J. House,203
pitcher-543339,pitcher,543339,Daniel Hudson,3800
pitcher-543343,pitcher,543343,Danny Hultzen,37
pitcher-543351,pitcher,543351,Jay Jackson,960
pitcher-543357,pitcher,543357,Jordan Jankowski,46
pitcher-543359,pitcher,543359,Dan Jennings,2183
pitcher-543376,pitcher,543376,Caleb Joseph,3
pitcher-543380,pitcher,543380,Taylor Jungmann,1388
pitcher-543391,pitcher,543391,Casey Kelly,479
pitcher-543408,pitcher,543408,Tom Koehler,3822
pitcher-543409,pitcher,543409,Michael Kohn,48
pitcher-543424,pitcher,543424,John Lamb,1267
pitcher-543456,pitcher,543456,Kyle Lobstein,779
pitcher-543475,pitcher,543475,Jordan Lyles,8253
pitcher-543483,pitcher,543483,Matt Magill,1083
pitcher-543506,pitcher,543506,Brandon Maurer,1863
pitcher-543507,pitcher,543507,Trevor May,3529
pitcher-543508,pitcher,543508,Cory Mazzoni,269
pitcher-543510,pitcher,543510,James Mccann,13
pitcher-543518,pitcher,543518,Scott Mcgough,1089
pitcher-543521,pitcher,543521,Collin Mchugh,6485
pitcher-543532,pitcher,543532,Tim Melville,441
pitcher-543542,pitcher,543542,Alex Meyer,989
pitcher-543543,pitcher,543543,Brad Miller,25
pitcher-543548,pitcher,543548,Tommy Milone,3849
pitcher-543557,pitcher,543557,Mike Montgomery,4411
pitcher-543592,pitcher,543592,Austin Nola,12
pitcher-543594,pitcher,543594,Sean Nolin,556
pitcher-543606,pitcher,543606,Jake Odorizzi,9016
pitcher-543607,pitcher,543607,Edgar Olmos,133
pitcher-543652,pitcher,543652,Tyler Pill,209
pitcher-543677,pitcher,543677,Matt Ramsey,7
pitcher-543698,pitcher,543698,Donn Roach,76
pitcher-543699,pitcher,543699,Tanner Roark,7914
pitcher-543716,pitcher,543716,David Rollins,297
pitcher-543726,pitcher,543726,Robbie Ross,1102
pitcher-543734,pitcher,543734,Chris Rusin,2693
pitcher-543746,pitcher,543746,Rob Scahill,696
pitcher-543766,pitcher,543766,Bryan Shaw,4457
pitcher-543776,pitcher,543776,Jb Shuck,14
pitcher-543779,pitcher,543779,Kevin Siegrist,1618
pitcher-543803,pitcher,543803,Giovanni Soto,21
pitcher-543829,pitcher,543829,Dee Strange-Gordon,18
pitcher-543859,pitcher,543859,Michael Tonkin,2580
pitcher-543867,pitcher,543867,Nik Turley,372
pitcher-543881,pitcher,543881,Pedro Villarreal,348
pitcher-543883,pitcher,543883,Nick Vincent,1972
pitcher-543900,pitcher,543900,Daniel Webb,271
pitcher-543901,pitcher,543901,Ryan Weber,1569
pitcher-543903,pitcher,543903,Allen Webster,355
pitcher-543921,pitcher,543921,Joe Wieland,125
pitcher-543935,pitcher,543935,Alex Wilson,2034
pitcher-543942,pitcher,543942,Rob Wooten,74
pitcher-543964,pitcher,543964,Tony Zych,612
pitcher-544150,pitcher,544150,Albert Suárez,2150
pitcher-544365,pitcher,544365,Manny Banuelos,1118
pitcher-544725,pitcher,544725,Leury García,13
pitcher-544727,pitcher,544727,Jeurys Familia,3803
pitcher-544759,pitcher,544759,Bo Schultz,454
pitcher-544836,pitcher,544836,Enny Romero,1307
pitcher-544928,pitcher,544928,Tyler Lyons,1611
pitcher-544930,pitcher,544930,Blake Smith,35
pitcher-544931,pitcher,544931,Stephen Strasburg,6594
pitcher-544993,pitcher,544993,Steve Geltz,791
pitcher-545064,pitcher,545064,Jairo Díaz,753
pitcher-545121,pitcher,545121,Ildemaro Vargas,25
pitcher-545332,pitcher,545332,Jake Barrett,795
pitcher-545333,pitcher,545333,Trevor Bauer,9742
pitcher-545338,pitcher,545338,Nick Franklin,9
pitcher-545341,pitcher,545341,Randal Grichuk,5
pitcher-545343,pitcher,545343,Louis Head,533
pitcher-545346,pitcher,545346,Zach Lee,148
pitcher-545348,pitcher,545348,Austin Maddox,115
pitcher-545357,pitcher,545357,Matt Purke,174
pitcher-545358,pitcher,545358,Max Stassi,3
pitcher-545363,pitcher,545363,Jacob Turner,620
pitcher-545404,pitcher,545404,Brandon Beachy,81
pitcher-546276,pitcher,546276,Edwin Escobar,219
pitcher-546991,pitcher,546991,Albert Almora,15
pitcher-547001,pitcher,547001,Cody Poteet,748
pitcher-547007,pitcher,547007,Robert Whalen,337
pitcher-547176,pitcher,547176,Dan Camarena,81
pitcher-547179,pitcher,547179,Michael Lorenzen,8064
pitcher-547184,pitcher,547184,Michael Kelly,775
pitcher-547348,pitcher,547348,C. C. Lee,19
pitcher-547749,pitcher,547749,Junichi Tazawa,1535
pitcher-547874,pitcher,547874,Hisashi Iwakuma,2576
pitcher-547888,pitcher,547888,Masahiro Tanaka,6546
pitcher-547942,pitcher,547942,Kwang Hyun Kim,1256
pitcher-547943,pitcher,547943,Hyun Jin Ryu,5701
pitcher-547973,pitcher,547973,Aroldis Chapman,4912
pitcher-547982,pitcher,547982,Leonys Martín,7
pitcher-548337,pitcher,548337,Logan Verrett,1162
pitcher-548357,pitcher,548357,Christian Bergman,1254
pitcher-548384,pitcher,548384,Brooks Raley,1840
pitcher-548389,pitcher,548389,Ross Stripling,6736
pitcher-552640,pitcher,552640,Andrew Kittredge,2217
pitcher-553872,pitcher,553872,Yhonathan Barrios,46
pitcher-553878,pitcher,553878,Felipe Vázquez,2557
pitcher-553883,pitcher,553883,Jose Campos,49
pitcher-553902,pitcher,553902,Willians Astudillo,70
pitcher-553970,pitcher,553970,Ángel Nesbitt,174
pitcher-554234,pitcher,554234,Williams Pérez,1481
pitcher-554340,pitcher,554340,Yimi García,3247
pitcher-554374,pitcher,554374,Ariel Hernández,250
pitcher-554430,pitcher,554430,Zack Wheeler,10907
pitcher-554431,pitcher,554431,Tyler Matzek,1469
pitcher-554432,pitcher,554432,Chad Jenkins,47
pitcher-570240,pitcher,570240,Félix Peña,2163
pitcher-570257,pitcher,570257,Joely Rodríguez,1539
pitcher-570488,pitcher,570488,Phillips Valdéz,1003
pitcher-570560,pitcher,570560,Yolmer Sánchez,11
pitcher-570632,pitcher,570632,José Ureña,8439
pitcher-570649,pitcher,570649,Yordano Ventura,2956
pitcher-570663,pitcher,570663,Hansel Robles,3642
pitcher-570666,pitcher,570666,Luis Cessa,3345
pitcher-570702,pitcher,570702,Carlos Ramírez,186
pitcher-570714,pitcher,570714,César Vargas,324
pitcher-570731,pitcher,570731,Jonathan Schoop,8
pitcher-570810,pitcher,570810,Lisalverto Bonilla,308
pitcher-571035,pitcher,571035,William Cuevas,238
pitcher-571057,pitcher,571057,Frank Garcés,340
pitcher-571437,pitcher,571437,Aaron Altherr,9
pitcher-571439,pitcher,571439,R. J. Alvarez,225
pitcher-571446,pitcher,571446,Mark Appel,87
pitcher-571466,pitcher,571466,Tucker Barnhart,37
pitcher-571473,pitcher,571473,Buddy Baumann,298
pitcher-571476,pitcher,571476,Chris Beck,1181
pitcher-571479,pitcher,571479,Andrew Bellatti,886
pitcher-571510,pitcher,571510,Matt Boyd,8903
pitcher-571521,pitcher,571521,Rex Brothers,819
pitcher-571527,pitcher,571527,David Buchanan,646
pitcher-571539,pitcher,571539,Matt Carasiti,565
pitcher-571561,pitcher,571561,Tony Cingrani,1479
pitcher-571572,pitcher,571572,Joe Colón,94
pitcher-571577,pitcher,571577,Scott Copeland,144
pitcher-571578,pitcher,571578,Patrick Corbin,13686
pitcher-571584,pitcher,571584,Caleb Cotham,297
pitcher-571602,pitcher,571602,Matt Davidson,38
pitcher-571616,pitcher,571616,Matt Dermody,251
pitcher-571656,pitcher,571656,Buck Farmer,4523
pitcher-571657,pitcher,571657,Kyle Farmer,18
pitcher-571666,pitcher,571666,Mike Fiers,7565
pitcher-571670,pitcher,571670,Dylan Floro,3260
pitcher-571676,pitcher,571676,Seth Frankoff,174
pitcher-571697,pitcher,571697,Scooter Gennett,11
pitcher-571704,pitcher,571704,Ken Giles,2266
pitcher-571710,pitcher,571710,Mychal Givens,3959
pitcher-571735,pitcher,571735,David Hale,1384
pitcher-571760,pitcher,571760,Andrew Heaney,9106
pitcher-571771,pitcher,571771,Enrique Hernández,110
pitcher-571787,pitcher,571787,David Holmberg,907
pitcher-571788,pitcher,571788,Brock Holt,18
pitcher-571800,pitcher,571800,Drew Hutchison,2820
pitcher-571858,pitcher,571858,Branden Kline,397
pitcher-571863,pitcher,571863,Matt Koch,1270
pitcher-571871,pitcher,571871,Ian Krol,1298
pitcher-571875,pitcher,571875,Jake Lamb,4
pitcher-571882,pitcher,571882,Derek Law,2965
pitcher-571893,pitcher,571893,Adam Liberatore,729
pitcher-571901,pitcher,571901,Aaron Loup,2920
pitcher-571911,pitcher,571911,Damien Magnifico,45
pitcher-571912,pitcher,571912,Luke Maile,96
pitcher-571917,pitcher,571917,Parker Markel,294
pitcher-571927,pitcher,571927,Steven Matz,8931
pitcher-571945,pitcher,571945,Miles Mikolas,8777
pitcher-571946,pitcher,571946,Shelby Miller,4548
pitcher-571948,pitcher,571948,Hoby Milner,3174
pitcher-571951,pitcher,571951,Bryan Mitchell,1457
pitcher-571963,pitcher,571963,A. J. Morris,96
pitcher-571969,pitcher,571969,Conor Mullee,35
pitcher-571974,pitcher,571974,J. R. Murphy,38
pitcher-571976,pitcher,571976,Wil Myers,18
pitcher-572008,pitcher,572008,Chris Owings,26
pitcher-572020,pitcher,572020,James Paxton,6871
pitcher-572021,pitcher,572021,James Pazos,1050
pitcher-572033,pitcher,572033,Josh Phegley,6
pitcher-572038,pitcher,572038,Branden Pinder,255
pitcher-572044,pitcher,572044,Brooks Pounders,429
pitcher-572070,pitcher,572070,Garrett Richards,4774
pitcher-572086,pitcher,572086,Brady Rodgers,159
pitcher-572089,pitcher,572089,Paco Rodríguez,90
pitcher-572096,pitcher,572096,Trevor Rosenthal,1837
pitcher-572102,pitcher,572102,Keyvius Sampson,966
pitcher-572119,pitcher,572119,Patrick Schuster,132
pitcher-572125,pitcher,572125,Sam Selman,710
pitcher-572140,pitcher,572140,Tyler Skaggs,2965
pitcher-572143,pitcher,572143,Burch Smith,1784
pitcher-572191,pitcher,572191,Michael Taylor,22
pitcher-572193,pitcher,572193,Ryan Tepera,2813
pitcher-572208,pitcher,572208,Ashur Tolliver,103
pitcher-572283,pitcher,572283,Madison Younginer,67
pitcher-572308,pitcher,572308,José Valdez,480
pitcher-572309,pitcher,572309,Kendry Flores,129
pitcher-572362,pitcher,572362,Robbie Erlin,1702
pitcher-572365,pitcher,572365,Ryan Goins,5
pitcher-572383,pitcher,572383,Brian Moran,132
pitcher-572403,pitcher,572403,Drew Verhagen,2383
pitcher-572703,pitcher,572703,Luke Bard,681
pitcher-572728,pitcher,572728,Michael Brady,197
pitcher-572750,pitcher,572750,Eddie Butler,2050
pitcher-572761,pitcher,572761,Matt Carpenter,17
pitcher-572788,pitcher,572788,Tyler Cravy,645
pitcher-572816,pitcher,572816,Corey Dickerson,10
pitcher-572821,pitcher,572821,Brian Dozier,8
pitcher-572831,pitcher,572831,Josh Edgin,393
pitcher-572888,pitcher,572888,Shane Greene,3337
pitcher-572889,pitcher,572889,Nick Greenwood,3
pitcher-572955,pitcher,572955,Pierce Johnson,2874
pitcher-572971,pitcher,572971,Dallas Keuchel,10037
pitcher-572990,pitcher,572990,Pat Light,210
pitcher-572998,pitcher,572998,Josh Lucas,330
pitcher-573009,pitcher,573009,Joe Mantiply,1563
pitcher-573016,pitcher,573016,Kyle Martin,25
pitcher-573046,pitcher,573046,Mike Morin,1199
pitcher-573062,pitcher,573062,Aaron Northcraft,70
pitcher-573064,pitcher,573064,Vidal Nuño,1538
pitcher-573109,pitcher,573109,Aj Ramos,2041
pitcher-573124,pitcher,573124,Taylor Rogers,4680
pitcher-573127,pitcher,573127,Zac Rosscup,619
pitcher-573131,pitcher,573131,Darin Ruf,13
pitcher-573166,pitcher,573166,Murphy Smith,18
pitcher-573185,pitcher,573185,Dan Straily,4718
pitcher-573186,pitcher,573186,Marcus Stroman,11261
pitcher-573188,pitcher,573188,Tyler Sturdevant,116
pitcher-573204,pitcher,573204,Caleb Thielbar,2213
pitcher-573244,pitcher,573244,Adam Wilk,179
pitcher-573262,pitcher,573262,Mike Yastrzemski,31
pitcher-573589,pitcher,573589,Michael Ynoa,620
pitcher-573668,pitcher,573668,Juan Minaya,1570
pitcher-575070,pitcher,575070,Enderson Franco,37
pitcher-576397,pitcher,576397,Jedd Gyorko,17
pitcher-579328,pitcher,579328,Yusei Kikuchi,8226
pitcher-580792,pitcher,580792,Nick Goody,1259
pitcher-582494,pitcher,582494,Robby Scott,536
pitcher-584171,pitcher,584171,Héctor Velázquez,1343
pitcher-591672,pitcher,591672,Osmer Morales,4
pitcher-591693,pitcher,591693,Edubray Ramos,1369
pitcher-591701,pitcher,591701,Alejandro Chacín,71
pitcher-591720,pitcher,591720,Ronald Torreyes,16
pitcher-591741,pitcher,591741,José Osuna,16
pitcher-592091,pitcher,592091,A. J. Achter,358
pitcher-592094,pitcher,592094,Jason Adam,2705
pitcher-592102,pitcher,592102,Cody Allen,2597
pitcher-592120,pitcher,592120,Barrett Astin,76
pitcher-592127,pitcher,592127,Johnny Barbato,421
pitcher-592130,pitcher,592130,Danny Barnes,1059
pitcher-592135,pitcher,592135,Cam Bedrosian,2547
pitcher-592145,pitcher,592145,Jesse Biddle,996
pitcher-592155,pitcher,592155,Cam Booser,590
pitcher-592165,pitcher,592165,Brandon Brennan,433
pitcher-592169,pitcher,592169,Austin Brice,1456
pitcher-592170,pitcher,592170,Parker Bridwell,958
pitcher-592181,pitcher,592181,Danny Burawa,118
pitcher-592222,pitcher,592222,Alex Claudio,2577
pitcher-592229,pitcher,592229,Dylan Covey,2703
pitcher-592233,pitcher,592233,Stefan Crichton,805
pitcher-592238,pitcher,592238,Brandon Cumpton,27
pitcher-592254,pitcher,592254,José De León,680
pitcher-592273,pitcher,592273,Brandon Drury,12
pitcher-592279,pitcher,592279,Jesen Therrien,151
pitcher-592280,pitcher,592280,Ryan Eades,102
pitcher-592288,pitcher,592288,Kent Emanuel,309
pitcher-592314,pitcher,592314,Mike Foltynewicz,6986
pitcher-592329,pitcher,592329,Jason García,284
pitcher-592330,pitcher,592330,Perci Garner,83
pitcher-592332,pitcher,592332,Kevin Gausman,13350
pitcher-592340,pitcher,592340,Erik Goeddel,1093
pitcher-592341,pitcher,592341,David Goforth,273
pitcher-592346,pitcher,592346,Chi Chi González,2502
pitcher-592351,pitcher,592351,Jon Gray,9859
pitcher-592390,pitcher,592390,Heath Hembree,2973
pitcher-592398,pitcher,592398,Taylor Hill,104
pitcher-592407,pitcher,592407,Bryan Holaday,36
pitcher-592419,pitcher,592419,Jared Hoying,7
pitcher-592422,pitcher,592422,Jason Hursh,118
pitcher-592426,pitcher,592426,Luke Jackson,3259
pitcher-592433,pitcher,592433,Tyrell Jenkins,487
pitcher-592454,pitcher,592454,Tommy Kahnle,3165
pitcher-592464,pitcher,592464,Mike Kickham,138
pitcher-592468,pitcher,592468,Nick Kingham,1149
pitcher-592473,pitcher,592473,Adam Kolarek,1166
pitcher-592499,pitcher,592499,Artie Lewicki,430
pitcher-592527,pitcher,592527,Michael Mariot,255
pitcher-592533,pitcher,592533,Cody Martin,517
pitcher-592547,pitcher,592547,Deck Mcguire,483
pitcher-592570,pitcher,592570,Akeel Morris,208
pitcher-592592,pitcher,592592,Brett Nicholas,5
pitcher-592593,pitcher,592593,Justin Nicolino,1565
pitcher-592612,pitcher,592612,Josh Osich,1740
pitcher-592614,pitcher,592614,Dillon Overton,396
pitcher-592644,pitcher,592644,Adam Plutko,2230
pitcher-592662,pitcher,592662,Robbie Ray,12052
pitcher-592665,pitcher,592665,Addison Reed,1892
pitcher-592677,pitcher,592677,C. J. Riefenhauser,123
pitcher-592705,pitcher,592705,Nick Rumbelow,306
pitcher-592712,pitcher,592712,Connor Sadzeck,349
pitcher-592716,pitcher,592716,Adrian Sampson,2266
pitcher-592717,pitcher,592717,Aaron Sanchez,5739
pitcher-592741,pitcher,592741,Chasen Shreve,2992
pitcher-592743,pitcher,592743,Andrelton Simmons,14
pitcher-592753,pitcher,592753,Dan Slania,6
pitcher-592761,pitcher,592761,Caleb Smith,3963
pitcher-592767,pitcher,592767,Drew Smyly,6697
pitcher-592769,pitcher,592769,D. J. Snelten,60
pitcher-592773,pitcher,592773,Ryne Stanek,3733
pitcher-592779,pitcher,592779,Brock Stewart,1547
pitcher-592781,pitcher,592781,Matt Stites,74
pitcher-592789,pitcher,592789,Noah Syndergaard,7047
pitcher-592791,pitcher,592791,Jameson Taillon,9557
pitcher-592804,pitcher,592804,Tyler Thornburg,1588
pitcher-592811,pitcher,592811,Andrew Triggs,1610
pitcher-592815,pitcher,592815,Sam Tuivailala,1092
pitcher-592826,pitcher,592826,Vince Velasquez,6640
pitcher-592831,pitcher,592831,Konner Wade,127
pitcher-592833,pitcher,592833,Bobby Wahl,144
pitcher-592836,pitcher,592836,Taijuan Walker,10433
pitcher-592848,pitcher,592848,Zack Weiss,233
pitcher-592858,pitcher,592858,Rowan Wick,1251
pitcher-592859,pitcher,592859,Stevie Wilkerson,27
pitcher-592865,pitcher,592865,Taylor Williams,898
pitcher-592866,pitcher,592866,Trevor Williams,8329
pitcher-592869,pitcher,592869,Tyler Wilson,1145
pitcher-592872,pitcher,592872,Alex Wimmers,245
pitcher-592879,pitcher,592879,Asher Wojciechowski,1844
pitcher-593140,pitcher,593140,Michael Feliz,2349
pitcher-593144,pitcher,593144,Richard Rodríguez,1797
pitcher-593160,pitcher,593160,Whit Merrifield,4
pitcher-593334,pitcher,593334,Domingo Germán,4190
pitcher-593372,pitcher,593372,Carlos Martínez,6799
pitcher-593417,pitcher,593417,Raúl Alcántara,426
pitcher-593423,pitcher,593423,Frankie Montas,6185
pitcher-593576,pitcher,593576,Héctor Neris,4940
pitcher-593582,pitcher,593582,Abel De Los Santos,68
pitcher-593604,pitcher,593604,Alberto Baldonado,110
pitcher-593619,pitcher,593619,Domingo Tapia,684
pitcher-593643,pitcher,593643,Hanser Alberto,105
pitcher-593679,pitcher,593679,Gabriel Ynoa,1300
pitcher-593833,pitcher,593833,Wander Suero,1660
pitcher-593958,pitcher,593958,Eduardo Rodríguez,11281
pitcher-593969,pitcher,593969,Jayson Aquino,143
pitcher-593974,pitcher,593974,Wandy Peralta,3519
pitcher-594027,pitcher,594027,Tyron Guerrero,1005
pitcher-594056,pitcher,594056,Reymin Guduan,359
pitcher-594311,pitcher,594311,Jandel Gustave,742
pitcher-594577,pitcher,594577,Mike Mayers,2302
pitcher-594580,pitcher,594580,Sam Moll,1670
pitcher-594694,pitcher,594694,Wilmer Difo,33
pitcher-594736,pitcher,594736,Cody Anderson,1159
pitcher-594742,pitcher,594742,Alec Asher,1049
pitcher-594760,pitcher,594760,Aaron Blair,633
pitcher-594762,pitcher,594762,Brett Bochy,22
pitcher-594772,pitcher,594772,Jake Buchanan,210
pitcher-594792,pitcher,594792,Brandon Cunniff,477
pitcher-594795,pitcher,594795,Grant Dayton,863
pitcher-594798,pitcher,594798,Jacob Degrom,10032
pitcher-594809,pitcher,594809,Adam Eaton,11
pitcher-594815,pitcher,594815,Jeff Ferrell,173
pitcher-594824,pitcher,594824,Greg Garcia,5
pitcher-594835,pitcher,594835,Marco Gonzales,7020
pitcher-594838,pitcher,594838,Philip Gosselin,2
pitcher-594840,pitcher,594840,Matt Grace,1331
pitcher-594857,pitcher,594857,Keith Hessler,318
pitcher-594867,pitcher,594867,Myles Jaye,142
pitcher-594902,pitcher,594902,Ben Lively,3400
pitcher-594943,pitcher,594943,Zach Neal,767
pitcher-594951,pitcher,594951,Ryan O'Rourke,419
pitcher-594965,pitcher,594965,Daniel Ponce De Leon,1368
pitcher-594977,pitcher,594977,Kenny Roberts,121
pitcher-594985,pitcher,594985,Ben Rowen,141
pitcher-594986,pitcher,594986,Kyle Ryan,1788
pitcher-594987,pitcher,594987,Casey Sadler,933
pitcher-594992,pitcher,594992,Kevin Shackelford,308
pitcher-595001,pitcher,595001,Josh Smith,1676
pitcher-595014,pitcher,595014,Blake Treinen,3953
pitcher-595032,pitcher,595032,Chase Whitley,654
pitcher-595191,pitcher,595191,Jerad Eickhoff,3839
pitcher-595234,pitcher,595234,Justin Haley,231
pitcher-595235,pitcher,595235,Cody Hall,110
pitcher-595263,pitcher,595263,Mickey Jannis,47
pitcher-595284,pitcher,595284,Andrew Knapp,2
pitcher-595307,pitcher,595307,Seth Maness,770
pitcher-595345,pitcher,595345,Steven Okert,2514
pitcher-595371,pitcher,595371,Chris Rearick,31
pitcher-595411,pitcher,595411,Ryan Sherriff,435
pitcher-595441,pitcher,595441,Matt Tracy,26
pitcher-595465,pitcher,595465,Dan Winkler,1375
pitcher-595798,pitcher,595798,R. J. Alaniz,177
pitcher-595881,pitcher,595881,Tyler Beede,1834
pitcher-595897,pitcher,595897,Nick Burdi,305
pitcher-595918,pitcher,595918,A. J. Cole,1774
pitcher-595928,pitcher,595928,John Curtiss,1095
pitcher-595939,pitcher,595939,Chris Ellis,306
pitcher-595943,pitcher,595943,Phillip Evans,1
pitcher-595978,pitcher,595978,Austin Hedges,73
pitcher-596001,pitcher,596001,Jakob Junis,6981
pitcher-596027,pitcher,596027,Dillon Maples,689
pitcher-596035,pitcher,596035,Reggie Mcclain,240
pitcher-596043,pitcher,596043,Daniel Mengden,2641
pitcher-596049,pitcher,596049,Shawn Morimando,172
pitcher-596056,pitcher,596056,John Nogowski,12
pitcher-596057,pitcher,596057,Daniel Norris,5114
pitcher-596064,pitcher,596064,Henry Owens,766
pitcher-596071,pitcher,596071,Dillon Peters,1724
pitcher-596074,pitcher,596074,Bobby Poyner,279
pitcher-596082,pitcher,596082,Jake Reed,277
pitcher-596101,pitcher,596101,Justin Shafer,491
pitcher-596103,pitcher,596103,Austin Slater,11
pitcher-596112,pitcher,596112,Robert Stephenson,2927
pitcher-596117,pitcher,596117,Garrett Stubbs,64
pitcher-596133,pitcher,596133,Luke Weaver,6227
pitcher-596142,pitcher,596142,Gary Sánchez,12
pitcher-596143,pitcher,596143,Luis Sardiñas,13
pitcher-596271,pitcher,596271,Casey Lawrence,1194
pitcher-596295,pitcher,596295,Austin Gomber,5682
pitcher-596331,pitcher,596331,Nefi Ogando,157
pitcher-596451,pitcher,596451,Roman Quinn,62
pitcher-596720,pitcher,596720,Dovydas Neverauskas,757
pitcher-596816,pitcher,596816,Roberto Gómez,133
pitcher-596825,pitcher,596825,Robel García,15
pitcher-597113,pitcher,597113,Dj Johnson,323
pitcher-598264,pitcher,598264,Matt Barnes,4338
pitcher-598265,pitcher,598265,Jackie Bradley,17
pitcher-598271,pitcher,598271,Brian Johnson,1587
pitcher-598286,pitcher,598286,Nick Ramirez,1356
pitcher-598287,pitcher,598287,Noé Ramirez,2590
pitcher-599683,pitcher,599683,Warwick Saupold,942
pitcher-599998,pitcher,599998,Leonel Campos,304
pitcher-600301,pitcher,600301,Taylor Motter,16
pitcher-600303,pitcher,600303,Tommy La Stella,12
pitcher-600526,pitcher,600526,José Torres,533
pitcher-600858,pitcher,600858,Humberto Arteaga,12
pitcher-600887,pitcher,600887,Miguel Del Pozo,192
pitcher-600917,pitcher,600917,José Leclerc,3321
pitcher-600921,pitcher,600921,Andrés Machado,1217
pitcher-600944,pitcher,600944,David Paulino,424
pitcher-600965,pitcher,600965,Ricardo Rodríguez,160
pitcher-600968,pitcher,600968,Randy Rosario,559
pitcher-600986,pitcher,600986,Thyago Vieira,665
pitcher-601713,pitcher,601713,Nick Pivetta,10256
pitcher-602083,pitcher,602083,Miguel Almonte,180
pitcher-602922,pitcher,602922,José Rondón,3
pitcher-602928,pitcher,602928,Felix Jorge,74
pitcher-605121,pitcher,605121,Justin Anderson,1507
pitcher-605130,pitcher,605130,Scott Barlow,4084
pitcher-605135,pitcher,605135,Chris Bassitt,10511
pitcher-605138,pitcher,605138,Wes Benjamin,412
pitcher-605143,pitcher,605143,Ray Black,379
pitcher-605151,pitcher,605151,Archie Bradley,4402
pitcher-605152,pitcher,605152,Jed Bradley,71
pitcher-605154,pitcher,605154,John Brebbia,3083
pitcher-605155,pitcher,605155,Colten Brewer,1158
pitcher-605156,pitcher,605156,Aaron Brooks,1712
pitcher-605164,pitcher,605164,Dylan Bundy,7297
pitcher-605169,pitcher,605169,Carter Capps,303
pitcher-605170,pitcher,605170,Víctor Caratini,31
pitcher-605177,pitcher,605177,Andrew Chafin,4156
pitcher-605182,pitcher,605182,Mike Clevinger,6952
pitcher-605194,pitcher,605194,Jharel Cotton,1872
pitcher-605195,pitcher,605195,Kyle Crick,1804
pitcher-605200,pitcher,605200,Zach Davies,9509
pitcher-605204,pitcher,605204,J. D. Davis,20
pitcher-605218,pitcher,605218,Carl Edwards,2513
pitcher-605222,pitcher,605222,Jake Esch,110
pitcher-605226,pitcher,605226,Andrew Faulkner,128
pitcher-605228,pitcher,605228,José Fernández,1967
pitcher-605232,pitcher,605232,Brandon Finnegan,2204
pitcher-605240,pitcher,605240,Jace Fry,1336
pitcher-605242,pitcher,605242,Michael Fulmer,5415
pitcher-605254,pitcher,605254,Daniel Gossett,990
pitcher-605255,pitcher,605255,Brett Graves,267
pitcher-605260,pitcher,605260,Taylor Guerrieri,355
pitcher-605276,pitcher,605276,David Hess,1798
pitcher-605280,pitcher,605280,Clay Holmes,4489
pitcher-605288,pitcher,605288,Adrian Houser,6271
pitcher-605301,pitcher,605301,Williams Jerez,260
pitcher-605304,pitcher,605304,Erik Johnson,627
pitcher-605309,pitcher,605309,Keone Kela,2027
pitcher-605317,pitcher,605317,Guido Knudson,57
pitcher-605333,pitcher,605333,Jack Leathersich,197
pitcher-605335,pitcher,605335,Brandon Leibrandt,128
pitcher-605338,pitcher,605338,Jacob Lindgren,54
pitcher-605347,pitcher,605347,Jorge López,4806
pitcher-605359,pitcher,605359,Evan Marshall,1192
pitcher-605361,pitcher,605361,Nick Martini,13
pitcher-605374,pitcher,605374,Andrew Mckirahan,224
pitcher-605388,pitcher,605388,Adam Morgan,2929
pitcher-605396,pitcher,605396,Colton Murray,351
pitcher-605397,pitcher,605397,Joe Musgrove,8025
pitcher-605400,pitcher,605400,Aaron Nola,13916
pitcher-605428,pitcher,605428,Max Povse,50
pitcher-605441,pitcher,605441,Yacksel Ríos,851
pitcher-605446,pitcher,605446,Dereck Rodríguez,1994
pitcher-605447,pitcher,605447,Jordan Romano,2120
pitcher-605452,pitcher,605452,Joe Ross,4592
pitcher-605463,pitcher,605463,Tayler Scott,1451
pitcher-605469,pitcher,605469,Chandler Shepherd,158
pitcher-605476,pitcher,605476,Carson Smith,811
pitcher-605477,pitcher,605477,Chad Smith,25
pitcher-605479,pitcher,605479,Josh Smith,195
pitcher-605482,pitcher,605482,Cy Sneed,325
pitcher-605483,pitcher,605483,Blake Snell,10282
pitcher-605486,pitcher,605486,Cory Spangenberg,23
pitcher-605488,pitcher,605488,Jeffrey Springs,4168
pitcher-605498,pitcher,605498,Andrew Suárez,1908
pitcher-605501,pitcher,605501,Stephen Tarpley,493
pitcher-605507,pitcher,605507,Zach Thompson,1684
pitcher-605513,pitcher,605513,Spencer Turnbull,3232
pitcher-605521,pitcher,605521,Art Warren,535
pitcher-605525,pitcher,605525,J. B. Wendelken,1328
pitcher-605528,pitcher,605528,Jason Wheeler,29
pitcher-605538,pitcher,605538,Matt Wisler,4099
pitcher-605540,pitcher,605540,Brandon Woodruff,5824
pitcher-605541,pitcher,605541,Mike Wright,2533
pitcher-605612,pitcher,605612,Harold Castro,60
pitcher-605795,pitcher,605795,Ángel Sánchez,94
pitcher-605894,pitcher,605894,Severino González,549
pitcher-606115,pitcher,606115,Orlando Arcia,20
pitcher-606131,pitcher,606131,Luis Perdomo,3741
pitcher-606149,pitcher,606149,Giovanny Gallegos,2445
pitcher-606160,pitcher,606160,Rafael Montero,4344
pitcher-606162,pitcher,606162,Yefry Ramírez,873
pitcher-606167,pitcher,606167,Adalberto Mejía,1384
pitcher-606213,pitcher,606213,Yermín Mercedes,21
pitcher-606273,pitcher,606273,Roenis Elías,1883
pitcher-606291,pitcher,606291,Mauricio Cabrera,313
pitcher-606299,pitcher,606299,José Peraza,14
pitcher-606303,pitcher,606303,Joel Payamps,2230
pitcher-606424,pitcher,606424,Jarlín García,2537
pitcher-606478,pitcher,606478,Pedro Araújo,277
pitcher-606625,pitcher,606625,Reyes Moronta,1601
pitcher-606930,pitcher,606930,Jacob Barnes,2826
pitcher-606944,pitcher,606944,Cody Carroll,235
pitcher-606959,pitcher,606959,Rookie Davis,370
pitcher-606965,pitcher,606965,Chris Devenski,3283
pitcher-606983,pitcher,606983,Koda Glover,454
pitcher-606993,pitcher,606993,Jake Hager,10
pitcher-606995,pitcher,606995,Justin Hancock,118
pitcher-606996,pitcher,606996,Kyle Hart,525
pitcher-607030,pitcher,607030,Adam Mccreery,16
pitcher-607054,pitcher,607054,Jace Peterson,70
pitcher-607067,pitcher,607067,Colin Rea,5108
pitcher-607068,pitcher,607068,Chris Reed,31
pitcher-607074,pitcher,607074,Carlos Rodón,10875
pitcher-607162,pitcher,607162,Onelki García,71
pitcher-607179,pitcher,607179,Jordan Weems,1426
pitcher-607188,pitcher,607188,Jake Faria,1906
pitcher-607192,pitcher,607192,Tyler Glasnow,6228
pitcher-607200,pitcher,607200,Erick Fedde,7307
pitcher-607215,pitcher,607215,Eric Skoglund,930
pitcher-607216,pitcher,607216,Joey Krehbiel,652
pitcher-607219,pitcher,607219,Sal Romano,2355
pitcher-607223,pitcher,607223,A. J. Reed,6
pitcher-607229,pitcher,607229,Robert Gsellman,2995
pitcher-607231,pitcher,607231,John Gant,3205
pitcher-607237,pitcher,607237,Amir Garrett,2941
pitcher-607259,pitcher,607259,Nick Martínez,6363
pitcher-607309,pitcher,607309,Phil Klein,370
pitcher-607320,pitcher,607320,Ryan Merritt,241
pitcher-607352,pitcher,607352,Joe Biagini,2733
pitcher-607359,pitcher,607359,Spencer Patton,1009
pitcher-607374,pitcher,607374,Nick Tropeano,1927
pitcher-607387,pitcher,607387,Ryan Rua,2
pitcher-607391,pitcher,607391,Chris Mazza,674
pitcher-607405,pitcher,607405,John Cornely,13
pitcher-607455,pitcher,607455,Anthony Banda,1944
pitcher-607457,pitcher,607457,Kyle Barraclough,2810
pitcher-607461,pitcher,607461,Matt Beaty,13
pitcher-607468,pitcher,607468,Alex Blandino,46
pitcher-607473,pitcher,607473,Chase Bradford,726
pitcher-607481,pitcher,607481,Aaron Bummer,3591
pitcher-607536,pitcher,607536,Kyle Freeland,10047
pitcher-607555,pitcher,607555,Taylor Guilbeau,173
pitcher-607560,pitcher,607560,Ryne Harper,872
pitcher-607572,pitcher,607572,Sam Howard,847
pitcher-607609,pitcher,607609,A. J. Ladwig,17
pitcher-607625,pitcher,607625,Seth Lugo,8205
pitcher-607644,pitcher,607644,John Means,3225
pitcher-607680,pitcher,607680,Kevin Pillar,3
pitcher-607706,pitcher,607706,Michael Roth,45
pitcher-607727,pitcher,607727,Jake Smith,31
pitcher-607732,pitcher,607732,Jacob Stallings,54
pitcher-607755,pitcher,607755,Andrew Vasquez,648
pitcher-607951,pitcher,607951,Jairo Labourt,65
pitcher-607968,pitcher,607968,Drew Rucinski,587
pitcher-608032,pitcher,608032,Carlos Estévez,3982
pitcher-608167,pitcher,608167,Jonathan Aro,92
pitcher-608328,pitcher,608328,Chase De Jong,1602
pitcher-608331,pitcher,608331,Max Fried,8555
pitcher-608334,pitcher,608334,Carson Fulmer,2311
pitcher-608335,pitcher,608335,Kyle Funkhouser,777
pitcher-608337,pitcher,608337,Lucas Giolito,9567
pitcher-608344,pitcher,608344,Cole Irvin,4289
pitcher-608348,pitcher,608348,Carson Kelly,65
pitcher-608349,pitcher,608349,Corey Knebel,2779
pitcher-608371,pitcher,608371,Lucas Sims,3030
pitcher-608372,pitcher,608372,Tomoyuki Sugano,1291
pitcher-608379,pitcher,608379,Michael Wacha,11383
pitcher-608566,pitcher,608566,Germán Márquez,8670
pitcher-608596,pitcher,608596,Tom Murphy,16
pitcher-608601,pitcher,608601,Luis Santos,323
pitcher-608638,pitcher,608638,J. T. Chargois,1879
pitcher-608641,pitcher,608641,Tim Cooney,254
pitcher-608648,pitcher,608648,Tyler Duffey,4024
pitcher-608650,pitcher,608650,Dietrich Enns,516
pitcher-608652,pitcher,608652,Luke Farrell,1027
pitcher-608654,pitcher,608654,Johnny Field,10
pitcher-608665,pitcher,608665,Kendall Graveman,5749
pitcher-608671,pitcher,608671,Travis Jankowski,6
pitcher-608678,pitcher,608678,Dominic Leone,2753
pitcher-608686,pitcher,608686,Jack Mayfield,11
pitcher-608700,pitcher,608700,Kevin Plawecki,55
pitcher-608703,pitcher,608703,Matt Reynolds,6
pitcher-608716,pitcher,608716,Drew Steckenrider,1660
pitcher-608717,pitcher,608717,Chris Stratton,5385
pitcher-608718,pitcher,608718,Brent Suter,4796
pitcher-608723,pitcher,608723,Austin Voth,3046
pitcher-611093,pitcher,611093,Silvino Bracho,813
pitcher-612272,pitcher,612272,Raudel Lazo,53
pitcher-612434,pitcher,612434,Miguel Castro,4156
pitcher-612672,pitcher,612672,Wei-Yin Chen,4288
pitcher-613317,pitcher,613317,Kyle Bird,138
pitcher-613534,pitcher,613534,Austin Adams,1626
pitcher-613564,pitcher,613564,Jason Vosler,7
pitcher-614177,pitcher,614177,Franmil Reyes,6
pitcher-614179,pitcher,614179,José Ruiz,2440
pitcher-615698,pitcher,615698,Cal Quantrill,6898
pitcher-615868,pitcher,615868,Gerardo Concepción,23
pitcher-617228,pitcher,617228,Hirokazu Sawamura,867
pitcher-620396,pitcher,620396,Miguel Aguilar,49
pitcher-620443,pitcher,620443,Luis Torrens,30
pitcher-620445,pitcher,620445,José Mujica,38
pitcher-620446,pitcher,620446,Richard Ureña,15
pitcher-620454,pitcher,620454,José Castillo,638
pitcher-620982,pitcher,620982,Ricardo Pinto,409
pitcher-621002,pitcher,621002,Daniel Robertson,12
pitcher-621005,pitcher,621005,Tim Lopes,5
pitcher-621011,pitcher,621011,Max Schrock,18
pitcher-621016,pitcher,621016,José Cuas,1171
pitcher-621028,pitcher,621028,Kevin Newman,13
pitcher-621044,pitcher,621044,Jesmuel Valentín,20
pitcher-621051,pitcher,621051,Steven Wilson,1744
pitcher-621052,pitcher,621052,Alex Reyes,1324
pitcher-621053,pitcher,621053,Tyler Ferguson,920
pitcher-621056,pitcher,621056,Hunter Wood,731
pitcher-621057,pitcher,621057,Justin Garza,509
pitcher-621058,pitcher,621058,Andrew Moore,488
pitcher-621074,pitcher,621074,Michael Rucker,1063
pitcher-621076,pitcher,621076,James Kaprielian,2745
pitcher-621078,pitcher,621078,Brady Lail,192
pitcher-621079,pitcher,621079,Collin Wiles,74
pitcher-621082,pitcher,621082,Jacob Lemoine,178
pitcher-621086,pitcher,621086,James Marvel,153
pitcher-621094,pitcher,621094,Jamie Callahan,41
pitcher-621097,pitcher,621097,Jacob Waguespack,966
pitcher-621098,pitcher,621098,Eric Hanhold,116
pitcher-621107,pitcher,621107,Zach Eflin,8119
pitcher-621111,pitcher,621111,Walker Buehler,6681
pitcher-621112,pitcher,621112,Paul Blackburn,4075
pitcher-621114,pitcher,621114,Ryan Burr,952
pitcher-621121,pitcher,621121,Lance Mccullers,7045
pitcher-621129,pitcher,621129,Kyle Cody,304
pitcher-621139,pitcher,621139,Brooks Kriske,415
pitcher-621141,pitcher,621141,Walker Lockett,456
pitcher-621142,pitcher,621142,Ty Buttrey,955
pitcher-621199,pitcher,621199,Matthew Bowman,2119
pitcher-621209,pitcher,621209,Jon Moscot,331
pitcher-621219,pitcher,621219,Alec Mills,2136
pitcher-621237,pitcher,621237,José Alvarado,3336
pitcher-621242,pitcher,621242,Edwin Díaz,4081
pitcher-621244,pitcher,621244,José Berríos,12678
pitcher-621248,pitcher,621248,Ralph Garza,523
pitcher-621249,pitcher,621249,Duane Underwood,1517
pitcher-621259,pitcher,621259,Brody Koerner,34
pitcher-621261,pitcher,621261,Corey Oswalt,761
pitcher-621281,pitcher,621281,Tyler Wagner,193
pitcher-621289,pitcher,621289,Jaime Schultz,368
pitcher-621290,pitcher,621290,Dakota Bacus,113
pitcher-621294,pitcher,621294,Ben Heller,599
pitcher-621295,pitcher,621295,Nick Wittgren,2792
pitcher-621345,pitcher,621345,A. J. Minter,2864
pitcher-621348,pitcher,621348,Sam Clay,481
pitcher-621350,pitcher,621350,Caleb Frare,96
pitcher-621363,pitcher,621363,Colin Poche,1703
pitcher-621366,pitcher,621366,Ryan Borucki,2096
pitcher-621368,pitcher,621368,Taylor Hearn,2127
pitcher-621381,pitcher,621381,Matt Strahm,4104
pitcher-621383,pitcher,621383,Tanner Banks,2046
pitcher-621385,pitcher,621385,Daniel Stumpf,1027
pitcher-621389,pitcher,621389,Ty Blach,4157
pitcher-621397,pitcher,621397,Tyler Olson,796
pitcher-621399,pitcher,621399,Brady Feigl,21
pitcher-621408,pitcher,621408,Matt Marksberry,250
pitcher-621433,pitcher,621433,Brett Phillips,50
pitcher-621500,pitcher,621500,Wyatt Mathisen,4
pitcher-621512,pitcher,621512,Tomás Nido,3
pitcher-621532,pitcher,621532,Anthony Bemboom,19
pitcher-621550,pitcher,621550,Patrick Wisdom,5
pitcher-621592,pitcher,621592,Eduardo Jiménez,95
pitcher-621593,pitcher,621593,Anthony Castro,383
pitcher-621962,pitcher,621962,Ian Thomas,216
pitcher-622065,pitcher,622065,Alex Young,2192
pitcher-622072,pitcher,622072,Alex Wood,8311
pitcher-622075,pitcher,622075,Yency Almonte,1925
pitcher-622088,pitcher,622088,Tejay Antone,716
pitcher-622092,pitcher,622092,Kyle Zimmer,887
pitcher-622097,pitcher,622097,Jake Thompson,1077
pitcher-622098,pitcher,622098,Drew Smith,1632
pitcher-622103,pitcher,622103,Gerardo Reyes,383
pitcher-622110,pitcher,622110,Matt Duffy,15
pitcher-622161,pitcher,622161,Eduardo Paredes,339
pitcher-622217,pitcher,622217,Chris O'Grady,376
pitcher-622250,pitcher,622250,Josh Sborz,1375
pitcher-622251,pitcher,622251,Josh Staumont,1792
pitcher-622253,pitcher,622253,Dillon Tate,1801
pitcher-622256,pitcher,622256,Patrick Weigel,81
pitcher-622259,pitcher,622259,Trey Wingenter,836
pitcher-622268,pitcher,622268,Donovan Walton,20
pitcher-622379,pitcher,622379,Luis Castillo,118
pitcher-622382,pitcher,622382,Gabriel Moya,358
pitcher-622446,pitcher,622446,Jefry Rodríguez,1091
pitcher-622490,pitcher,622490,Robinson Leyer,89
pitcher-622491,pitcher,622491,Luis Castillo,11296
pitcher-622492,pitcher,622492,Keury Mella,266
pitcher-622503,pitcher,622503,Nabil Crismatt,1663
pitcher-622505,pitcher,622505,Victor Alcántara,580
pitcher-622554,pitcher,622554,Seranthony Domínguez,2593
pitcher-622569,pitcher,622569,Pablo Reyes,55
pitcher-622608,pitcher,622608,Antonio Senzatela,7027
pitcher-622663,pitcher,622663,Luis Severino,8721
pitcher-622694,pitcher,622694,Elieser Hernández,2560
pitcher-622703,pitcher,622703,Ronald Herrera,21
pitcher-622761,pitcher,622761,Jorge Mateo,20
pitcher-622766,pitcher,622766,Miguel Díaz,1153
pitcher-622772,pitcher,622772,Jimmy Cordero,869
pitcher-622774,pitcher,622774,José Fernández,129
pitcher-622780,pitcher,622780,Ángel Perdomo,538
pitcher-622783,pitcher,622783,Sandy Báez,143
pitcher-622786,pitcher,622786,Jesús Tinoco,1070
pitcher-622795,pitcher,622795,Yohander Méndez,454
pitcher-622797,pitcher,622797,Pedro Payano,226
pitcher-622864,pitcher,622864,Fernando Romero,621
pitcher-623149,pitcher,623149,Paul Sewald,3345
pitcher-623167,pitcher,623167,Chris Flexen,5726
pitcher-623168,pitcher,623168,Tyler Heineman,27
pitcher-623184,pitcher,623184,Scott Oberg,2029
pitcher-623211,pitcher,623211,Huascar Brazobán,1712
pitcher-623352,pitcher,623352,Josh Hader,3958
pitcher-623354,pitcher,623354,Daniel Zamora,206
pitcher-623364,pitcher,623364,Brad Wieck,561
pitcher-623381,pitcher,623381,Thomas Pannone,1028
pitcher-623395,pitcher,623395,Brian Ellington,934
pitcher-623402,pitcher,623402,Tim Peterson,256
pitcher-623406,pitcher,623406,Shae Simmons,123
pitcher-623430,pitcher,623430,Ryan Dull,1437
pitcher-623433,pitcher,623433,Nick Anderson,1291
pitcher-623434,pitcher,623434,Mike Hauschild,145
pitcher-623437,pitcher,623437,Justin Topa,1238
pitcher-623439,pitcher,623439,Ryan Garton,556
pitcher-623451,pitcher,623451,Jackson Stephens,1118
pitcher-623454,pitcher,623454,Drew Anderson,402
pitcher-623465,pitcher,623465,Evan Phillips,2131
pitcher-623470,pitcher,623470,Jake Newberry,661
pitcher-623474,pitcher,623474,Jimmy Herget,1943
pitcher-623485,pitcher,623485,Ashton Goudeau,518
pitcher-623507,pitcher,623507,Josh Lester,10
pitcher-623520,pitcher,623520,David Bote,8
pitcher-623913,pitcher,623913,Wei-Chung Wang,286
pitcher-624133,pitcher,624133,Ranger Suarez,6145
pitcher-624407,pitcher,624407,Tzu-Wei Lin,10
pitcher-624414,pitcher,624414,Christian Arroyo,10
pitcher-624418,pitcher,624418,Ryan Castellani,467
pitcher-624427,pitcher,624427,Stephen Gonsalves,315
pitcher-624431,pitcher,624431,Jose Trevino,43
pitcher-624503,pitcher,624503,Nick Gordon,52
pitcher-624512,pitcher,624512,Reese Mcguire,14
pitcher-624522,pitcher,624522,Keegan Thompson,1975
pitcher-624586,pitcher,624586,James Hoyt,848
pitcher-624636,pitcher,624636,Carlos Tocci,5
pitcher-624647,pitcher,624647,Victor González,889
pitcher-625643,pitcher,625643,Reynaldo López,6690
pitcher-626929,pitcher,626929,Lewis Thorpe,520
pitcher-627262,pitcher,627262,Chris Smith,40
pitcher-627500,pitcher,627500,Jen-Ho Tseng,66
pitcher-627894,pitcher,627894,Luiz Gohara,365
pitcher-628317,pitcher,628317,Kenta Maeda,7920
pitcher-628318,pitcher,628318,Kazuhisa Makita,226
pitcher-628333,pitcher,628333,Odrisamer Despaigne,2380
pitcher-628345,pitcher,628345,Darién Núñez,60
pitcher-628452,pitcher,628452,Raisel Iglesias,5492
pitcher-628708,pitcher,628708,Yunior Marte,1032
pitcher-628711,pitcher,628711,Julio Urías,5470
pitcher-629496,pitcher,629496,Chih-Wei Hu,189
pitcher-629498,pitcher,629498,Johan Quezada,50
pitcher-630023,pitcher,630023,Yonny Chirinos,2576
pitcher-630105,pitcher,630105,Jake Cronenworth,3
pitcher-630263,pitcher,630263,James Bourque,60
pitcher-635903,pitcher,635903,Chris Rowley,164
pitcher-639373,pitcher,639373,Gerson Bautista,153
pitcher-640444,pitcher,640444,Wil Crowe,1994
pitcher-640447,pitcher,640447,Phil Ervin,1
pitcher-640448,pitcher,640448,Kyle Finnegan,2761
pitcher-640451,pitcher,640451,Hunter Harvey,1470
pitcher-640454,pitcher,640454,Matt Krook,108
pitcher-640455,pitcher,640455,Sean Manaea,9616
pitcher-640461,pitcher,640461,Chad Pinder,16
pitcher-640462,pitcher,640462,A. J. Puk,1883
pitcher-640463,pitcher,640463,Braden Shipley,920
pitcher-640464,pitcher,640464,Kohl Stewart,668
pitcher-640470,pitcher,640470,Adbert Alzolay,1967
pitcher-640902,pitcher,640902,Jhonny Pereda,41
pitcher-641149,pitcher,641149,Wes Parsons,478
pitcher-641154,pitcher,641154,Pablo López,7328
pitcher-641302,pitcher,641302,Tyler Alexander,4234
pitcher-641312,pitcher,641312,Shaun Anderson,1369
pitcher-641329,pitcher,641329,Bryan Baker,1742
pitcher-641341,pitcher,641341,Tyler Bashlor,544
pitcher-641343,pitcher,641343,Jake Bauers,81
pitcher-641360,pitcher,641360,Phil Bickford,1569
pitcher-641384,pitcher,641384,Akeem Bostick,9
pitcher-641386,pitcher,641386,Ben Bowden,434
pitcher-641394,pitcher,641394,Jake Brentz,681
pitcher-641401,pitcher,641401,Connor Brogdon,1564
pitcher-641420,pitcher,641420,Zack Burdi,198
pitcher-641427,pitcher,641427,Alan Busenitz,577
pitcher-641438,pitcher,641438,Shane Carle,551
pitcher-641447,pitcher,641447,Daniel Castano,678
pitcher-641482,pitcher,641482,Néstor Cortés,5054
pitcher-641490,pitcher,641490,Kyle Crockett,390
pitcher-641501,pitcher,641501,Tyler Danish,519
pitcher-641513,pitcher,641513,Travis Demeritte,8
pitcher-641525,pitcher,641525,Brandon Dixon,26
pitcher-641531,pitcher,641531,Hunter Dozier,14
pitcher-641540,pitcher,641540,Dane Dunning,5069
pitcher-641541,pitcher,641541,Jon Duplantier,500
pitcher-641571,pitcher,641571,Heath Fillmyer,944
pitcher-641576,pitcher,641576,Bernardo Flores,18
pitcher-641582,pitcher,641582,Matt Foster,981
pitcher-641585,pitcher,641585,J. P. France,1447
pitcher-641598,pitcher,641598,Mitch Garver,7
pitcher-641627,pitcher,641627,Trevor Gott,2190
pitcher-641632,pitcher,641632,Conner Greene,203
pitcher-641645,pitcher,641645,Luis Guillorme,38
pitcher-641656,pitcher,641656,Ian Hamilton,1185
pitcher-641658,pitcher,641658,Garrett Hampson,7
pitcher-641672,pitcher,641672,Thomas Hatch,817
pitcher-641682,pitcher,641682,Ryan Hendrix,376
pitcher-641703,pitcher,641703,Brent Honeywell,825
pitcher-641712,pitcher,641712,Dakota Hudson,4746
pitcher-641726,pitcher,641726,Daulton Jefferies,580
pitcher-641729,pitcher,641729,Joe Jiménez,3240
pitcher-641739,pitcher,641739,Rob Kaminsky,49
pitcher-641743,pitcher,641743,Anthony Kay,782
pitcher-641745,pitcher,641745,Brad Keller,6643
pitcher-641755,pitcher,641755,Tyler Kinley,2648
pitcher-641771,pitcher,641771,Chad Kuhl,6222
pitcher-641778,pitcher,641778,Eric Lauer,5990
pitcher-641793,pitcher,641793,Zack Littell,4366
pitcher-641816,pitcher,641816,Tyler Mahle,6596
pitcher-641835,pitcher,641835,Tim Mayza,2655
pitcher-641838,pitcher,641838,Kevin Mccarthy,1360
pitcher-641850,pitcher,641850,Kevin Mcgowan,80
pitcher-641851,pitcher,641851,Kyle Mcgowin,598
pitcher-641853,pitcher,641853,David Mckay,358
pitcher-641871,pitcher,641871,Keynan Middleton,1524
pitcher-641907,pitcher,641907,Patrick Murphy,375
pitcher-641914,pitcher,641914,Sheldon Neuse,18
pitcher-641927,pitcher,641927,Bailey Ober,4508
pitcher-641941,pitcher,641941,Emilio Pagán,3627
pitcher-641962,pitcher,641962,Cd Pelham,71
pitcher-641995,pitcher,641995,Roel Ramírez,24
pitcher-642003,pitcher,642003,Cody Reed,1259
pitcher-642008,pitcher,642008,Jacob Rhame,388
pitcher-642016,pitcher,642016,Daniel Robert,190
pitcher-642028,pitcher,642028,Josh Rogers,809
pitcher-642048,pitcher,642048,Tayler Saucedo,1078
pitcher-642060,pitcher,642060,Cody Sedlock,31
pitcher-642067,pitcher,642067,Mike Shawaryn,236
pitcher-642068,pitcher,642068,Jordan Sheffield,250
pitcher-642073,pitcher,642073,James Sherfy,556
pitcher-642083,pitcher,642083,Aaron Slegers,674
pitcher-642086,pitcher,642086,Dominic Smith,13
pitcher-642092,pitcher,642092,Riley Smith,687
pitcher-642098,pitcher,642098,Glenn Sparkman,1508
pitcher-642100,pitcher,642100,Gabe Speier,1333
pitcher-642121,pitcher,642121,Cole Sulser,1395
pitcher-642130,pitcher,642130,Blake Taylor,738
pitcher-642133,pitcher,642133,Rowdy Tellez,39
pitcher-642152,pitcher,642152,Lou Trivino,2701
pitcher-642162,pitcher,642162,Pat Valaika,1
pitcher-642165,pitcher,642165,Josh Vanmeter,36
pitcher-642180,pitcher,642180,Tyler Wade,13
pitcher-642203,pitcher,642203,Taylor Widener,963
pitcher-642207,pitcher,642207,Devin Williams,2603
pitcher-642215,pitcher,642215,Weston Wilson,24
pitcher-642216,pitcher,642216,Allan Winans,421
pitcher-642226,pitcher,642226,Matt Wotherspoon,50
pitcher-642229,pitcher,642229,Daniel Wright,513
pitcher-642231,pitcher,642231,Jimmy Yacabonis,1334
pitcher-642232,pitcher,642232,Ryan Yarbrough,6425
pitcher-642233,pitcher,642233,Eric Yardley,494
pitcher-642239,pitcher,642239,Rob Zastryzny,750
pitcher-642336,pitcher,642336,Francisco Mejía,13
pitcher-642397,pitcher,642397,Gregory Soto,3347
pitcher-642520,pitcher,642520,Gerson Garabito,320
pitcher-642528,pitcher,642528,Jonathan Loáisiga,1919
pitcher-642545,pitcher,642545,Jaime Barría,3832
pitcher-642546,pitcher,642546,Jonathan Hernández,1392
pitcher-642547,pitcher,642547,Freddy Peralta,8239
pitcher-642558,pitcher,642558,Ariel Jurado,1546
pitcher-642564,pitcher,642564,Francis Martes,531
pitcher-642571,pitcher,642571,Merandy González,235
pitcher-642578,pitcher,642578,José Rodríguez,204
pitcher-642584,pitcher,642584,Franklyn Kilome,124
pitcher-642585,pitcher,642585,Félix Bautista,1257
pitcher-642607,pitcher,642607,Dario Agrazal,589
pitcher-642629,pitcher,642629,Emmanuel Ramirez,185
pitcher-642657,pitcher,642657,Cristofer Ogando,40
pitcher-642659,pitcher,642659,Raynel Espinal,52
pitcher-642701,pitcher,642701,Dennis Santana,2299
pitcher-642708,pitcher,642708,Amed Rosario,15
pitcher-642727,pitcher,642727,Sergio Alcántara,1
pitcher-642758,pitcher,642758,Domingo Acevedo,595
pitcher-642759,pitcher,642759,Julian Fernández,98
pitcher-642770,pitcher,642770,Javy Guerra,603
pitcher-642834,pitcher,642834,Jonathan Bermúdez,66
pitcher-642840,pitcher,642840,Joe Harvey,224
pitcher-642851,pitcher,642851,Austin Wynns,19
pitcher-643230,pitcher,643230,Steven Brault,3303
pitcher-643256,pitcher,643256,Adam Cimber,2304
pitcher-643290,pitcher,643290,Justin Dunn,1274
pitcher-643297,pitcher,643297,Cody Ege,114
pitcher-643316,pitcher,643316,Paul Fry,1761
pitcher-643320,pitcher,643320,Nick Gardewine,111
pitcher-643325,pitcher,643325,Chad Girodo,81
pitcher-643327,pitcher,643327,Zack Godley,4726
pitcher-643329,pitcher,643329,Brad Goldberg,147
pitcher-643338,pitcher,643338,Chad Green,3928
pitcher-643354,pitcher,643354,Donnie Hart,787
pitcher-643355,pitcher,643355,Steve Hathaway,152
pitcher-643361,pitcher,643361,Kevin Herget,445
pitcher-643377,pitcher,643377,Griffin Jax,2742
pitcher-643396,pitcher,643396,Isiah Kiner-Falefa,37
pitcher-643400,pitcher,643400,Dusten Knight,189
pitcher-643410,pitcher,643410,Mark Leiter,3048
pitcher-643414,pitcher,643414,Kyle Lloyd,45
pitcher-643466,pitcher,643466,Harrison Musgrave,469
pitcher-643478,pitcher,643478,Joe Palumbo,211
pitcher-643493,pitcher,643493,Austin Pruitt,2335
pitcher-643511,pitcher,643511,Tyler Rogers,2990
pitcher-643524,pitcher,643524,Frank Schwindel,16
pitcher-643532,pitcher,643532,Sterling Sharp,65
pitcher-643550,pitcher,643550,Layne Somsen,28
pitcher-643565,pitcher,643565,Mike Tauchman,10
pitcher-643603,pitcher,643603,Tyler White,80
pitcher-643615,pitcher,643615,T. J. Zeuch,595
pitcher-643617,pitcher,643617,Zac Reininger,597
pitcher-643778,pitcher,643778,Tyler Webb,1069
pitcher-644364,pitcher,644364,Víctor Arano,825
pitcher-644374,pitcher,644374,Yu Chang,8
pitcher-644428,pitcher,644428,Troy Scribner,261
pitcher-644429,pitcher,644429,Anderson Severino,75
pitcher-645261,pitcher,645261,Sandy Alcántara,7645
pitcher-645305,pitcher,645305,Ali Sánchez,7
pitcher-645307,pitcher,645307,Ricardo Sánchez,65
pitcher-645444,pitcher,645444,José Herrera,35
pitcher-645801,pitcher,645801,Mike Ford,58
pitcher-646241,pitcher,646241,Enmanuel De Jesus,64
pitcher-646242,pitcher,646242,Jhonathan Díaz,435
pitcher-647315,pitcher,647315,Zach Pop,1243
pitcher-647336,pitcher,647336,Michael Soroka,3410
pitcher-647351,pitcher,647351,Abraham Toro,6
pitcher-648737,pitcher,648737,Dalier Hinojosa,291
pitcher-649144,pitcher,649144,Alex Wells,450
pitcher-650204,pitcher,650204,Norge Ruíz,167
pitcher-650339,pitcher,650339,Jermaine Palacios,2
pitcher-650347,pitcher,650347,Luís Madero,116
pitcher-650382,pitcher,650382,Darwinzon Hernández,1008
pitcher-650489,pitcher,650489,Willi Castro,33
pitcher-650496,pitcher,650496,J. C. Mejía,643
pitcher-650530,pitcher,650530,Bryan Garcia,755
pitcher-650556,pitcher,650556,Bryan Abreu,2893
pitcher-650633,pitcher,650633,Mike King,4353
pitcher-650644,pitcher,650644,Aaron Civale,6204
pitcher-650668,pitcher,650668,Humberto Mejía,300
pitcher-650671,pitcher,650671,José Quijada,1275
pitcher-650738,pitcher,650738,Adonis Rosa,16
pitcher-650813,pitcher,650813,Luis Escobar,50
pitcher-650828,pitcher,650828,Edgar Santana,890
pitcher-650893,pitcher,650893,Génesis Cabrera,2644
pitcher-650895,pitcher,650895,Diego Castillo,2261
pitcher-650907,pitcher,650907,René Pinto,15
pitcher-650911,pitcher,650911,Cristopher Sánchez,3789
pitcher-650959,pitcher,650959,Marcos Diplán,336
pitcher-650960,pitcher,650960,Daniel Duarte,350
pitcher-655889,pitcher,655889,Manuel Rodríguez,743
pitcher-656004,pitcher,656004,Carlos Sanabria,32
pitcher-656008,pitcher,656008,Aneurys Zabala,18
pitcher-656061,pitcher,656061,Albert Abreu,1297
pitcher-656186,pitcher,656186,Dan Altavilla,1254
pitcher-656212,pitcher,656212,Charlie Barnes,348
pitcher-656222,pitcher,656222,Jalen Beeks,3296
pitcher-656232,pitcher,656232,Brandon Bielak,1812
pitcher-656234,pitcher,656234,Jake Bird,2018
pitcher-656240,pitcher,656240,Scott Blewett,561
pitcher-656257,pitcher,656257,Jeff Brigham,1117
pitcher-656266,pitcher,656266,J. B. Bukauskas,232
pitcher-656271,pitcher,656271,Brock Burke,2061
pitcher-656288,pitcher,656288,Griffin Canning,4896
pitcher-656290,pitcher,656290,Drew Carlton,243
pitcher-656302,pitcher,656302,Dylan Cease,8935
pitcher-656322,pitcher,656322,Sam Coonrod,944
pitcher-656353,pitcher,656353,Tucker Davidson,1107
pitcher-656354,pitcher,656354,Austin Davis,1493
pitcher-656382,pitcher,656382,Tommy Doyle,204
pitcher-656412,pitcher,656412,Alex Faedo,1504
pitcher-656420,pitcher,656420,J. P. Feyereisen,830
pitcher-656427,pitcher,656427,Jack Flaherty,8621
pitcher-656457,pitcher,656457,Tyler Gilbert,1192
pitcher-656458,pitcher,656458,Lucas Gilbreath,839
pitcher-656464,pitcher,656464,Kevin Ginkel,2202
pitcher-656492,pitcher,656492,Foster Griffin,71
pitcher-656529,pitcher,656529,Sam Hentges,1677
pitcher-656546,pitcher,656546,Jeff Hoffman,4517
pitcher-656547,pitcher,656547,Jonathan Holder,1412
pitcher-656548,pitcher,656548,Jordan Holloway,408
pitcher-656550,pitcher,656550,Grant Holmes,1388
pitcher-656557,pitcher,656557,Tanner Houck,3910
pitcher-656577,pitcher,656577,Alex Jackson,15
pitcher-656578,pitcher,656578,Andre Jackson,645
pitcher-656605,pitcher,656605,Mitch Keller,7262
pitcher-656620,pitcher,656620,Gabe Klobosits,84
pitcher-656629,pitcher,656629,Michael Kopech,3820
pitcher-656638,pitcher,656638,Alex Lange,1588
pitcher-656641,pitcher,656641,Jacob Latz,1174
pitcher-656657,pitcher,656657,Zach Logue,598
pitcher-656669,pitcher,656669,Jordan Luplow,18
pitcher-656671,pitcher,656671,Josh Maciejewski,45
pitcher-656685,pitcher,656685,Brett Martin,1259
pitcher-656686,pitcher,656686,Corbin Martin,799
pitcher-656713,pitcher,656713,Brendan Mckay,438
pitcher-656716,pitcher,656716,Zach Mckinstry,29
pitcher-656725,pitcher,656725,Alex Mcrae,366
pitcher-656730,pitcher,656730,Trevor Megill,1552
pitcher-656731,pitcher,656731,Tylor Megill,3589
pitcher-656738,pitcher,656738,Ben Meyer,191
pitcher-656755,pitcher,656755,Bryce Montes De Oca,37
pitcher-656756,pitcher,656756,Jordan Montgomery,6605
pitcher-656786,pitcher,656786,Parker Mushinski,276
pitcher-656793,pitcher,656793,Nick Nelson,1019
pitcher-656794,pitcher,656794,Sean Newcomb,4941
pitcher-656798,pitcher,656798,Jacob Nix,338
pitcher-656803,pitcher,656803,James Norwood,438
pitcher-656805,pitcher,656805,Trevor Oaks,127
pitcher-656814,pitcher,656814,Luis Ortiz,286
pitcher-656818,pitcher,656818,Connor Overton,489
pitcher-656820,pitcher,656820,Nicholas Padilla,81
pitcher-656848,pitcher,656848,Michael Petersen,304
pitcher-656849,pitcher,656849,David Peterson,5297
pitcher-656876,pitcher,656876,Drew Rasmussen,3476
pitcher-656887,pitcher,656887,Sean Reid-Foley,1293
pitcher-656896,pitcher,656896,Emmanuel Rivera,54
pitcher-656913,pitcher,656913,Seth Romero,27
pitcher-656924,pitcher,656924,Ryder Ryan,155
pitcher-656945,pitcher,656945,Tanner Scott,3481
pitcher-656954,pitcher,656954,Justus Sheffield,1680
pitcher-656970,pitcher,656970,Devin Smeltzer,1274
pitcher-656976,pitcher,656976,Pavin Smith,11
pitcher-656977,pitcher,656977,Chad Sobotka,437
pitcher-656981,pitcher,656981,Peter Solomon,263
pitcher-656986,pitcher,656986,Bennett Sousa,562
pitcher-657006,pitcher,657006,Justin Steele,3839
pitcher-657024,pitcher,657024,Erik Swanson,2093
pitcher-657031,pitcher,657031,Josh Taylor,1008
pitcher-657041,pitcher,657041,Lane Thomas,11
pitcher-657044,pitcher,657044,Ryan Thompson,1872
pitcher-657053,pitcher,657053,Touki Toussaint,2841
pitcher-657061,pitcher,657061,Cole Tucker,5
pitcher-657093,pitcher,657093,Spenser Watkins,1362
pitcher-657097,pitcher,657097,Jacob Webb,1922
pitcher-657117,pitcher,657117,Austen Williams,99
pitcher-657140,pitcher,657140,Kyle Wright,2324
pitcher-657141,pitcher,657141,Jordan Yamamoto,915
pitcher-657193,pitcher,657193,Eddy Alvarez,5
pitcher-657205,pitcher,657205,Zac Curtis,380
pitcher-657209,pitcher,657209,Dean Deetz,30
pitcher-657228,pitcher,657228,Jake Jewell,331
pitcher-657240,pitcher,657240,Julian Merryweather,1321
pitcher-657248,pitcher,657248,Glenn Otto,1448
pitcher-657265,pitcher,657265,Peter Strzelecki,765
pitcher-657272,pitcher,657272,Erich Uelmen,278
pitcher-657277,pitcher,657277,Logan Webb,8606
pitcher-657376,pitcher,657376,Clarke Schmidt,3413
pitcher-657424,pitcher,657424,Matt Gage,419
pitcher-657508,pitcher,657508,Mike Baumann,1398
pitcher-657514,pitcher,657514,Brennan Bernardino,1423
pitcher-657566,pitcher,657566,Montana Durapau,164
pitcher-657571,pitcher,657571,Caleb Ferguson,2715
pitcher-657585,pitcher,657585,Reed Garrett,1416
pitcher-657610,pitcher,657610,Trevor Hildenberger,1076
pitcher-657611,pitcher,657611,Cam Hill,155
pitcher-657612,pitcher,657612,Tim Hill,3014
pitcher-657624,pitcher,657624,Josh James,1017
pitcher-657649,pitcher,657649,Jared Koenig,1418
pitcher-657670,pitcher,657670,Greg Mahle,170
pitcher-657681,pitcher,657681,Kyle Mcgrath,180
pitcher-657697,pitcher,657697,Vinny Nittoli,139
pitcher-657745,pitcher,657745,Bubby Rossman,10
pitcher-657746,pitcher,657746,Joe Ryan,4833
pitcher-657756,pitcher,657756,Connor Seabold,1031
pitcher-657766,pitcher,657766,Locke St. John,88
pitcher-657770,pitcher,657770,Eric Stout,277
pitcher-657786,pitcher,657786,Jerry Vasto,48
pitcher-658069,pitcher,658069,Joshua Fuentes,5
pitcher-658305,pitcher,658305,Edgar García,545
pitcher-658431,pitcher,658431,Adonis Medina,316
pitcher-658551,pitcher,658551,Junior Fernández,492
pitcher-658648,pitcher,658648,Pedro Avila,1269
pitcher-658791,pitcher,658791,Wei-Chieh Huang,55
pitcher-658792,pitcher,658792,Aaron Wilkerson,334
pitcher-659262,pitcher,659262,Anderson Espinoza,218
pitcher-659275,pitcher,659275,Dinelson Lamet,3170
pitcher-660261,pitcher,660261,Shintaro Fujinami,723
pitcher-660271,pitcher,660271,Shohei Ohtani,4238
pitcher-660365,pitcher,660365,Hyeon-Jong Yang,269
pitcher-660422,pitcher,660422,Jorge Guzmán,43
pitcher-660431,pitcher,660431,Hector Perez,31
pitcher-660494,pitcher,660494,Rogelio Armenteros,171
pitcher-660546,pitcher,660546,Yennsy Díaz,254
pitcher-660593,pitcher,660593,Denyi Reyes,214
pitcher-660600,pitcher,660600,Enoli Paredes,550
pitcher-660604,pitcher,660604,Alan Rangel,96
pitcher-660620,pitcher,660620,Jonathan Araúz,5
pitcher-660623,pitcher,660623,Huascar Ynoa,1028
pitcher-660634,pitcher,660634,Yonny Hernández,3
pitcher-660636,pitcher,660636,Diego Castillo,36
pitcher-660644,pitcher,660644,Vidal Bruján,43
pitcher-660730,pitcher,660730,Elvin Rodríguez,488
pitcher-660761,pitcher,660761,José Suarez,3351
pitcher-660787,pitcher,660787,Yerry De Los Santos,744
pitcher-660813,pitcher,660813,Brusdar Graterol,1242
pitcher-660825,pitcher,660825,Eduard Bazardo,1160
pitcher-660844,pitcher,660844,Leo Rivas,18
pitcher-660853,pitcher,660853,Enyel De Los Santos,2468
pitcher-660875,pitcher,660875,Jesús Reyes,38
pitcher-660896,pitcher,660896,Jorge Alcalá,1810
pitcher-660906,pitcher,660906,Francisco Pérez,299
pitcher-661255,pitcher,661255,Yoan López,830
pitcher-661269,pitcher,661269,Vladimir Gutiérrez,1328
pitcher-661309,pitcher,661309,Adrián Martinez,1006
pitcher-661383,pitcher,661383,Oliver Ortega,454
pitcher-661395,pitcher,661395,Jhoan Durán,1781
pitcher-661403,pitcher,661403,Emmanuel Clase,2197
pitcher-661440,pitcher,661440,Mauricio Llovera,590
pitcher-661527,pitcher,661527,Seth Martinez,1244
pitcher-661531,pitcher,661531,Brian Serven,5
pitcher-661563,pitcher,661563,Luis Gil,2255
pitcher-662253,pitcher,662253,Andrés Muñoz,2079
pitcher-663158,pitcher,663158,Robert Suarez,1519
pitcher-663321,pitcher,663321,Nick Hernandez,226
pitcher-663362,pitcher,663362,Matt Waldron,1720
pitcher-663366,pitcher,663366,Beau Burrows,189
pitcher-663372,pitcher,663372,Ryan Feltner,2920
pitcher-663378,pitcher,663378,Thomas Szapucki,198
pitcher-663385,pitcher,663385,Chad Smith,323
pitcher-663399,pitcher,663399,Brandon Waddell,408
pitcher-663423,pitcher,663423,Trent Thornton,3409
pitcher-663432,pitcher,663432,Tanner Rainey,1776
pitcher-663436,pitcher,663436,Davis Martin,2031
pitcher-663455,pitcher,663455,Konnor Pilkington,802
pitcher-663460,pitcher,663460,Kris Bubic,4014
pitcher-663462,pitcher,663462,Isaiah Campbell,341
pitcher-663465,pitcher,663465,Kolby Allard,2825
pitcher-663474,pitcher,663474,Triston Mckenzie,3442
pitcher-663485,pitcher,663485,Cole Sands,1637
pitcher-663531,pitcher,663531,Logan Allen,1080
pitcher-663534,pitcher,663534,Nash Walters,8
pitcher-663542,pitcher,663542,Bryan Hudson,750
pitcher-663546,pitcher,663546,Sean Hjelle,1284
pitcher-663554,pitcher,663554,Casey Mize,3600
pitcher-663556,pitcher,663556,Shane Mcclanahan,2945
pitcher-663558,pitcher,663558,Jovani Morán,847
pitcher-663559,pitcher,663559,Bailey Falter,3567
pitcher-663562,pitcher,663562,Noah Davis,647
pitcher-663567,pitcher,663567,Peter Lambert,2072
pitcher-663568,pitcher,663568,Stephen Kolek,1266
pitcher-663574,pitcher,663574,Tony Santillan,1477
pitcher-663623,pitcher,663623,Jake Irvin,4252
pitcher-663629,pitcher,663629,Ethan Small,121
pitcher-663630,pitcher,663630,Ryan Mckenna,25
pitcher-663658,pitcher,663658,Thaddeus Ward,409
pitcher-663671,pitcher,663671,Nic Enright,239
pitcher-663687,pitcher,663687,Hogan Harris,1795
pitcher-663704,pitcher,663704,James Mcarthur,613
pitcher-663734,pitcher,663734,Nick Neidert,413
pitcher-663738,pitcher,663738,Daniel Lynch,3073
pitcher-663752,pitcher,663752,Cody Morris,271
pitcher-663753,pitcher,663753,Reiss Knehr,444
pitcher-663765,pitcher,663765,Jake Woodford,2311
pitcher-663767,pitcher,663767,Chase Shugart,448
pitcher-663770,pitcher,663770,Demarcus Evans,285
pitcher-663773,pitcher,663773,Bryan Hoeing,1218
pitcher-663776,pitcher,663776,Patrick Sandoval,4676
pitcher-663795,pitcher,663795,Justin Hagenman,186
pitcher-663804,pitcher,663804,Jackson Kowar,936
pitcher-663853,pitcher,663853,Romy Gonzalez,1
pitcher-663855,pitcher,663855,Jordan Hicks,3900
pitcher-663878,pitcher,663878,Nate Pearson,1447
pitcher-663893,pitcher,663893,Brendon Little,975
pitcher-663897,pitcher,663897,Luke Williams,62
pitcher-663903,pitcher,663903,Brady Singer,7516
pitcher-663941,pitcher,663941,Tristan Beck,1162
pitcher-663947,pitcher,663947,Tyler Holton,1912
pitcher-663959,pitcher,663959,Tyler Ivey,41
pitcher-663967,pitcher,663967,César Salazar,6
pitcher-663969,pitcher,663969,Tyler Phillips,786
pitcher-663971,pitcher,663971,Blair Calvo,6
pitcher-663975,pitcher,663975,Nick Duron,9
pitcher-663978,pitcher,663978,Chris Paddack,4534
pitcher-663986,pitcher,663986,Trevor Stephan,1626
pitcher-663989,pitcher,663989,Nick Vespi,388
pitcher-663992,pitcher,663992,Richard Lovelady,940
pitcher-664023,pitcher,664023,Ian Happ,3
pitcher-664028,pitcher,664028,Brett Kennedy,428
pitcher-664034,pitcher,664034,Ty France,16
pitcher-664042,pitcher,664042,Travis Lakins,815
pitcher-664045,pitcher,664045,Thomas Eshelman,825
pitcher-664054,pitcher,664054,Cody Stashak,498
pitcher-664062,pitcher,664062,Tony Gonsolin,3208
pitcher-664068,pitcher,664068,Scott Kingery,14
pitcher-664069,pitcher,664069,Ben Braymer,89
pitcher-664074,pitcher,664074,Cody Ponce,488
pitcher-664076,pitcher,664076,Garrett Cleavinger,1444
pitcher-664079,pitcher,664079,Tyler Jay,75
pitcher-664092,pitcher,664092,Sean Poppen,640
pitcher-664123,pitcher,664123,Scott Effross,649
pitcher-664126,pitcher,664126,Pete Fairbanks,2170
pitcher-664129,pitcher,664129,Geoff Hartlieb,786
pitcher-664139,pitcher,664139,Ian Gibaut,1440
pitcher-664141,pitcher,664141,Jt Brubaker,2780
pitcher-664157,pitcher,664157,Travis Bergen,424
pitcher-664161,pitcher,664161,Matt Swarmer,333
pitcher-664180,pitcher,664180,Matt Hall,510
pitcher-664192,pitcher,664192,Joey Lucchesi,3633
pitcher-664196,pitcher,664196,Tanner Anderson,329
pitcher-664199,pitcher,664199,Taylor Clarke,2717
pitcher-664202,pitcher,664202,Tyler Cyr,119
pitcher-664208,pitcher,664208,Phil Maton,3922
pitcher-664238,pitcher,664238,Dylan Moore,17
pitcher-664285,pitcher,664285,Framber Valdez,8303
pitcher-664294,pitcher,664294,Dauri Moreta,1004
pitcher-664299,pitcher,664299,Cristian Javier,4766
pitcher-664337,pitcher,664337,Miguel Yajure,425
pitcher-664350,pitcher,664350,Sixto Sánchez,578
pitcher-664351,pitcher,664351,Luis Contreras,174
pitcher-664353,pitcher,664353,José Urquidy,3066
pitcher-664584,pitcher,664584,Jhon Romero,74
pitcher-664641,pitcher,664641,Aríel Miranda,1805
pitcher-664670,pitcher,664670,Alejo López,10
pitcher-664682,pitcher,664682,Ryan Meisinger,291
pitcher-664701,pitcher,664701,Ben Taylor,239
pitcher-664714,pitcher,664714,Ljay Newsome,233
pitcher-664744,pitcher,664744,Jose Espada,28
pitcher-664747,pitcher,664747,Alexis Díaz,1782
pitcher-664776,pitcher,664776,Jake Cousins,906
pitcher-664789,pitcher,664789,Ka'Ai Tom,11
pitcher-664849,pitcher,664849,Danny Young,657
pitcher-664852,pitcher,664852,Jay Flaa,30
pitcher-664854,pitcher,664854,Ryan Helsley,2283
pitcher-664856,pitcher,664856,Chance Adams,438
pitcher-664869,pitcher,664869,P. J. Conlon,77
pitcher-664871,pitcher,664871,Kyle Dowdy,280
pitcher-664874,pitcher,664874,Seby Zavala,4
pitcher-664875,pitcher,664875,Justin Lawrence,2062
pitcher-664901,pitcher,664901,Danny Mendick,23
pitcher-664918,pitcher,664918,Kyle Keller,444
pitcher-664942,pitcher,664942,James Naile,225
pitcher-664944,pitcher,664944,Cam Vieaux,112
pitcher-664948,pitcher,664948,Anthony Misiewicz,980
pitcher-664977,pitcher,664977,Blake Cederlind,39
pitcher-664991,pitcher,664991,Grant Wolfram,268
pitcher-665001,pitcher,665001,Trevor Kelley,545
pitcher-665019,pitcher,665019,Kody Clemens,80
pitcher-665048,pitcher,665048,Hobie Harris,186
pitcher-665093,pitcher,665093,Zac Grotz,281
pitcher-665120,pitcher,665120,Jared Walsh,54
pitcher-665152,pitcher,665152,Dean Kremer,5533
pitcher-665155,pitcher,665155,Nick Maton,14
pitcher-665620,pitcher,665620,Deivi García,636
pitcher-665621,pitcher,665621,Rony García,717
pitcher-665622,pitcher,665622,Luis Medina,1324
pitcher-665625,pitcher,665625,Elvis Peguero,1140
pitcher-665645,pitcher,665645,Kervin Castro,229
pitcher-665660,pitcher,665660,Elvis Alvarado,392
pitcher-665661,pitcher,665661,Shea Spitzbarth,46
pitcher-665665,pitcher,665665,Reiver Sanmartin,809
pitcher-665733,pitcher,665733,Antonio Santos,166
pitcher-665734,pitcher,665734,Angel Felipe,164
pitcher-665759,pitcher,665759,Ramón Rosso,164
pitcher-665795,pitcher,665795,Edward Cabrera,3897
pitcher-665828,pitcher,665828,Oswaldo Cabrera,11
pitcher-665854,pitcher,665854,Luis Oviedo,316
pitcher-665871,pitcher,665871,Javier Assad,2915
pitcher-665896,pitcher,665896,José Marte,470
pitcher-666120,pitcher,666120,Ian Anderson,2432
pitcher-666129,pitcher,666129,Braxton Garrett,2580
pitcher-666142,pitcher,666142,Cole Ragans,3121
pitcher-666149,pitcher,666149,Tyler Fitzgerald,15
pitcher-666154,pitcher,666154,Karl Kauffmann,308
pitcher-666157,pitcher,666157,Nick Lodolo,3345
pitcher-666159,pitcher,666159,Matt Manning,2031
pitcher-666163,pitcher,666163,Ben Rortvedt,22
pitcher-666168,pitcher,666168,Mason Thompson,1024
pitcher-666171,pitcher,666171,Ryan Zeferjahn,630
pitcher-666197,pitcher,666197,Grae Kessinger,7
pitcher-666200,pitcher,666200,Jesús Luzardo,5694
pitcher-666201,pitcher,666201,Alek Manoah,3400
pitcher-666204,pitcher,666204,Dany Jiménez,787
pitcher-666205,pitcher,666205,Kyle Muller,1475
pitcher-666207,pitcher,666207,Riley Pint,89
pitcher-666208,pitcher,666208,Alex Speas,57
pitcher-666214,pitcher,666214,Joey Wentz,2719
pitcher-666215,pitcher,666215,Forrest Whitley,186
pitcher-666277,pitcher,666277,George Soriano,1098
pitcher-666364,pitcher,666364,Jordan Balazovic,197
pitcher-666374,pitcher,666374,Matt Brash,1645
pitcher-666619,pitcher,666619,Gregory Santos,703
pitcher-666622,pitcher,666622,Brailyn Márquez,20
pitcher-666659,pitcher,666659,Sauryn Lao,83
pitcher-666661,pitcher,666661,Juan Morillo,305
pitcher-666674,pitcher,666674,Edwar Colina,13
pitcher-666711,pitcher,666711,Joel Peguero,147
pitcher-666720,pitcher,666720,Yerry Rodríguez,357
pitcher-666721,pitcher,666721,Max Castillo,520
pitcher-666745,pitcher,666745,Jhony Brito,1052
pitcher-666808,pitcher,666808,Camilo Doval,2504
pitcher-666818,pitcher,666818,Luis Frías,595
pitcher-666974,pitcher,666974,Yennier Cano,1692
pitcher-667297,pitcher,667297,Tommy Nance,1045
pitcher-667373,pitcher,667373,Angel Rondón,62
pitcher-667376,pitcher,667376,Miguel Sánchez,307
pitcher-667427,pitcher,667427,Zach Jackson,702
pitcher-667463,pitcher,667463,John King,1812
pitcher-667465,pitcher,667465,Aaron Fletcher,213
pitcher-667478,pitcher,667478,Evan Kravetz,1
pitcher-667498,pitcher,667498,Robert Dugger,781
pitcher-667725,pitcher,667725,Kyle Tyler,411
pitcher-667755,pitcher,667755,José Soriano,2694
pitcher-668338,pitcher,668338,Tyson Miller,706
pitcher-668390,pitcher,668390,Cole Winn,453
pitcher-668470,pitcher,668470,Hagen Danner,5
pitcher-668472,pitcher,668472,Nick Pratto,8
pitcher-668665,pitcher,668665,Stephen Nogosek,540
pitcher-668670,pitcher,668670,Jake Rogers,37
pitcher-668674,pitcher,668674,Lucas Erceg,1507
pitcher-668676,pitcher,668676,Zach Plesac,3596
pitcher-668678,pitcher,668678,Zac Gallen,8470
pitcher-668683,pitcher,668683,Jeremy Walker,87
pitcher-668684,pitcher,668684,Tanner Tully,57
pitcher-668687,pitcher,668687,Andre Scrubb,467
pitcher-668716,pitcher,668716,Noah Murdock,233
pitcher-668754,pitcher,668754,Braden Bristo,58
pitcher-668800,pitcher,668800,Andrew Knizner,29
pitcher-668820,pitcher,668820,Max Kranick,564
pitcher-668834,pitcher,668834,Easton Mcgee,154
pitcher-668868,pitcher,668868,Zack Thompson,1094
pitcher-668873,pitcher,668873,Caleb Kilian,269
pitcher-668874,pitcher,668874,Blair Henley,30
pitcher-668881,pitcher,668881,Hunter Greene,4085
pitcher-668909,pitcher,668909,Gavin Williams,2840
pitcher-668933,pitcher,668933,Graham Ashcraft,3098
pitcher-668941,pitcher,668941,Jojo Romero,1600
pitcher-668942,pitcher,668942,Josh Rojas,35
pitcher-668943,pitcher,668943,Ryan Miller,102
pitcher-668948,pitcher,668948,Kirk Mccarty,274
pitcher-668964,pitcher,668964,Tobias Myers,1413
pitcher-668968,pitcher,668968,Hans Crouse,293
pitcher-668970,pitcher,668970,Gavin Hollowell,508
pitcher-668984,pitcher,668984,Casey Legumina,638
pitcher-669020,pitcher,669020,Ryan Rolison,339
pitcher-669022,pitcher,669022,Mackenzie Gore,4590
pitcher-669060,pitcher,669060,Bryse Wilson,3684
pitcher-669062,pitcher,669062,Erik Miller,911
pitcher-669064,pitcher,669064,Brandon Bailey,47
pitcher-669084,pitcher,669084,Dl Hall,1035
pitcher-669093,pitcher,669093,Jeremiah Estrada,1167
pitcher-669105,pitcher,669105,Zach Muckenhirn,47
pitcher-669111,pitcher,669111,John Mcmillon,125
pitcher-669135,pitcher,669135,Mac Sceroler,98
pitcher-669145,pitcher,669145,Bruce Zimmermann,1285
pitcher-669160,pitcher,669160,Dustin May,2692
pitcher-669165,pitcher,669165,Kyle Hurt,41
pitcher-669169,pitcher,669169,Jonathan Heasley,1208
pitcher-669193,pitcher,669193,Jack Little,17
pitcher-669194,pitcher,669194,Ryne Nelson,3575
pitcher-669199,pitcher,669199,Lake Bachar,668
pitcher-669203,pitcher,669203,Corbin Burnes,7649
pitcher-669211,pitcher,669211,Keegan Akin,3001
pitcher-669212,pitcher,669212,Eli Morgan,2041
pitcher-669214,pitcher,669214,Conner Menez,383
pitcher-669270,pitcher,669270,Joel Kuhnel,732
pitcher-669276,pitcher,669276,Dylan Lee,1310
pitcher-669289,pitcher,669289,Santiago Espinal,18
pitcher-669294,pitcher,669294,Paul Campbell,232
pitcher-669302,pitcher,669302,Logan Gilbert,6131
pitcher-669308,pitcher,669308,Sean Reynolds,399
pitcher-669330,pitcher,669330,Tyler Wells,2396
pitcher-669358,pitcher,669358,Shane Baz,2226
pitcher-669371,pitcher,669371,Cole Henry,523
pitcher-669372,pitcher,669372,J. T. Ginn,1126
pitcher-669373,pitcher,669373,Tarik Skubal,5543
pitcher-669387,pitcher,669387,Carmen Mlodzinski,1610
pitcher-669391,pitcher,669391,Owen White,122
pitcher-669395,pitcher,669395,Dylan Coleman,908
pitcher-669422,pitcher,669422,Matt Sauer,394
pitcher-669424,pitcher,669424,Jimmy Lambert,880
pitcher-669432,pitcher,669432,Trevor Rogers,4352
pitcher-669438,pitcher,669438,Mason Englert,949
pitcher-669449,pitcher,669449,Jake Palisch,10
pitcher-669450,pitcher,669450,Cooper Hummel,7
pitcher-669456,pitcher,669456,Shane Bieber,6623
pitcher-669459,pitcher,669459,Kyle Nelson,871
pitcher-669461,pitcher,669461,Matthew Liberatore,2656
pitcher-669467,pitcher,669467,Andre Pallante,3779
pitcher-669618,pitcher,669618,Joe Barlow,541
pitcher-669620,pitcher,669620,Brady Basso,274
pitcher-669622,pitcher,669622,Anthony Bender,1697
pitcher-669674,pitcher,669674,Sam Long,1826
pitcher-669684,pitcher,669684,Chris Murphy,741
pitcher-669704,pitcher,669704,Kade Strowd,208
pitcher-669707,pitcher,669707,Jared Triolo,10
pitcher-669711,pitcher,669711,Greg Weissert,1365
pitcher-669713,pitcher,669713,Hayden Wesneski,1840
pitcher-669717,pitcher,669717,Will Wilson,15
pitcher-669721,pitcher,669721,Davis Daniel,447
pitcher-669722,pitcher,669722,Logan Davidson,12
pitcher-669724,pitcher,669724,Brenan Hanifee,761
pitcher-669735,pitcher,669735,Chris Rodriguez,270
pitcher-669742,pitcher,669742,Darick Hall,4
pitcher-669796,pitcher,669796,Jose Hernandez,486
pitcher-669804,pitcher,669804,Ángel De Jesús,98
pitcher-669854,pitcher,669854,Ronel Blanco,2238
pitcher-669912,pitcher,669912,Kirby Snead,689
pitcher-669920,pitcher,669920,Jason Alexander,1307
pitcher-669923,pitcher,669923,George Kirby,4574
pitcher-669935,pitcher,669935,A. J. Alexy,321
pitcher-669947,pitcher,669947,Jesse Scholtens,808
pitcher-669952,pitcher,669952,Mitch White,1529
pitcher-670032,pitcher,670032,Nicky Lopez,42
pitcher-670036,pitcher,670036,Matt Festa,1389
pitcher-670042,pitcher,670042,Luke Raley,19
pitcher-670046,pitcher,670046,Kenny Rosenberg,565
pitcher-670050,pitcher,670050,Stephen Ridings,40
pitcher-670056,pitcher,670056,Caleb Baragar,346
pitcher-670057,pitcher,670057,Ryan Hartman,24
pitcher-670059,pitcher,670059,Colin Holderman,1382
pitcher-670087,pitcher,670087,Brandyn Sittinger,33
pitcher-670090,pitcher,670090,Wyatt Mills,390
pitcher-670097,pitcher,670097,Zack Short,48
pitcher-670102,pitcher,670102,Bowden Francis,1541
pitcher-670103,pitcher,670103,Raymond Burgos,10
pitcher-670124,pitcher,670124,Adam Oller,1253
pitcher-670156,pitcher,670156,Miles Mastrobuoni,22
pitcher-670161,pitcher,670161,Parker Dunshee,29
pitcher-670167,pitcher,670167,John Schreiber,2321
pitcher-670174,pitcher,670174,Josh Winckowski,2026
pitcher-670183,pitcher,670183,Garrett Acton,85
pitcher-670219,pitcher,670219,Zac Kristofak,23
pitcher-670223,pitcher,670223,Matt Mervis,22
pitcher-670241,pitcher,670241,Darius Vines,264
pitcher-670242,pitcher,670242,Matt Wallner,12
pitcher-670280,pitcher,670280,David Bednar,2433
pitcher-670288,pitcher,670288,Jake Fishman,83
pitcher-670329,pitcher,670329,Rico Garcia,615
pitcher-670426,pitcher,670426,Phillip Diehl,187
pitcher-670456,pitcher,670456,J. D. Hammer,416
pitcher-670550,pitcher,670550,Nivaldo Rodriguez,167
pitcher-670712,pitcher,670712,Mike Brosseau,80
pitcher-670766,pitcher,670766,Darren Mccaughan,582
pitcher-670768,pitcher,670768,Luis González,47
pitcher-670810,pitcher,670810,Logan Gillaspie,330
pitcher-670871,pitcher,670871,Guillo Zuñiga,167
pitcher-670912,pitcher,670912,Johan Oviedo,3179
pitcher-670950,pitcher,670950,Trevor Richards,4997
pitcher-670955,pitcher,670955,Edwin Uceta,1226
pitcher-670970,pitcher,670970,Adrián Morejón,1606
pitcher-670990,pitcher,670990,Yohan Ramírez,1928
pitcher-671096,pitcher,671096,Andrew Abbott,3430
pitcher-671106,pitcher,671106,Logan Allen,3356
pitcher-671109,pitcher,671109,Jake Eder,173
pitcher-671111,pitcher,671111,Sammy Peralta,435
pitcher-671131,pitcher,671131,Jackson Rutledge,932
pitcher-671162,pitcher,671162,Connor Thomas,61
pitcher-671212,pitcher,671212,Joe Boyle,1191
pitcher-671305,pitcher,671305,Michel Otañez,361
pitcher-671345,pitcher,671345,Jason Foley,1540
pitcher-671737,pitcher,671737,Taj Bradley,3082
pitcher-671790,pitcher,671790,Ronald Bolaños,464
pitcher-671922,pitcher,671922,Cade Smith,1110
pitcher-672282,pitcher,672282,Reid Detmers,3819
pitcher-672335,pitcher,672335,Cionel Pérez,2058
pitcher-672391,pitcher,672391,Kaleb Ort,1031
pitcher-672456,pitcher,672456,Keider Montero,1511
pitcher-672552,pitcher,672552,Jack O'Loughlin,91
pitcher-672578,pitcher,672578,Carlos Hernández,2535
pitcher-672582,pitcher,672582,Angel Zerpa,1588
pitcher-672710,pitcher,672710,Roansy Contreras,1992
pitcher-672715,pitcher,672715,Luis Patiño,1205
pitcher-672724,pitcher,672724,Oswald Peraza,19
pitcher-672730,pitcher,672730,Juan Then,95
pitcher-672773,pitcher,672773,Elvis Luciano,297
pitcher-672782,pitcher,672782,Yoendrys Gómez,669
pitcher-672839,pitcher,672839,Francisco Morales,53
pitcher-672841,pitcher,672841,Carlos Vargas,587
pitcher-672851,pitcher,672851,Joan Adon,1226
pitcher-672860,pitcher,672860,Prelander Berroa,204
pitcher-672911,pitcher,672911,Jesus Cruz,96
pitcher-673111,pitcher,673111,José Lopez,29
pitcher-673258,pitcher,673258,Michel Báez,315
pitcher-673316,pitcher,673316,Luke Barker,23
pitcher-673380,pitcher,673380,Dedniel Núñez,294
pitcher-673513,pitcher,673513,Yuki Matsui,977
pitcher-673540,pitcher,673540,Kodai Senga,2364
pitcher-673633,pitcher,673633,Yoshihisa Hirano,1064
pitcher-673820,pitcher,673820,Robinson Piña,34
pitcher-673858,pitcher,673858,Jake Wong,31
pitcher-673904,pitcher,673904,Jake Walsh,36
pitcher-673929,pitcher,673929,Jordan Leasure,826
pitcher-673965,pitcher,673965,Caleb Freeman,32
pitcher-674003,pitcher,674003,Cody Bradford,1077
pitcher-674072,pitcher,674072,Tommy Henry,1455
pitcher-674285,pitcher,674285,Eduardo Salazar,658
pitcher-674370,pitcher,674370,Osvaldo Bido,1688
pitcher-674384,pitcher,674384,Eduarniel Núñez,126
pitcher-674444,pitcher,674444,Steven Cruz,489
pitcher-674681,pitcher,674681,Michael Plassmeyer,84
pitcher-674841,pitcher,674841,Andrew Alvarez,239
pitcher-674944,pitcher,674944,Sean Guenther,385
pitcher-675512,pitcher,675512,Troy Melton,332
pitcher-675540,pitcher,675540,Xzavion Curry,1153
pitcher-675627,pitcher,675627,Michael Grove,1164
pitcher-675650,pitcher,675650,Michael Mercado,182
pitcher-675848,pitcher,675848,Juan Mejia,541
pitcher-675911,pitcher,675911,Spencer Strider,3552
pitcher-675912,pitcher,675912,Zac Lowther,353
pitcher-675916,pitcher,675916,James Karinchak,1665
pitcher-675919,pitcher,675919,Nick Raquet,16
pitcher-675921,pitcher,675921,Spencer Howard,1371
pitcher-675971,pitcher,675971,Kyle Dohy,10
pitcher-675989,pitcher,675989,Cody Bolton,443
pitcher-676050,pitcher,676050,Packy Naughton,520
pitcher-676051,pitcher,676051,Codi Heuer,699
pitcher-676070,pitcher,676070,Jacob Amaya,1
pitcher-676083,pitcher,676083,Janson Junk,1057
pitcher-676092,pitcher,676092,Collin Snider,1041
pitcher-676103,pitcher,676103,Damon Jones,66
pitcher-676105,pitcher,676105,Jeff Criswell,181
pitcher-676106,pitcher,676106,Emerson Hancock,1268
pitcher-676130,pitcher,676130,José Buttó,1607
pitcher-676194,pitcher,676194,Jackson Tetreault,198
pitcher-676206,pitcher,676206,Freddy Tarnok,234
pitcher-676220,pitcher,676220,Seth Elledge,252
pitcher-676254,pitcher,676254,Ryan Walker,1777
pitcher-676263,pitcher,676263,Jack Dreyer,525
pitcher-676265,pitcher,676265,Cory Abbott,932
pitcher-676272,pitcher,676272,Bobby Miller,1554
pitcher-676282,pitcher,676282,Joey Cantillo,1262
pitcher-676391,pitcher,676391,Ernie Clement,36
pitcher-676395,pitcher,676395,Robert Garcia,1139
pitcher-676424,pitcher,676424,Alec Bettinger,99
pitcher-676428,pitcher,676428,Brant Hurter,895
pitcher-676440,pitcher,676440,Tanner Bibee,4072
pitcher-676467,pitcher,676467,Colton Gordon,699
pitcher-676475,pitcher,676475,Alec Burleson,18
pitcher-676477,pitcher,676477,Garrett Whitlock,2369
pitcher-676508,pitcher,676508,Ben Casparius,670
pitcher-676510,pitcher,676510,Nolan Hoffman,12
pitcher-676534,pitcher,676534,Calvin Faucher,1581
pitcher-676568,pitcher,676568,Ricky Vanasco,22
pitcher-676571,pitcher,676571,Pj Poulin,224
pitcher-676596,pitcher,676596,Josh Fleming,2031
pitcher-676604,pitcher,676604,Tyler Zuber,690
pitcher-676606,pitcher,676606,Nick Margevicius,980
pitcher-676609,pitcher,676609,José Caballero,17
pitcher-676614,pitcher,676614,Bryan Sammons,177
pitcher-676617,pitcher,676617,Riley O'Brien,530
pitcher-676632,pitcher,676632,Bligh Madris,6
pitcher-676637,pitcher,676637,Phoenix Sanders,94
pitcher-676641,pitcher,676641,Beau Sulser,165
pitcher-676660,pitcher,676660,Jared Solomon,81
pitcher-676661,pitcher,676661,Max Lazar,437
pitcher-676664,pitcher,676664,Jp Sears,4620
pitcher-676679,pitcher,676679,Luis Vázquez,17
pitcher-676680,pitcher,676680,Tom Cosgrove,646
pitcher-676684,pitcher,676684,Will Vest,2310
pitcher-676689,pitcher,676689,Ricky Karcher,15
pitcher-676701,pitcher,676701,Alan Trejo,19
pitcher-676702,pitcher,676702,Hunter Stratton,491
pitcher-676709,pitcher,676709,Ty Tice,73
pitcher-676710,pitcher,676710,Kutter Crawford,2914
pitcher-676714,pitcher,676714,Brandon Hughes,753
pitcher-676720,pitcher,676720,Tommy Romero,104
pitcher-676724,pitcher,676724,Jared Young,6
pitcher-676742,pitcher,676742,Cam Sanders,80
pitcher-676755,pitcher,676755,Isaac Mattson,476
pitcher-676760,pitcher,676760,Ron Marinaccio,1127
pitcher-676766,pitcher,676766,Nicklaus Snyder,50
pitcher-676775,pitcher,676775,Keaton Winn,724
pitcher-676801,pitcher,676801,Chas Mccormick,34
pitcher-676831,pitcher,676831,Kodi Whitley,356
pitcher-676840,pitcher,676840,Matt Peacock,726
pitcher-676879,pitcher,676879,Aaron Ashby,2066
pitcher-676886,pitcher,676886,Jeremy Beasley,222
pitcher-676917,pitcher,676917,Cade Cavalli,429
pitcher-676946,pitcher,676946,Matthew Batten,12
pitcher-676961,pitcher,676961,Caleb Boushley,471
pitcher-676962,pitcher,676962,Ben Brown,1309
pitcher-676969,pitcher,676969,Brett De Geus,623
pitcher-676974,pitcher,676974,Max Meyer,1038
pitcher-676979,pitcher,676979,Garrett Crochet,3261
pitcher-677020,pitcher,677020,Josh Walker,265
pitcher-677053,pitcher,677053,Andrew Nardi,1049
pitcher-677076,pitcher,677076,Clayton Andrews,52
pitcher-677161,pitcher,677161,Zack Kelly,973
pitcher-677649,pitcher,677649,Ezequiel Duran,13
pitcher-677651,pitcher,677651,Luis García,2799
pitcher-677865,pitcher,677865,Justin Bruihl,654
pitcher-677944,pitcher,677944,Slade Cecconi,1890
pitcher-677952,pitcher,677952,Braxton Ashcraft,519
pitcher-677955,pitcher,677955,Jaden Hill,309
pitcher-677958,pitcher,677958,Kumar Rocker,633
pitcher-677960,pitcher,677960,Ryan Weathers,2499
pitcher-677961,pitcher,677961,Cole Wilcox,22
pitcher-677976,pitcher,677976,Randy Dobnak,1088
pitcher-678011,pitcher,678011,Anthony Seigler,5
pitcher-678020,pitcher,678020,Seth Halvorsen,404
pitcher-678022,pitcher,678022,Jack Perkins,320
pitcher-678024,pitcher,678024,Mike Vasil,901
pitcher-678061,pitcher,678061,Ray Kerr,435
pitcher-678215,pitcher,678215,Luarbert Arias,108
pitcher-678226,pitcher,678226,Daysbel Hernández,575
pitcher-678316,pitcher,678316,Omar Cruz,46
pitcher-678368,pitcher,678368,Valente Bellozo,1217
pitcher-678394,pitcher,678394,Brayan Bello,4596
pitcher-678495,pitcher,678495,Randy Rodríguez,824
pitcher-678606,pitcher,678606,José Ferrer,1098
pitcher-678692,pitcher,678692,Ronny Henriquez,772
pitcher-678821,pitcher,678821,Luis Peralta,340
pitcher-678906,pitcher,678906,Kai-Wei Teng,407
pitcher-679156,pitcher,679156,Walter Pennington,168
pitcher-679346,pitcher,679346,Edgar Navarro,73
pitcher-679358,pitcher,679358,Eric Orze,347
pitcher-679525,pitcher,679525,Alec Marsh,1765
pitcher-679775,pitcher,679775,Kyle Backhus,226
pitcher-679845,pitcher,679845,Nick Loftin,4
pitcher-679883,pitcher,679883,Luinder Avila,107
pitcher-679885,pitcher,679885,Justin Martinez,873
pitcher-679922,pitcher,679922,Carlos Duran,22
pitcher-680232,pitcher,680232,Jackson Wolf,38
pitcher-680430,pitcher,680430,Nick Allgeyer,9
pitcher-680570,pitcher,680570,Grayson Rodriguez,1896
pitcher-680572,pitcher,680572,Adam Kloffenstein,8
pitcher-680573,pitcher,680573,Simeon Woods Richardson,2102
pitcher-680604,pitcher,680604,Blas Castano,24
pitcher-680684,pitcher,680684,Gunnar Hoglund,290
pitcher-680686,pitcher,680686,Josiah Gray,3463
pitcher-680689,pitcher,680689,Lyon Richardson,574
pitcher-680692,pitcher,680692,Jonathan Stiever,80
pitcher-680694,pitcher,680694,Kyle Bradish,3002
pitcher-680701,pitcher,680701,John Rooney,15
pitcher-680702,pitcher,680702,Joey Gerber,155
pitcher-680704,pitcher,680704,Nick Sandlin,1931
pitcher-680723,pitcher,680723,Drew Rom,367
pitcher-680729,pitcher,680729,Garrett Mcdaniels,103
pitcher-680730,pitcher,680730,Mitchell Parker,2360
pitcher-680732,pitcher,680732,Sean Burke,1346
pitcher-680735,pitcher,680735,Austin Cox,518
pitcher-680736,pitcher,680736,Justin Wrobleski,836
pitcher-680739,pitcher,680739,Josh Winder,879
pitcher-680742,pitcher,680742,Jonathan Bowlan,422
pitcher-680744,pitcher,680744,Ty Madden,189
pitcher-680755,pitcher,680755,Braydon Fisher,445
pitcher-680767,pitcher,680767,Victor Vodnik,1295
pitcher-680837,pitcher,680837,Ryan Fitzgerald,12
pitcher-680862,pitcher,680862,Willie Maciver,7
pitcher-680880,pitcher,680880,Grant Holman,331
pitcher-680885,pitcher,680885,Spencer Schwellenbach,1568
pitcher-680891,pitcher,680891,Jack Neely,43
pitcher-680897,pitcher,680897,Nick Nastrini,398
pitcher-680911,pitcher,680911,Owen Miller,18
pitcher-680951,pitcher,680951,Doug Nikhazy,62
pitcher-680983,pitcher,680983,Kelvin Cáceres,17
pitcher-681006,pitcher,681006,Josh Simpson,320
pitcher-681035,pitcher,681035,Christian Scott,373
pitcher-681066,pitcher,681066,Ky Bush,185
pitcher-681146,pitcher,681146,Jonah Bride,59
pitcher-681151,pitcher,681151,Jayden Murray,82
pitcher-681168,pitcher,681168,Luis Curvelo,170
pitcher-681190,pitcher,681190,Randy Vásquez,2276
pitcher-681217,pitcher,681217,Chase Silseth,937
pitcher-681293,pitcher,681293,Spencer Arrighetti,1615
pitcher-681343,pitcher,681343,Shane Smith,1179
pitcher-681347,pitcher,681347,Mike Burrows,790
pitcher-681402,pitcher,681402,Gus Varland,428
pitcher-681432,pitcher,681432,Luke Little,399
pitcher-681464,pitcher,681464,Frank German,41
pitcher-681517,pitcher,681517,Kyle Leahy,986
pitcher-681584,pitcher,681584,David Villar,6
pitcher-681676,pitcher,681676,Ryan Fernandez,807
pitcher-681751,pitcher,681751,Lazaro Estrada,49
pitcher-681799,pitcher,681799,Ethan Roberts,401
pitcher-681806,pitcher,681806,Andrew Wantz,1011
pitcher-681807,pitcher,681807,David Fry,31
pitcher-681808,pitcher,681808,Chris Vallimont,6
pitcher-681810,pitcher,681810,Austin Warren,461
pitcher-681857,pitcher,681857,Reese Olson,2431
pitcher-681867,pitcher,681867,Cooper Criswell,1426
pitcher-681869,pitcher,681869,Shawn Dubin,832
pitcher-681870,pitcher,681870,Erik Sabrowski,343
pitcher-681871,pitcher,681871,Eli Villalobos,38
pitcher-681882,pitcher,681882,Colin Selby,398
pitcher-681885,pitcher,681885,Evan Lee,93
pitcher-681892,pitcher,681892,Kody Funderburk,864
pitcher-681895,pitcher,681895,Evan Sisk,196
pitcher-681911,pitcher,681911,Alex Vesia,2320
pitcher-681916,pitcher,681916,Dylan Smith,75
pitcher-681962,pitcher,681962,Vinny Capra,14
pitcher-681982,pitcher,681982,Grant Anderson,1186
pitcher-681987,pitcher,681987,Nate Eaton,18
pitcher-682010,pitcher,682010,Lane Ramsey,170
pitcher-682016,pitcher,682016,William Woods,19
pitcher-682027,pitcher,682027,Cam Alldred,8
pitcher-682051,pitcher,682051,Garrett Hill,704
pitcher-682052,pitcher,682052,Jacob Lopez,1088
pitcher-682073,pitcher,682073,David Hensley,12
pitcher-682120,pitcher,682120,Tim Herrin,1158
pitcher-682144,pitcher,682144,Jayvien Sandridge,15
pitcher-682171,pitcher,682171,Penn Murfee,721
pitcher-682175,pitcher,682175,Joe Jacques,276
pitcher-682227,pitcher,682227,Brandon Williamson,1144
pitcher-682243,pitcher,682243,Bryce Miller,3045
pitcher-682254,pitcher,682254,Mason Montgomery,464
pitcher-682274,pitcher,682274,Yaramil Hiraldo,131
pitcher-682515,pitcher,682515,Logan Porter,7
pitcher-682610,pitcher,682610,Roddery Muñoz,868
pitcher-682790,pitcher,682790,Wikelman González,203
pitcher-682825,pitcher,682825,Luis Mey,230
pitcher-682842,pitcher,682842,Abner Uribe,1041
pitcher-682847,pitcher,682847,Luis Ortiz,2737
pitcher-682967,pitcher,682967,Devin Sweet,86
pitcher-682989,pitcher,682989,Victor Mederos,274
pitcher-682990,pitcher,682990,Quinn Priester,2103
pitcher-682995,pitcher,682995,Hunter Barco,20
pitcher-683003,pitcher,683003,Jared Jones,891
pitcher-683004,pitcher,683004,Jack Leiter,1588
pitcher-683021,pitcher,683021,Michael Stefanic,11
pitcher-683068,pitcher,683068,Zach Penrod,40
pitcher-683155,pitcher,683155,Joey Estes,1039
pitcher-683175,pitcher,683175,Connor Phillips,413
pitcher-683232,pitcher,683232,Nick Mears,1364
pitcher-683409,pitcher,683409,Angel Chivilli,694
pitcher-683568,pitcher,683568,Jairo Iriarte,90
pitcher-683618,pitcher,683618,Edgardo Henriquez,157
pitcher-683627,pitcher,683627,Anthony Molina,797
pitcher-683766,pitcher,683766,Christian Koss,19
pitcher-683769,pitcher,683769,Hunter Gaddis,1430
pitcher-683822,pitcher,683822,Naoyuki Uwasawa,33
pitcher-684007,pitcher,684007,Shota Imanaga,2089
pitcher-684320,pitcher,684320,Yariel Rodríguez,1397
pitcher-684974,pitcher,684974,Craig Yoho,105
pitcher-685005,pitcher,685005,Christian Roa,26
pitcher-685068,pitcher,685068,Carson Ragsdale,41
pitcher-685107,pitcher,685107,Anthony Veneziano,358
pitcher-685116,pitcher,685116,Austin Kitchen,87
pitcher-685126,pitcher,685126,Brandon Eisert,671
pitcher-685299,pitcher,685299,Tanner Gordon,817
pitcher-685314,pitcher,685314,Andrew Saalfrank,276
pitcher-685326,pitcher,685326,Mccade Brown,268
pitcher-685410,pitcher,685410,Peyton Battenfield,264
pitcher-685493,pitcher,685493,Shun Yamaguchi,231
pitcher-685503,pitcher,685503,Kohei Arihara,566
pitcher-685801,pitcher,685801,Hunter Bigge,245
pitcher-686218,pitcher,686218,Emmet Sheehan,1036
pitcher-686228,pitcher,686228,Juan Burgos,109
pitcher-686249,pitcher,686249,Nathan Wiles,8
pitcher-686294,pitcher,686294,Amos Willingham,232
pitcher-686539,pitcher,686539,Declan Cronin,671
pitcher-686563,pitcher,686563,Jonathan Cannon,1932
pitcher-686580,pitcher,686580,Justin Slaten,561
pitcher-686610,pitcher,686610,Ken Waldichuk,1572
pitcher-686613,pitcher,686613,Hunter Brown,4611
pitcher-686642,pitcher,686642,Fraser Ellard,421
pitcher-686651,pitcher,686651,Levi Stoudt,127
pitcher-686654,pitcher,686654,Ty Adcock,162
pitcher-686676,pitcher,686676,Korey Lee,20
pitcher-686701,pitcher,686701,Ryan Bergert,667
pitcher-686730,pitcher,686730,Carson Spiers,1055
pitcher-686747,pitcher,686747,Joe La Sorsa,475
pitcher-686751,pitcher,686751,Seth Johnson,127
pitcher-686752,pitcher,686752,Ryan Pepiot,3127
pitcher-686753,pitcher,686753,Drey Jameson,568
pitcher-686790,pitcher,686790,Trevor Mcdonald,122
pitcher-686796,pitcher,686796,Blake Walston,178
pitcher-686799,pitcher,686799,Jack Kochanowicz,1313
pitcher-686826,pitcher,686826,Bryce Jarvis,937
pitcher-686839,pitcher,686839,Brendan White,328
pitcher-686842,pitcher,686842,Mckinley Moore,48
pitcher-686930,pitcher,686930,Mason Barnett,222
pitcher-686972,pitcher,686972,Cole Waites,81
pitcher-686973,pitcher,686973,Louis Varland,1552
pitcher-686993,pitcher,686993,Justin Sterner,549
pitcher-687003,pitcher,687003,Brian Van Belle,59
pitcher-687014,pitcher,687014,Nick Avila,103
pitcher-687064,pitcher,687064,Brandon Young,464
pitcher-687074,pitcher,687074,Tyler Owens,41
pitcher-687075,pitcher,687075,Brandon Sproat,147
pitcher-687134,pitcher,687134,Bradley Blalock,788
pitcher-687145,pitcher,687145,Evan Justice,114
pitcher-687166,pitcher,687166,Austin Pope,19
pitcher-687209,pitcher,687209,Zach Maxwell,84
pitcher-687223,pitcher,687223,Carson Palmquist,382
pitcher-687287,pitcher,687287,Patrick Monteverde,40
pitcher-687330,pitcher,687330,Kevin Kelly,1456
pitcher-687362,pitcher,687362,Connor Gillispie,317
pitcher-687377,pitcher,687377,Orlando Ribalta,280
pitcher-687396,pitcher,687396,Brent Headrick,419
pitcher-687424,pitcher,687424,Anthony Maldonado,197
pitcher-687473,pitcher,687473,Ryan Gusto,864
pitcher-687589,pitcher,687589,Dom Hamel,3
pitcher-687606,pitcher,687606,Paxton Schultz,230
pitcher-687765,pitcher,687765,Mitch Spence,1797
pitcher-687792,pitcher,687792,Dj Herz,779
pitcher-687798,pitcher,687798,Nick Robertson,281
pitcher-687830,pitcher,687830,Sawyer Gipson-Long,388
pitcher-687847,pitcher,687847,Marc Church,70
pitcher-687849,pitcher,687849,Zak Kent,166
pitcher-687863,pitcher,687863,Porter Hodge,657
pitcher-687888,pitcher,687888,Brandon Walter,574
pitcher-687911,pitcher,687911,Bryan King,720
pitcher-687922,pitcher,687922,Easton Lucas,397
pitcher-687924,pitcher,687924,Julian Aguiar,253
pitcher-687931,pitcher,687931,Carson Whisenhunt,202
pitcher-688010,pitcher,688010,Nate Fisher,28
pitcher-688107,pitcher,688107,Robert Gasser,244
pitcher-688138,pitcher,688138,Logan Evans,712
pitcher-688158,pitcher,688158,David Morgan,372
pitcher-688297,pitcher,688297,Chris Roycroft,514
pitcher-688427,pitcher,688427,Kolton Ingram,56
pitcher-688497,pitcher,688497,Taylor Rashi,193
pitcher-688642,pitcher,688642,Zach Agnos,263
pitcher-689017,pitcher,689017,Landon Knack,1005
pitcher-689147,pitcher,689147,Orion Kerkering,1198
pitcher-689167,pitcher,689167,Jeff Lindgren,54
pitcher-689172,pitcher,689172,Brett Wisely,5
pitcher-689225,pitcher,689225,Beau Brieske,1668
pitcher-689254,pitcher,689254,Mason Fluharty,440
pitcher-689266,pitcher,689266,Dylan Dodd,498
pitcher-689520,pitcher,689520,Cody Laweryson,45
pitcher-689672,pitcher,689672,Drew Thorpe,371
pitcher-689690,pitcher,689690,Alek Jacob,469
pitcher-689958,pitcher,689958,Andrew Walters,72
pitcher-689981,pitcher,689981,River Ryan,153
pitcher-690382,pitcher,690382,Michael Darrell-Hicks,87
pitcher-690544,pitcher,690544,Bailey Horn,265
pitcher-690829,pitcher,690829,Ben Joyce,401
pitcher-690916,pitcher,690916,Richard Fitts,472
pitcher-690925,pitcher,690925,Clayton Beeter,267
pitcher-690928,pitcher,690928,Hunter Dobbins,476
pitcher-690953,pitcher,690953,Mick Abel,352
pitcher-690986,pitcher,690986,Kyle Harrison,1697
pitcher-690990,pitcher,690990,Cade Horton,864
pitcher-690997,pitcher,690997,Nolan Mclean,417
pitcher-691094,pitcher,691094,Randy Wynne,32
pitcher-691172,pitcher,691172,Yosver Zulueta,233
pitcher-691251,pitcher,691251,Andry Lara,127
pitcher-691441,pitcher,691441,Cristian Mena,83
pitcher-691548,pitcher,691548,Rolddy Muñoz,45
pitcher-691587,pitcher,691587,Eury Pérez,1507
pitcher-691594,pitcher,691594,Javier Sanoja,82
pitcher-691769,pitcher,691769,Philip Abner,37
pitcher-691799,pitcher,691799,Grant Taylor,298
pitcher-691951,pitcher,691951,Sam Aldegheri,286
pitcher-692024,pitcher,692024,Alex Carrillo,46
pitcher-692030,pitcher,692030,Jose Corniell,16
pitcher-692230,pitcher,692230,Carlos Rodriguez,223
pitcher-692285,pitcher,692285,Luis Guerrero,220
pitcher-693312,pitcher,693312,Kyle Nicolas,846
pitcher-693313,pitcher,693313,Carson Seymour,335
pitcher-693433,pitcher,693433,Bryan Woo,2709
pitcher-693645,pitcher,693645,Cam Schlittler,607
pitcher-693821,pitcher,693821,Bryce Elder,3585
pitcher-693855,pitcher,693855,Ian Seymour,478
pitcher-694037,pitcher,694037,Daniel Palencia,785
pitcher-694297,pitcher,694297,Brandon Pfaadt,3636
pitcher-694335,pitcher,694335,Matt Svanson,521
pitcher-694350,pitcher,694350,Zach Brzykcy,273
pitcher-694359,pitcher,694359,Niko Kavadas,11
pitcher-694361,pitcher,694361,Will Klein,253
pitcher-694363,pitcher,694363,Jared Shuster,1212
pitcher-694462,pitcher,694462,Hurston Waldrep,527
pitcher-694477,pitcher,694477,Chad Patrick,989
pitcher-694646,pitcher,694646,Chayce Mcdermott,163
pitcher-694738,pitcher,694738,Landen Roupp,1507
pitcher-694813,pitcher,694813,Gavin Stone,1273
pitcher-694819,pitcher,694819,Jacob Misiorowski,577
pitcher-694851,pitcher,694851,Andrew Hoffmann,117
pitcher-694918,pitcher,694918,Blade Tidwell,173
pitcher-694973,pitcher,694973,Paul Skenes,2521
pitcher-695076,pitcher,695076,Rhett Lowder,257
pitcher-695243,pitcher,695243,Mason Miller,1264
pitcher-695418,pitcher,695418,Brad Lord,1047
pitcher-695445,pitcher,695445,Chase Lee,331
pitcher-695505,pitcher,695505,Chase Burns,341
pitcher-695534,pitcher,695534,Chase Petty,91
pitcher-695549,pitcher,695549,Jackson Jobe,497
pitcher-696131,pitcher,696131,Mason Black,365
pitcher-696136,pitcher,696136,Jordan Wicks,771
pitcher-696147,pitcher,696147,Sam Bachman,339
pitcher-696149,pitcher,696149,Bubba Chandler,219
pitcher-696270,pitcher,696270,Ryan Johnson,141
pitcher-697812,pitcher,697812,Joe Rock,76
pitcher-699134,pitcher,699134,Bradgley Rodriguez,67
pitcher-699911,pitcher,699911,Dugan Darnell,103
pitcher-700187,pitcher,700187,Troy Taylor,249
pitcher-700241,pitcher,700241,Michael Mcgreevy,902
pitcher-700249,pitcher,700249,Cade Povich,1734
pitcher-700270,pitcher,700270,Yilber Díaz,286
pitcher-700363,pitcher,700363,Aj Smith-Shawver,641
pitcher-700669,pitcher,700669,Gordon Graceffo,386
pitcher-701121,pitcher,701121,Logan Vanwey,98
pitcher-701487,pitcher,701487,Pierson Ohl,259
pitcher-701519,pitcher,701519,Travis Adams,335
pitcher-701542,pitcher,701542,Will Warren,1796
pitcher-701552,pitcher,701552,Andre Granillo,173
pitcher-701581,pitcher,701581,David Festa,933
pitcher-701643,pitcher,701643,Grant Hartwig,418
pitcher-701656,pitcher,701656,Logan Henderson,184
pitcher-702056,pitcher,702056,Trey Yesavage,121
pitcher-702070,pitcher,702070,Noah Cameron,1076
pitcher-702352,pitcher,702352,Spencer Bivens,1033
pitcher-702674,pitcher,702674,Caden Dana,419
pitcher-702752,pitcher,702752,Jonathan Pintaro,17
pitcher-702795,pitcher,702795,Ryan Loutos,137
pitcher-703231,pitcher,703231,James Meeker,10
pitcher-800048,pitcher,800048,Parker Messick,323
pitcher-800049,pitcher,800049,Adam Mazur,550
pitcher-800311,pitcher,800311,Didier Fuentes,152
pitcher-801139,pitcher,801139,Payton Tolle,139
pitcher-801216,pitcher,801216,Christian Montes De Oca,29
pitcher-801403,pitcher,801403,Chase Dollander,913
pitcher-801434,pitcher,801434,Paul Gervase,75
pitcher-802419,pitcher,802419,Tom Harrington,100
pitcher-802686,pitcher,802686,Hayden Harris,23
pitcher-804636,pitcher,804636,Jonah Tong,189
pitcher-805123,pitcher,805123,Aj Blubaugh,255
pitcher-805299,pitcher,805299,Brandyn Garcia,148
pitcher-805427,pitcher,805427,Drew Sommers,48
pitcher-805673,pitcher,805673,Zebby Matthews,974
pitcher-806185,pitcher,806185,Hayden Birdsong,1353
pitcher-806188,pitcher,806188,Cade Gibson,489
pitcher-806960,pitcher,806960,Luis Morales,447
pitcher-808963,pitcher,808963,Roki Sasaki,331
pitcher-808967,pitcher,808967,Yoshinobu Yamamoto,2150
pitcher-813349,pitcher,813349,Connelly Early,151
pitcher-814005,pitcher,814005,Jake Bloss,111
pitcher-815083,pitcher,815083,Mitch Farris,193
pitcher-820862,pitcher,820862,José Fermin,330
pitcher-829272,pitcher,829272,Shinnosuke Ogasawara,350
