person_key,season,effect_per_100,se_per_100,pitches
umpire-427013,2015,-0.63038,0.40346,4000
umpire-427019,2015,1.48142,0.45599,4650
umpire-427044,2015,-0.72628,0.53184,3863
umpire-427053,2015,-0.98,0.50532,4451
umpire-427058,2015,-0.27493,0.53143,3982
umpire-427081,2015,0.50547,0.35002,4149
umpire-427090,2015,-0.65847,0.46171,4242
umpire-427093,2015,1.46059,0.32406,4217
umpire-427095,2015,-0.1037,0.61766,3600
umpire-427099,2015,1.15575,0.41768,4424
umpire-427103,2015,-1.26935,0.32649,4247
umpire-427108,2015,-2.46087,0.32282,3652
umpire-427113,2015,-0.67152,0.47165,4700
umpire-427115,2015,-0.1071,0.45083,2388
umpire-427128,2015,-0.71648,0.49352,4157
umpire-427129,2015,0.37989,0.62105,3037
umpire-427139,2015,2.9322,0.41748,4255
umpire-427144,2015,-1.41938,0.37075,4511
umpire-427156,2015,2.33637,0.41482,4238
umpire-427164,2015,-0.22551,0.37953,4531
umpire-427168,2015,0.30887,0.38167,4474
umpire-427184,2015,-2.33353,0.40584,4458
umpire-427192,2015,1.5554,0.53909,2828
umpire-427197,2015,-0.62113,0.42769,4406
umpire-427206,2015,-0.87876,0.349,3829
umpire-427220,2015,2.59939,0.40115,4757
umpire-427224,2015,0.10459,0.46666,3874
umpire-427229,2015,1.45396,0.42144,4402
umpire-427235,2015,-0.28089,0.48081,3880
umpire-427243,2015,0.27282,0.35672,4520
umpire-427248,2015,1.0938,0.4878,4458
umpire-427261,2015,-1.33583,0.44237,3178
umpire-427269,2015,-0.73059,0.41684,3543
umpire-427286,2015,-0.01031,0.54662,4259
umpire-427292,2015,2.43047,0.43117,4441
umpire-427299,2015,0.17436,0.88517,1560
umpire-427315,2015,-2.59002,0.48817,4136
umpire-427339,2015,-1.43439,0.32674,4919
umpire-427344,2015,3.75472,0.43775,4515
umpire-427361,2015,0.24176,0.56476,3568
umpire-427362,2015,1.11762,0.30367,4701
umpire-427366,2015,1.305,0.5224,3669
umpire-427413,2015,0.32586,0.5133,4010
umpire-427424,2015,-0.26591,0.40026,4633
umpire-427454,2015,-0.90601,0.51707,4291
umpire-427457,2015,-1.19997,0.51382,3892
umpire-427509,2015,0.19314,0.47519,4417
umpire-427520,2015,-0.54079,0.42199,4391
umpire-427533,2015,-1.14624,0.32086,4636
umpire-427534,2015,-0.66791,0.45007,3992
umpire-427537,2015,0.79625,0.40643,4223
umpire-427538,2015,-0.33132,0.50131,5035
umpire-427545,2015,1.31587,0.62783,4177
umpire-427552,2015,0.39313,0.49986,3844
umpire-427554,2015,0.6574,0.31451,4053
umpire-428442,2015,-1.89611,0.44298,3994
umpire-429805,2015,0.12657,0.54821,3675
umpire-431232,2015,0.28816,0.40344,3998
umpire-482608,2015,-1.06295,0.46878,2882
umpire-482620,2015,-1.01353,0.37892,4233
umpire-482631,2015,0.90657,0.61443,4406
umpire-482641,2015,0.86239,0.42728,4313
umpire-482663,2015,-0.59142,0.49776,3955
umpire-482666,2015,0.07485,0.5791,2875
umpire-483561,2015,1.85135,0.49342,4153
umpire-483564,2015,0.32958,0.50946,4427
umpire-483569,2015,1.17266,0.54147,4422
umpire-483630,2015,-0.15625,0.49499,4090
umpire-483912,2015,0.14464,0.5166,4170
umpire-483919,2015,1.46597,0.33202,4001
umpire-484183,2015,-0.00898,0.36978,4639
umpire-484198,2015,0.76488,0.54518,4155
umpire-484499,2015,0.51385,0.50496,4835
umpire-489942,2015,-0.00213,0.59277,2943
umpire-489954,2015,0.54691,0.45303,4383
umpire-489985,2015,1.51041,0.9043,135
umpire-490319,2015,0.24525,0.51741,4523
umpire-503077,2015,1.43307,0.34179,5159
umpire-503470,2015,-1.97453,1.11811,157
umpire-503490,2015,0.47627,0.40675,4071
umpire-503493,2015,-1.68748,0.69484,1743
umpire-503502,2015,-1.47477,0.5405,3097
umpire-503586,2015,-0.67482,0.41255,4217
umpire-504381,2015,1.15746,0.56248,3332
umpire-511890,2015,0.29691,0.52204,3454
umpire-521251,2015,-0.24251,0.51346,3084
umpire-521889,2015,-0.95423,0.84828,565
umpire-524988,2015,-3.67638,0.4809,1970
umpire-544563,2015,-1.46758,0.99805,777
umpire-547380,2015,-2.34851,0.52992,879
umpire-573596,2015,0.72553,0.41629,3195
umpire-573597,2015,-0.49105,0.36236,4715
catcher-150229,2015,-0.46539,0.4126,7434
catcher-408042,2015,-1.28278,0.82265,39
catcher-408242,2015,-0.27702,0.67437,294
catcher-424325,2015,0.91176,0.53322,3250
catcher-425772,2015,2.02661,0.61492,2074
catcher-425784,2015,1.13241,0.40432,6412
catcher-425877,2015,1.40503,0.38561,8829
catcher-425900,2015,-0.31803,0.59954,2441
catcher-430910,2015,0.12627,0.44351,6309
catcher-431145,2015,1.58544,0.38117,7694
catcher-434563,2015,-1.33972,0.37033,6115
catcher-434567,2015,0.86877,0.60568,3864
catcher-435064,2015,1.57127,0.49838,3079
catcher-435263,2015,0.97065,0.33704,8783
catcher-435559,2015,-0.23371,0.34486,8670
catcher-446192,2015,-1.2541,0.84736,67
catcher-446225,2015,-1.1559,1.10101,102
catcher-446308,2015,-0.42304,0.46691,4084
catcher-446653,2015,1.46371,0.65011,2824
catcher-449786,2015,0.44733,0.68102,2595
catcher-450317,2015,-1.31886,0.66582,1279
catcher-451109,2015,-3.73822,0.69759,716
catcher-452095,2015,2.24399,0.43285,7142
catcher-452672,2015,0.62108,0.49154,3949
catcher-454560,2015,-1.14723,0.48221,3621
catcher-455104,2015,1.7559,0.34493,5934
catcher-455117,2015,1.50783,0.5345,5061
catcher-455139,2015,-0.86564,0.48415,5606
catcher-455755,2015,2.2439,0.61903,2785
catcher-456078,2015,-0.34108,0.37045,6163
catcher-456124,2015,-0.35989,0.50593,269
catcher-457454,2015,-1.52959,0.49342,3186
catcher-457574,2015,-0.89793,0.76418,1076
catcher-457762,2015,-3.77135,2.07327,144
catcher-457763,2015,1.53036,0.44955,7026
catcher-460003,2015,0.7514,1.14967,244
catcher-460026,2015,-0.86171,0.33834,7318
catcher-460077,2015,-1.15045,0.52968,2375
catcher-460269,2015,-0.59065,0.45377,2231
catcher-465041,2015,2.30899,0.3243,8548
catcher-467092,2015,0.40608,0.37354,8049
catcher-471083,2015,1.36842,0.42918,6518
catcher-474233,2015,1.47211,0.46629,4208
catcher-476192,2015,-0.76804,0.96011,603
catcher-488671,2015,-1.55767,0.46535,3070
catcher-488771,2015,1.79236,0.46275,7101
catcher-488810,2015,0.00777,0.74456,2378
catcher-488912,2015,0.13773,0.41213,2540
catcher-489232,2015,-1.2678,0.71431,1516
catcher-489365,2015,1.35297,0.9666,960
catcher-491696,2015,1.41569,0.44463,3135
catcher-500207,2015,0.75409,1.05778,418
catcher-501647,2015,1.27284,0.72496,120
catcher-502023,2015,-0.41448,0.78173,59
catcher-502182,2015,-0.48987,0.86093,487
catcher-502213,2015,-0.29319,1.01176,375
catcher-502374,2015,0.71556,0.65872,2151
catcher-502570,2015,2.34873,2.08989,120
catcher-506702,2015,-1.34557,0.52447,2356
catcher-506747,2015,-0.59281,0.96758,187
catcher-506997,2015,1.69395,0.77354,138
catcher-516949,2015,-1.4088,1.12743,778
catcher-518542,2015,-1.89638,1.51548,424
catcher-518595,2015,3.10573,0.45489,4437
catcher-518700,2015,0.64521,1.01678,525
catcher-518735,2015,3.44846,0.36299,6879
catcher-518960,2015,0.85458,0.45928,5960
catcher-519023,2015,0.24369,1.45859,375
catcher-519083,2015,2.14213,0.41724,8746
catcher-519237,2015,-0.35848,0.3886,5337
catcher-519390,2015,-0.095,0.45805,6586
catcher-519425,2015,-0.0711,0.99719,202
catcher-521692,2015,-0.27323,0.35987,9820
catcher-541608,2015,-1.99431,1.00395,399
catcher-542194,2015,-0.67902,0.57208,3072
catcher-542208,2015,0.33205,0.51631,5387
catcher-542513,2015,-6.14587,1.14558,468
catcher-542908,2015,0.0534,0.14067,10
catcher-542942,2015,-3.90344,0.83779,781
catcher-542963,2015,-2.85557,0.75846,734
catcher-543228,2015,0.29116,0.45269,5884
catcher-543302,2015,-1.20649,0.55291,2145
catcher-543308,2015,-1.0824,1.34528,725
catcher-543376,2015,1.57471,0.44229,6697
catcher-543432,2015,-1.33562,0.5689,1916
catcher-543510,2015,-1.24175,0.3588,7735
catcher-545358,2015,-1.23915,1.07192,351
catcher-547379,2015,0.69241,0.42521,4286
catcher-571466,2015,1.11039,0.43287,5138
catcher-571467,2015,1.88338,1.191,249
catcher-571912,2015,-0.36897,0.8179,668
catcher-571974,2015,1.03953,0.45231,3508
catcher-572033,2015,-0.61395,0.50324,4317
catcher-572180,2015,0.72743,0.42175,2376
catcher-572287,2015,1.63358,0.36964,7243
catcher-572863,2015,-3.03296,0.9157,1466
catcher-591712,2015,-1.17587,0.74315,593
catcher-592200,2015,1.47378,0.68581,2142
catcher-592407,2015,-0.92459,0.87495,1170
catcher-592663,2015,-0.27097,0.45278,8206
catcher-592774,2015,-1.12584,1.43701,39
catcher-595978,2015,2.48673,0.66571,2962
catcher-596119,2015,-0.88048,0.37632,5945
catcher-600474,2015,1.10382,0.64743,78
catcher-605131,2015,1.28875,0.67476,613
catcher-608596,2015,-1.89686,0.71851,806
catcher-608700,2015,2.40195,0.43511,4514
catcher-623143,2015,-2.26743,0.84191,866
catcher-656941,2015,-0.3536,0.80423,1206
pitcher-112526,2015,-0.09159,0.71619,1345
pitcher-115629,2015,2.41202,0.8914,255
pitcher-136600,2015,0.16537,0.23495,57
pitcher-150116,2015,1.32978,0.8848,317
pitcher-150274,2015,0.02113,0.01723,1
pitcher-150302,2015,-0.29927,0.95718,394
pitcher-150359,2015,1.97127,0.93505,1291
pitcher-217096,2015,-0.39213,0.58781,93
pitcher-218596,2015,1.18126,0.81659,924
pitcher-234194,2015,-1.74719,0.86833,57
pitcher-276351,2015,0.90943,1.13095,275
pitcher-276514,2015,0.88876,1.45367,104
pitcher-276542,2015,-1.02175,0.99635,473
pitcher-279571,2015,2.14344,1.14196,303
pitcher-279824,2015,0.28152,0.85032,1404
pitcher-282332,2015,0.11558,0.63257,1401
pitcher-285064,2015,0.62496,0.64717,1269
pitcher-285079,2015,-1.24789,0.76617,1591
pitcher-329092,2015,0.46007,1.03025,210
pitcher-346793,2015,-0.73079,1.02586,303
pitcher-346797,2015,0.48235,0.74737,47
pitcher-346798,2015,1.80361,0.79505,1299
pitcher-346847,2015,2.64264,1.10499,337
pitcher-400085,2015,-1.34501,1.21165,6
pitcher-400089,2015,-0.76957,1.92913,45
pitcher-407793,2015,-0.98357,0.64637,1464
pitcher-407819,2015,1.79313,0.90097,280
pitcher-407822,2015,-0.44621,0.81175,1181
pitcher-407845,2015,0.84136,1.00992,613
pitcher-407890,2015,1.14847,0.69208,1595
pitcher-407908,2015,-1.00632,1.06883,225
pitcher-408061,2015,2.56015,1.32303,383
pitcher-408241,2015,0.35313,0.82298,842
pitcher-421685,2015,0.4173,0.5797,1402
pitcher-424144,2015,1.33069,1.01889,366
pitcher-424325,2015,0.80179,0.55126,6
pitcher-425386,2015,0.11899,0.44718,1272
pitcher-425492,2015,-1.66329,0.88542,426
pitcher-425532,2015,1.94458,0.65334,956
pitcher-425543,2015,0.08438,0.12267,10
pitcher-425560,2015,-0.33872,0.2978,8
pitcher-425626,2015,-0.75676,1.15784,361
pitcher-425657,2015,2.3251,1.13996,279
pitcher-425786,2015,2.98025,1.09733,167
pitcher-425794,2015,-0.97149,0.9397,172
pitcher-425796,2015,1.65741,1.11167,30
pitcher-425835,2015,3.03202,1.68384,60
pitcher-425840,2015,-0.84917,1.08369,532
pitcher-425844,2015,0.96405,0.83221,1610
pitcher-425856,2015,0.2551,0.88585,106
pitcher-429400,2015,-2.63934,1.55344,206
pitcher-429717,2015,1.5702,0.71408,1527
pitcher-429719,2015,1.14896,1.26568,420
pitcher-429722,2015,-1.26378,0.81976,844
pitcher-429780,2015,0.82489,0.89624,233
pitcher-429781,2015,2.1667,1.43349,211
pitcher-429783,2015,1.49056,1.23593,300
pitcher-430404,2015,0.65878,0.4956,12
pitcher-430580,2015,-1.27232,0.56018,1534
pitcher-430589,2015,-0.54397,1.11593,338
pitcher-430599,2015,1.72166,0.80327,533
pitcher-430605,2015,-0.04346,0.08537,15
pitcher-430613,2015,-1.88904,1.46191,76
pitcher-430630,2015,1.36095,1.52186,271
pitcher-430641,2015,-1.60889,1.02313,439
pitcher-430661,2015,-2.51748,1.55431,242
pitcher-430911,2015,1.89855,1.00199,222
pitcher-430912,2015,-0.70482,0.67999,492
pitcher-430935,2015,1.26376,0.53565,1553
pitcher-431148,2015,0.61238,0.96344,1440
pitcher-431162,2015,1.02754,1.00514,214
pitcher-432934,2015,-0.70846,0.60695,1018
pitcher-433579,2015,0.51118,0.73104,1406
pitcher-433584,2015,1.61134,0.77696,697
pitcher-433585,2015,1.70697,0.89043,211
pitcher-433586,2015,2.84422,0.84706,488
pitcher-433587,2015,1.75908,0.66309,1493
pitcher-433589,2015,0.14708,0.79871,525
pitcher-434137,2015,0.42589,0.84334,135
pitcher-434378,2015,1.73975,0.7436,1073
pitcher-434442,2015,1.74745,1.12179,389
pitcher-434538,2015,0.81238,0.59691,1541
pitcher-434540,2015,0.54573,0.46294,11
pitcher-434622,2015,0.33898,0.67068,1677
pitcher-434628,2015,0.53793,0.75476,1351
pitcher-434643,2015,2.42958,0.78527,863
pitcher-434665,2015,0.848,1.01757,186
pitcher-434671,2015,0.10802,0.92684,1337
pitcher-434678,2015,-0.15664,0.17535,23
pitcher-434718,2015,1.85032,0.90233,496
pitcher-435043,2015,-0.85311,0.82859,540
pitcher-435044,2015,1.74405,0.79667,92
pitcher-435045,2015,-2.85207,0.82425,120
pitcher-435221,2015,0.55585,0.63073,185
pitcher-435400,2015,1.34089,1.32011,355
pitcher-444436,2015,2.01265,0.98965,330
pitcher-444446,2015,-1.27043,1.13934,148
pitcher-444468,2015,1.65239,0.87788,519
pitcher-444520,2015,2.20871,0.84107,479
pitcher-444836,2015,0.41619,0.26825,60
pitcher-444857,2015,-1.01329,0.83497,893
pitcher-444935,2015,-2.5272,1.12254,209
pitcher-445060,2015,-1.52324,0.88389,328
pitcher-445163,2015,1.99099,1.22531,301
pitcher-445170,2015,0.57381,1.11738,138
pitcher-445197,2015,-1.14507,0.73664,501
pitcher-445213,2015,2.36376,1.80514,73
pitcher-445276,2015,-0.33513,1.0976,339
pitcher-445590,2015,2.44798,1.36927,376
pitcher-445612,2015,-3.3302,0.89656,293
pitcher-445926,2015,2.70106,0.57893,1395
pitcher-445968,2015,-0.60126,0.96377,33
pitcher-446099,2015,0.77466,1.15229,545
pitcher-446321,2015,0.03345,0.86767,607
pitcher-446372,2015,0.25281,0.55919,1529
pitcher-446399,2015,1.34072,0.98298,376
pitcher-446899,2015,3.00716,0.78816,467
pitcher-447714,2015,0.04116,0.99106,249
pitcher-447755,2015,-0.38458,1.26467,240
pitcher-448159,2015,-1.97706,0.76694,247
pitcher-448178,2015,0.41758,0.70612,581
pitcher-448179,2015,-0.18177,0.87642,230
pitcher-448281,2015,-1.05279,1.34959,114
pitcher-448306,2015,-0.27276,0.73063,1675
pitcher-448609,2015,2.16926,1.21245,398
pitcher-448614,2015,-2.05546,1.03978,418
pitcher-448802,2015,-1.74462,1.021,897
pitcher-448855,2015,-0.42601,0.97244,25
pitcher-449079,2015,-2.72261,2.17877,66
pitcher-449097,2015,1.65035,1.16079,372
pitcher-449170,2015,-2.33272,1.01729,100
pitcher-450172,2015,-0.24873,0.57276,1697
pitcher-450203,2015,0.36557,0.75023,988
pitcher-450212,2015,-0.09081,1.04991,392
pitcher-450275,2015,0.59583,0.9091,409
pitcher-450282,2015,0.27838,1.10964,352
pitcher-450306,2015,1.29267,0.91471,375
pitcher-450308,2015,0.34351,0.75059,1275
pitcher-450351,2015,-0.79619,0.59348,1120
pitcher-450665,2015,-0.57007,0.92569,481
pitcher-450729,2015,-0.76801,0.94661,866
pitcher-451085,2015,-1.07705,1.0007,402
pitcher-451532,2015,0.29132,0.69935,292
pitcher-451584,2015,2.05624,1.04476,538
pitcher-451596,2015,2.34228,0.55218,1781
pitcher-451661,2015,-0.36602,1.01737,404
pitcher-451775,2015,-0.2808,0.78984,450
pitcher-451788,2015,2.17991,1.20427,297
pitcher-452027,2015,0.25812,0.21297,21
pitcher-452657,2015,3.06823,0.636,1664
pitcher-452666,2015,0.38149,0.93415,537
pitcher-452718,2015,1.41254,0.6169,1126
pitcher-452733,2015,-1.52438,0.93266,363
pitcher-453156,2015,-0.65915,1.06065,293
pitcher-453172,2015,-1.26452,0.83026,429
pitcher-453178,2015,0.07113,0.69711,1443
pitcher-453192,2015,-1.43217,0.91366,517
pitcher-453203,2015,0.24193,0.21219,9
pitcher-453214,2015,-0.74369,1.26423,651
pitcher-453222,2015,1.32518,1.20486,287
pitcher-453249,2015,0.12373,1.23629,279
pitcher-453264,2015,0.15611,1.16554,36
pitcher-453265,2015,1.57654,1.13581,504
pitcher-453286,2015,-0.22822,0.66558,1439
pitcher-453307,2015,1.13544,0.65248,42
pitcher-453311,2015,-0.8341,0.66299,671
pitcher-453329,2015,-0.55396,0.8147,822
pitcher-453343,2015,1.30138,0.98964,498
pitcher-453344,2015,2.58974,1.65903,237
pitcher-453385,2015,-0.07479,1.17091,294
pitcher-453562,2015,-0.606,0.71304,1753
pitcher-453646,2015,2.29585,0.79495,458
pitcher-453895,2015,-0.13287,0.1134,11
pitcher-455009,2015,0.14141,1.0636,459
pitcher-455119,2015,1.00148,1.33544,214
pitcher-455374,2015,1.3767,0.93845,478
pitcher-456027,2015,-2.30212,1.5965,180
pitcher-456034,2015,0.12423,0.62957,1616
pitcher-456051,2015,0.20296,1.14969,289
pitcher-456068,2015,1.11679,0.51191,1184
pitcher-456071,2015,-1.61527,0.94651,578
pitcher-456121,2015,0.17633,0.18071,1
pitcher-456379,2015,0.27138,0.78885,570
pitcher-456496,2015,-0.50025,0.98679,251
pitcher-456501,2015,2.10118,0.69823,1599
pitcher-456696,2015,-0.88366,1.15284,283
pitcher-456701,2015,1.14147,0.73946,78
pitcher-456776,2015,1.05493,1.21582,353
pitcher-457117,2015,2.0074,0.8368,188
pitcher-457429,2015,1.24677,0.9427,322
pitcher-457435,2015,0.21971,1.17663,103
pitcher-457448,2015,0.79705,1.33593,161
pitcher-457711,2015,-0.02761,0.59536,583
pitcher-457732,2015,-0.53314,0.74338,80
pitcher-457744,2015,-0.98564,0.86011,243
pitcher-457754,2015,-1.60867,1.0014,188
pitcher-457768,2015,-2.20854,0.88289,463
pitcher-457915,2015,-0.57094,0.73714,19
pitcher-457918,2015,0.77009,0.73619,1416
pitcher-458006,2015,1.32415,0.93665,312
pitcher-458584,2015,-2.49453,0.87257,364
pitcher-458677,2015,-2.34653,0.81008,483
pitcher-458678,2015,-1.09909,1.4436,138
pitcher-458681,2015,1.04046,0.86092,1578
pitcher-458690,2015,-0.30225,0.26924,8
pitcher-458708,2015,1.79434,0.88597,475
pitcher-458730,2015,-0.58909,1.19777,216
pitcher-458919,2015,-2.04761,1.03948,458
pitcher-459429,2015,0.56851,1.03151,283
pitcher-459967,2015,0.43512,1.09397,181
pitcher-459987,2015,0.68346,0.97211,363
pitcher-460008,2015,0.68544,1.76504,115
pitcher-460024,2015,1.32411,0.69548,441
pitcher-460059,2015,0.84739,0.75872,1399
pitcher-460156,2015,-0.00413,0.85826,408
pitcher-460283,2015,2.06212,1.03691,32
pitcher-460701,2015,0.67359,0.76088,253
pitcher-461325,2015,0.36504,0.80628,578
pitcher-461815,2015,-0.62735,0.49626,8
pitcher-461829,2015,3.17305,0.94168,1539
pitcher-461833,2015,-0.95224,0.74922,1064
pitcher-461872,2015,3.0463,1.3644,88
pitcher-462089,2015,0.76065,1.05736,21
pitcher-462136,2015,-0.42577,0.68518,1408
pitcher-462382,2015,-3.2881,1.13716,507
pitcher-462515,2015,3.02807,1.02821,250
pitcher-462945,2015,2.15477,0.9896,192
pitcher-462985,2015,-0.56843,0.69528,501
pitcher-464416,2015,1.4797,1.22577,135
pitcher-465629,2015,-2.00761,0.96566,295
pitcher-465657,2015,1.98061,0.83313,547
pitcher-465679,2015,-3.79543,1.06908,193
pitcher-466948,2015,0.86208,0.84956,450
pitcher-467008,2015,-0.49418,0.73393,501
pitcher-467094,2015,-3.45565,0.984,653
pitcher-467100,2015,-0.86048,0.79144,767
pitcher-467785,2015,-0.8399,1.60397,192
pitcher-468396,2015,-0.52715,0.76603,552
pitcher-468504,2015,-0.11979,1.15204,239
pitcher-469134,2015,-0.88458,0.93243,288
pitcher-471822,2015,-1.49367,1.02855,485
pitcher-471911,2015,1.26254,0.56477,1278
pitcher-472551,2015,-2.8765,1.33416,404
pitcher-472610,2015,-1.28207,0.81638,535
pitcher-473879,2015,-0.03595,0.87587,510
pitcher-474029,2015,2.30122,0.93151,378
pitcher-474284,2015,-0.48353,1.17262,196
pitcher-474463,2015,-2.02654,0.76762,1402
pitcher-474521,2015,0.22247,1.06783,610
pitcher-474668,2015,-1.32602,0.9223,27
pitcher-474699,2015,0.70135,1.04554,570
pitcher-475054,2015,-0.5155,0.97782,381
pitcher-475115,2015,0.02538,0.73742,1706
pitcher-475138,2015,0.1023,0.6666,39
pitcher-475243,2015,1.90645,0.67962,877
pitcher-475416,2015,-1.48009,0.99097,560
pitcher-475479,2015,-1.07885,0.79218,1042
pitcher-475857,2015,-1.87084,0.81835,107
pitcher-476451,2015,1.30682,0.44096,1202
pitcher-476454,2015,-0.60416,0.86771,757
pitcher-476570,2015,0.704,1.48533,95
pitcher-476589,2015,0.72899,0.75569,1141
pitcher-476595,2015,0.20191,0.19682,20
pitcher-477003,2015,-1.84225,0.71784,1411
pitcher-477132,2015,0.33101,0.69885,1536
pitcher-477195,2015,-0.77283,0.64296,11
pitcher-477229,2015,-1.07643,1.44879,64
pitcher-477569,2015,0.68617,0.78423,462
pitcher-488674,2015,0.73682,1.04529,565
pitcher-488768,2015,0.79654,0.6339,1597
pitcher-488786,2015,-0.99091,0.61532,19
pitcher-488846,2015,-0.89463,0.74516,364
pitcher-488984,2015,-3.88327,1.17271,398
pitcher-489002,2015,-0.99701,1.582,67
pitcher-489039,2015,1.08119,0.83884,45
pitcher-489119,2015,2.16734,0.75303,1684
pitcher-489138,2015,-0.02252,0.02518,2
pitcher-489265,2015,3.37646,0.94095,435
pitcher-489267,2015,-1.30965,0.82196,17
pitcher-489294,2015,-1.47301,0.84987,342
pitcher-489295,2015,-0.38778,1.23085,74
pitcher-489334,2015,-1.03422,0.81346,27
pitcher-489446,2015,1.15193,1.14365,212
pitcher-490063,2015,0.94178,0.71445,1144
pitcher-491159,2015,-0.64762,1.06969,221
pitcher-491646,2015,-0.28706,0.89359,590
pitcher-491696,2015,0.09741,0.16875,11
pitcher-491703,2015,0.8319,0.7868,390
pitcher-491708,2015,-0.96028,0.83629,513
pitcher-493117,2015,1.42532,1.22637,12
pitcher-493157,2015,1.89126,0.89121,288
pitcher-493159,2015,1.00486,0.80429,276
pitcher-493247,2015,-1.44151,0.93721,72
pitcher-493351,2015,0.97533,0.93425,8
pitcher-493603,2015,-1.01838,1.69627,80
pitcher-500610,2015,0.93519,1.65505,143
pitcher-500721,2015,-0.83626,0.94437,211
pitcher-500724,2015,-2.36039,1.41821,201
pitcher-500779,2015,0.59235,0.53517,1651
pitcher-500891,2015,0.45321,1.22553,43
pitcher-501381,2015,0.24658,0.73928,1208
pitcher-501563,2015,-1.18114,0.88146,94
pitcher-501593,2015,0.55106,1.00172,363
pitcher-501625,2015,1.35494,0.81372,492
pitcher-501627,2015,-0.55571,0.54771,8
pitcher-501789,2015,-0.06405,0.88512,577
pitcher-501822,2015,1.52095,0.91814,309
pitcher-501870,2015,0.62426,1.84649,52
pitcher-501925,2015,2.81324,1.07318,508
pitcher-501955,2015,-0.07102,0.81902,291
pitcher-501957,2015,-0.47594,0.62743,1539
pitcher-501992,2015,0.54653,0.86705,1263
pitcher-502004,2015,-0.0662,0.90683,459
pitcher-502009,2015,0.9662,0.84332,851
pitcher-502010,2015,2.76897,0.86994,151
pitcher-502026,2015,-1.77681,0.88367,524
pitcher-502032,2015,0.78045,0.8685,790
pitcher-502042,2015,-0.89751,0.57475,1732
pitcher-502043,2015,0.55686,0.48101,1611
pitcher-502046,2015,1.54561,0.77065,1437
pitcher-502051,2015,1.60982,0.60287,96
pitcher-502083,2015,-0.16956,0.81795,610
pitcher-502085,2015,2.98623,1.03111,490
pitcher-502087,2015,0.90581,0.33951,55
pitcher-502154,2015,3.27723,0.91001,431
pitcher-502162,2015,0.38668,0.72178,40
pitcher-502166,2015,-0.84048,0.52327,45
pitcher-502188,2015,-1.16859,0.72213,1584
pitcher-502190,2015,1.78003,0.83133,1406
pitcher-502202,2015,0.33746,1.0297,553
pitcher-502211,2015,-0.59926,0.84049,998
pitcher-502239,2015,-0.22816,0.82452,352
pitcher-502260,2015,-1.95341,1.11214,122
pitcher-502264,2015,-1.4904,0.8343,193
pitcher-502272,2015,0.02503,0.79501,459
pitcher-502281,2015,-1.73248,1.33242,16
pitcher-502304,2015,-1.46538,1.23941,179
pitcher-502327,2015,-1.0572,0.56617,1709
pitcher-502381,2015,0.15679,1.05271,384
pitcher-502462,2015,1.19335,0.85058,135
pitcher-502522,2015,-0.49887,1.10384,249
pitcher-502578,2015,-1.11946,0.91835,229
pitcher-502593,2015,-0.31493,0.9939,384
pitcher-502624,2015,0.13,0.61094,1232
pitcher-502706,2015,1.63279,0.83813,473
pitcher-502748,2015,1.0838,0.79038,51
pitcher-503285,2015,0.42426,1.07609,532
pitcher-503449,2015,-0.41094,0.88508,893
pitcher-504083,2015,-1.59071,1.18935,144
pitcher-504186,2015,-0.5219,1.43433,204
pitcher-504379,2015,-0.87454,1.18611,541
pitcher-506560,2015,-0.03382,0.0361,1
pitcher-506693,2015,-0.6307,0.70881,160
pitcher-514669,2015,1.53834,1.45981,121
pitcher-514981,2015,0.75117,0.37302,77
pitcher-515052,2015,-0.805,1.44083,224
pitcher-516414,2015,-2.87492,1.09007,246
pitcher-516589,2015,1.129,1.22953,177
pitcher-516714,2015,0.03129,0.87758,30
pitcher-516769,2015,-1.97794,0.81091,47
pitcher-516910,2015,-1.09669,1.10359,586
pitcher-516935,2015,-2.19541,1.95868,83
pitcher-516969,2015,-0.3197,1.07453,489
pitcher-516970,2015,-1.52092,0.93355,231
pitcher-517008,2015,2.12067,0.85424,850
pitcher-517059,2015,-0.48364,0.3471,41
pitcher-517414,2015,-0.58444,0.62323,632
pitcher-517593,2015,-1.72947,0.56407,1461
pitcher-518397,2015,-0.52805,0.89219,43
pitcher-518418,2015,-1.76602,1.11046,58
pitcher-518420,2015,-0.2701,1.80728,124
pitcher-518452,2015,2.37897,1.03532,940
pitcher-518468,2015,1.08696,0.82921,487
pitcher-518516,2015,0.56871,0.7161,1565
pitcher-518526,2015,-2.96364,1.67419,36
pitcher-518553,2015,1.64315,0.98549,533
pitcher-518567,2015,2.16589,0.75578,981
pitcher-518603,2015,-0.54878,0.65083,698
pitcher-518617,2015,-1.2204,1.01317,556
pitcher-518633,2015,-0.85236,0.52058,1196
pitcher-518653,2015,0.38144,0.32658,9
pitcher-518693,2015,-2.17046,1.32793,389
pitcher-518703,2015,0.54738,1.64443,147
pitcher-518715,2015,1.37398,0.61794,28
pitcher-518716,2015,-1.9019,0.61883,296
pitcher-518748,2015,0.64219,0.80119,468
pitcher-518764,2015,-0.33652,0.33206,29
pitcher-518771,2015,-1.53098,0.89942,192
pitcher-518774,2015,0.35682,0.57768,1381
pitcher-518790,2015,-0.92239,0.57646,1542
pitcher-518813,2015,2.27039,1.1955,359
pitcher-518833,2015,0.72988,0.72411,26
pitcher-518858,2015,-2.28633,1.01281,144
pitcher-518863,2015,-0.91139,1.84456,122
pitcher-518875,2015,0.67052,1.2783,364
pitcher-518886,2015,1.32055,1.10607,521
pitcher-518927,2015,-0.60394,1.06012,448
pitcher-519008,2015,0.12364,1.3655,331
pitcher-519043,2015,0.47515,0.84136,512
pitcher-519076,2015,-1.44508,0.6848,1386
pitcher-519085,2015,-0.28146,1.00507,337
pitcher-519096,2015,1.31843,0.96398,356
pitcher-519141,2015,-1.37148,1.01415,717
pitcher-519144,2015,-0.41438,0.63609,1398
pitcher-519151,2015,-1.77352,1.20058,209
pitcher-519166,2015,-1.175,0.84176,143
pitcher-519168,2015,-1.17754,1.47143,150
pitcher-519169,2015,1.61019,1.10799,165
pitcher-519186,2015,2.22953,1.27786,106
pitcher-519208,2015,-0.00995,0.02682,2
pitcher-519229,2015,-2.55612,1.97803,25
pitcher-519240,2015,-1.72951,1.44165,266
pitcher-519242,2015,1.80992,0.67018,1638
pitcher-519263,2015,0.78704,0.86324,91
pitcher-519267,2015,1.83333,0.8248,435
pitcher-519293,2015,-1.17465,1.16516,527
pitcher-519301,2015,1.64276,0.91261,173
pitcher-519322,2015,3.91225,1.17853,435
pitcher-519326,2015,1.57811,1.1715,324
pitcher-519381,2015,0.73351,0.8035,273
pitcher-519411,2015,0.7739,0.46065,27
pitcher-519455,2015,0.82454,0.65659,1500
pitcher-520980,2015,-0.44377,0.90125,367
pitcher-521230,2015,-3.34841,1.34759,460
pitcher-523260,2015,0.73977,0.73199,1320
pitcher-523848,2015,0.31435,0.43909,41
pitcher-523989,2015,-0.24203,0.78128,1486
pitcher-527048,2015,1.81833,1.02578,580
pitcher-527054,2015,2.15024,0.73027,1717
pitcher-527055,2015,-0.3806,1.02679,269
pitcher-532077,2015,0.84884,0.89715,521
pitcher-533167,2015,-1.66126,0.73055,1064
pitcher-534812,2015,0.43016,0.89116,525
pitcher-534910,2015,-0.38903,0.75389,756
pitcher-538506,2015,-0.63867,0.46086,37
pitcher-541640,2015,-0.05756,0.83795,1132
pitcher-541652,2015,-1.42941,0.91411,286
pitcher-542266,2015,-2.42091,0.95279,273
pitcher-542432,2015,-1.30643,1.55546,115
pitcher-542587,2015,-0.08531,1.09273,294
pitcher-542609,2015,-1.81533,1.11684,251
pitcher-542669,2015,-1.68901,1.17809,136
pitcher-542674,2015,0.60605,1.17591,340
pitcher-542866,2015,-2.11587,0.98649,233
pitcher-542882,2015,-1.34883,0.69833,564
pitcher-542888,2015,0.87223,1.47281,70
pitcher-542914,2015,0.86526,0.76005,532
pitcher-542923,2015,0.38639,0.81594,100
pitcher-542924,2015,-1.57895,0.87354,32
pitcher-542960,2015,1.2411,0.97296,638
pitcher-543037,2015,-1.16708,0.98947,1600
pitcher-543045,2015,0.78144,0.86052,514
pitcher-543054,2015,0.82254,0.85954,624
pitcher-543056,2015,-0.28664,1.18294,136
pitcher-543094,2015,0.63071,0.56738,6
pitcher-543101,2015,-1.2088,0.69849,1416
pitcher-543118,2015,-0.60841,0.68877,148
pitcher-543135,2015,-0.60999,0.70885,1332
pitcher-543144,2015,1.48281,1.04624,408
pitcher-543184,2015,-1.61252,0.95724,443
pitcher-543219,2015,0.14557,0.86697,427
pitcher-543242,2015,1.08569,0.96382,525
pitcher-543243,2015,0.20605,0.57188,1531
pitcher-543258,2015,-0.4551,1.46271,61
pitcher-543261,2015,0.23156,0.98685,66
pitcher-543272,2015,-0.90425,0.92641,781
pitcher-543278,2015,-0.94298,1.04704,478
pitcher-543294,2015,1.15792,0.7251,1516
pitcher-543331,2015,-0.44693,0.80993,585
pitcher-543334,2015,-1.0937,1.00552,161
pitcher-543339,2015,0.62733,0.8807,556
pitcher-543351,2015,-0.52405,0.89876,29
pitcher-543359,2015,0.07936,0.89143,479
pitcher-543380,2015,-0.10754,0.71116,1069
pitcher-543391,2015,-0.66882,0.6796,106
pitcher-543408,2015,-1.13658,0.6936,1567
pitcher-543409,2015,-1.15042,0.81646,48
pitcher-543424,2015,-2.02743,1.04836,484
pitcher-543456,2015,-0.28167,1.06728,539
pitcher-543475,2015,-0.57285,0.98609,381
pitcher-543506,2015,-0.23495,0.99681,390
pitcher-543507,2015,-0.23916,0.92589,898
pitcher-543508,2015,-0.56626,0.8697,102
pitcher-543518,2015,-3.51335,1.22635,79
pitcher-543521,2015,-2.14343,0.59865,1585
pitcher-543542,2015,0.86903,0.57853,39
pitcher-543548,2015,1.99028,0.58973,1089
pitcher-543557,2015,0.27145,1.00574,715
pitcher-543594,2015,-2.33408,0.95381,276
pitcher-543606,2015,1.42584,0.76534,1329
pitcher-543607,2015,-1.5239,0.8316,133
pitcher-543698,2015,-0.64257,0.46387,32
pitcher-543699,2015,-1.05993,0.71574,906
pitcher-543716,2015,-0.21783,1.30816,205
pitcher-543726,2015,-2.90204,0.92999,502
pitcher-543734,2015,-0.10538,0.81949,1063
pitcher-543746,2015,-0.46345,0.89564,267
pitcher-543766,2015,-1.00419,0.93223,522
pitcher-543779,2015,0.32299,0.7913,684
pitcher-543803,2015,-1.23372,0.72435,21
pitcher-543859,2015,-1.921,1.02874,180
pitcher-543881,2015,-0.39549,0.82358,348
pitcher-543883,2015,1.65583,1.28398,191
pitcher-543900,2015,-0.88915,0.75795,257
pitcher-543901,2015,0.99863,1.11654,226
pitcher-543903,2015,-0.86247,1.30315,263
pitcher-543921,2015,-1.33465,0.72975,84
pitcher-543935,2015,0.09174,0.88372,465
pitcher-543942,2015,-2.56232,1.82286,74
pitcher-543964,2015,-0.19094,1.39156,137
pitcher-544365,2015,1.51529,1.63522,242
pitcher-544725,2015,1.47568,1.30764,13
pitcher-544727,2015,-0.64788,0.72617,539
pitcher-544759,2015,-1.25956,1.35846,316
pitcher-544836,2015,-0.65446,1.27924,311
pitcher-544928,2015,-0.83419,0.93089,493
pitcher-544931,2015,0.03739,0.77289,1020
pitcher-544993,2015,0.12365,0.7075,561
pitcher-545064,2015,-0.23342,1.12738,136
pitcher-545333,2015,-0.60221,0.57062,1475
pitcher-545338,2015,0.60646,0.52917,9
pitcher-545346,2015,0.7359,0.47004,50
pitcher-545404,2015,-0.10674,0.29285,81
pitcher-547179,2015,-0.69419,0.81841,992
pitcher-547348,2015,-0.04686,0.22395,19
pitcher-547749,2015,-0.37421,0.96189,439
pitcher-547874,2015,-0.64394,0.79085,882
pitcher-547888,2015,0.46061,0.82984,1105
pitcher-547973,2015,1.6002,1.21027,586
pitcher-548337,2015,0.78053,0.96133,326
pitcher-548357,2015,-0.20751,0.93284,549
pitcher-553872,2015,0.83609,1.22662,46
pitcher-553878,2015,-0.23857,1.02249,359
pitcher-553970,2015,1.45657,1.04291,174
pitcher-554234,2015,1.83672,0.76657,1026
pitcher-554340,2015,-1.29448,0.9289,391
pitcher-554431,2015,-1.79652,0.69078,250
pitcher-554432,2015,-0.83276,0.81314,47
pitcher-570632,2015,1.25877,1.20336,503
pitcher-570649,2015,-0.44795,0.73286,1343
pitcher-570663,2015,-0.91603,1.02455,435
pitcher-571057,2015,0.07756,1.24146,340
pitcher-571439,2015,-1.35893,1.38685,196
pitcher-571476,2015,1.32125,0.90363,44
pitcher-571479,2015,1.05748,0.98358,173
pitcher-571510,2015,-1.17677,0.54706,536
pitcher-571521,2015,-1.44664,0.85009,86
pitcher-571527,2015,0.51085,0.87301,612
pitcher-571561,2015,-0.71885,1.29907,352
pitcher-571577,2015,0.5706,1.44976,136
pitcher-571578,2015,-0.43999,0.69569,585
pitcher-571584,2015,0.80848,1.52432,76
pitcher-571656,2015,0.30104,1.08159,356
pitcher-571666,2015,-1.59275,0.84727,1481
pitcher-571704,2015,0.91276,0.84188,555
pitcher-571710,2015,0.90821,1.11571,248
pitcher-571735,2015,-0.57018,1.10495,617
pitcher-571760,2015,-0.05788,0.73389,817
pitcher-571787,2015,0.12684,1.14739,306
pitcher-571800,2015,-0.37671,0.6592,1208
pitcher-571871,2015,-2.36369,1.17946,269
pitcher-571893,2015,1.18567,1.31531,241
pitcher-571901,2015,1.74921,1.04362,378
pitcher-571927,2015,-0.42692,0.80032,306
pitcher-571946,2015,-0.5898,0.56865,1577
pitcher-571951,2015,-0.78745,0.95229,305
pitcher-572020,2015,1.20309,0.61602,610
pitcher-572021,2015,2.32507,1.37459,56
pitcher-572038,2015,0.14118,0.80807,244
pitcher-572070,2015,-0.01718,0.78282,1649
pitcher-572089,2015,-0.49782,1.1084,90
pitcher-572096,2015,1.81191,0.9885,550
pitcher-572102,2015,1.35237,0.90526,538
pitcher-572193,2015,1.73615,0.98222,207
pitcher-572308,2015,-2.33203,1.32965,81
pitcher-572309,2015,0.42843,0.83376,91
pitcher-572362,2015,0.54489,0.47154,104
pitcher-572403,2015,-1.98425,0.87034,220
pitcher-572750,2015,-0.20262,0.94914,679
pitcher-572788,2015,1.00103,1.18059,402
pitcher-572888,2015,-0.14708,0.96535,656
pitcher-572889,2015,0.70884,0.70371,3
pitcher-572971,2015,3.09888,0.89979,1847
pitcher-573046,2015,-0.46154,1.22444,259
pitcher-573064,2015,-0.999,1.17325,709
pitcher-573109,2015,0.42611,0.9826,544
pitcher-573127,2015,2.05613,1.10326,253
pitcher-573185,2015,-0.02498,1.67417,154
pitcher-573186,2015,-0.91512,0.52572,198
pitcher-573204,2015,0.89355,0.79289,47
pitcher-573244,2015,-1.58869,1.19772,21
pitcher-580792,2015,1.63777,0.72023,60
pitcher-592091,2015,2.07203,0.99256,99
pitcher-592102,2015,0.27923,0.73207,587
pitcher-592135,2015,0.82517,1.14448,336
pitcher-592181,2015,0.59111,1.40152,118
pitcher-592222,2015,2.05077,1.65617,118
pitcher-592314,2015,-2.50923,1.00777,709
pitcher-592329,2015,-0.79702,0.91226,284
pitcher-592332,2015,0.11373,0.9121,915
pitcher-592340,2015,-0.55984,0.91426,245
pitcher-592341,2015,1.29014,1.07281,166
pitcher-592346,2015,1.44683,0.93745,549
pitcher-592351,2015,0.08947,1.14513,345
pitcher-592390,2015,0.6021,1.17388,182
pitcher-592398,2015,-1.76634,1.41321,104
pitcher-592426,2015,-1.85226,0.92331,49
pitcher-592454,2015,-0.86113,0.77577,362
pitcher-592527,2015,-0.51399,0.36023,26
pitcher-592533,2015,-2.9395,1.47883,265
pitcher-592570,2015,0.09642,0.14501,16
pitcher-592593,2015,-0.20332,0.81649,509
pitcher-592612,2015,-2.00441,1.19121,196
pitcher-592662,2015,0.10951,0.83396,1139
pitcher-592665,2015,1.83383,1.00744,448
pitcher-592677,2015,0.44768,1.12774,123
pitcher-592705,2015,0.65233,0.83201,161
pitcher-592717,2015,-3.04376,0.77552,794
pitcher-592741,2015,0.56093,1.01061,572
pitcher-592767,2015,-1.50141,0.79648,548
pitcher-592781,2015,2.03495,1.49498,74
pitcher-592789,2015,0.58141,0.65928,1183
pitcher-592804,2015,-1.38291,0.9115,316
pitcher-592815,2015,1.75842,1.08287,141
pitcher-592826,2015,0.05918,0.91011,478
pitcher-592836,2015,0.22077,1.0281,1324
pitcher-592869,2015,-2.43778,1.05983,271
pitcher-592879,2015,-1.78752,1.24701,175
pitcher-593140,2015,-0.52513,1.47579,75
pitcher-593372,2015,-0.64672,0.67845,1419
pitcher-593423,2015,-2.29294,0.97685,135
pitcher-593576,2015,-0.09544,0.76602,323
pitcher-593582,2015,-0.91638,0.66242,14
pitcher-593958,2015,0.18452,0.79176,1028
pitcher-594736,2015,-0.32725,0.88015,614
pitcher-594742,2015,-0.91237,0.90878,240
pitcher-594762,2015,-0.33172,0.52765,22
pitcher-594772,2015,1.40193,0.75016,62
pitcher-594792,2015,-2.88672,0.98517,322
pitcher-594798,2015,0.97893,0.56617,1392
pitcher-594815,2015,-0.93746,1.21164,86
pitcher-594835,2015,0.03903,0.13709,35
pitcher-594840,2015,1.42437,1.30167,156
pitcher-594857,2015,1.56913,0.87176,105
pitcher-594951,2015,0.0081,1.18696,201
pitcher-594977,2015,0.68014,0.95001,121
pitcher-594986,2015,0.65832,0.6262,482
pitcher-594987,2015,-0.23517,0.26751,43
pitcher-595001,2015,-0.99336,0.95832,341
pitcher-595014,2015,-3.22893,1.12566,513
pitcher-595032,2015,0.62892,1.52006,159
pitcher-595191,2015,0.37412,1.1689,374
pitcher-595235,2015,0.39297,0.90035,75
pitcher-595307,2015,0.35665,1.02298,443
pitcher-595371,2015,-0.8561,0.66732,31
pitcher-595441,2015,-0.71097,0.461,26
pitcher-595465,2015,0.20064,0.57463,20
pitcher-595918,2015,-0.75359,0.48979,71
pitcher-596057,2015,0.61501,0.73067,568
pitcher-596064,2015,0.42365,1.01456,520
pitcher-596331,2015,0.24415,0.77944,42
pitcher-598264,2015,-0.53491,0.96467,383
pitcher-598271,2015,-0.6681,0.47359,54
pitcher-598287,2015,-2.86113,1.04005,136
pitcher-599998,2015,-0.10509,0.13132,10
pitcher-602083,2015,-0.13059,0.38782,89
pitcher-605135,2015,-3.51152,1.09256,743
pitcher-605151,2015,0.74962,0.71082,364
pitcher-605156,2015,0.09947,1.1162,430
pitcher-605169,2015,-0.98854,1.16006,196
pitcher-605177,2015,1.1378,0.86505,585
pitcher-605200,2015,2.74721,1.98437,301
pitcher-605218,2015,-0.77627,1.03733,40
pitcher-605226,2015,-2.13752,1.06717,70
pitcher-605228,2015,0.41449,0.98385,476
pitcher-605232,2015,-0.30149,1.34721,389
pitcher-605288,2015,-0.24312,0.9466,18
pitcher-605304,2015,-2.72697,1.20816,334
pitcher-605309,2015,-0.42576,1.08832,492
pitcher-605317,2015,0.97024,0.69853,57
pitcher-605333,2015,0.55045,1.61803,128
pitcher-605338,2015,0.13539,1.56035,54
pitcher-605347,2015,-0.90889,1.16322,90
pitcher-605359,2015,-1.37532,1.00443,97
pitcher-605374,2015,0.05458,1.52616,224
pitcher-605388,2015,0.20165,0.96216,584
pitcher-605396,2015,0.87578,1.14405,77
pitcher-605400,2015,1.52411,0.73086,605
pitcher-605452,2015,-0.46317,0.83785,563
pitcher-605476,2015,0.18996,0.81256,575
pitcher-605477,2015,0.91046,0.51646,25
pitcher-605538,2015,0.67727,0.72494,856
pitcher-605541,2015,-1.66397,1.03534,396
pitcher-605894,2015,0.01305,0.95064,269
pitcher-606160,2015,1.22727,0.95881,85
pitcher-606273,2015,-1.53071,0.68842,954
pitcher-607067,2015,1.13736,1.22065,293
pitcher-607068,2015,0.22838,0.30045,31
pitcher-607074,2015,-2.88451,0.73664,1276
pitcher-607259,2015,0.55317,0.68831,1100
pitcher-607309,2015,-2.40001,1.04342,183
pitcher-607359,2015,-0.63564,0.99687,251
pitcher-607374,2015,-0.63771,0.69707,354
pitcher-607405,2015,-1.05104,0.78715,13
pitcher-607457,2015,-0.70947,0.81385,235
pitcher-607968,2015,-0.18369,0.31974,86
pitcher-608167,2015,-0.68596,0.57043,86
pitcher-608349,2015,1.67849,1.10482,411
pitcher-608379,2015,-1.94842,0.8366,1371
pitcher-608641,2015,1.02862,1.10535,254
pitcher-608648,2015,0.19218,0.86974,465
pitcher-608665,2015,1.20613,0.58649,1001
pitcher-608678,2015,-1.07807,0.59553,132
pitcher-611093,2015,-0.57174,0.90028,94
pitcher-612272,2015,-0.6681,0.70706,53
pitcher-612434,2015,2.9894,1.58777,151
pitcher-612672,2015,0.11755,0.73596,1427
pitcher-621121,2015,-0.66865,0.50401,1120
pitcher-621209,2015,1.01325,1.72392,102
pitcher-621281,2015,-2.56835,1.35133,123
pitcher-621397,2015,-0.57296,0.954,99
pitcher-621408,2015,0.64585,1.48288,212
pitcher-621962,2015,-0.30959,1.06191,216
pitcher-622072,2015,-0.67958,0.66983,1543
pitcher-622663,2015,-0.23846,0.95161,542
pitcher-623184,2015,-1.46945,0.96221,518
pitcher-623395,2015,-1.32582,0.82909,212
pitcher-623430,2015,1.76227,0.9537,142
pitcher-628333,2015,-0.72282,0.74719,1103
pitcher-628452,2015,-2.13241,0.75947,793
pitcher-641490,2015,-0.31129,1.39873,142
pitcher-641627,2015,0.05825,0.97136,387
pitcher-643327,2015,0.46865,0.97343,280
pitcher-648737,2015,1.16351,0.98634,214
umpire-427013,2016,-0.39675,0.33536,4469
umpire-427019,2016,0.70145,0.5404,4642
umpire-427044,2016,0.56872,0.52336,3994
umpire-427053,2016,-1.90573,0.54969,4682
umpire-427058,2016,-0.40598,0.40024,4797
umpire-427081,2016,0.83726,0.49444,3615
umpire-427090,2016,-0.16914,0.51862,4172
umpire-427093,2016,-0.02826,0.51966,3221
umpire-427095,2016,0.7299,0.43947,4303
umpire-427099,2016,2.35959,0.38783,4227
umpire-427103,2016,-1.88639,0.55796,4611
umpire-427108,2016,-1.14061,0.44952,3376
umpire-427113,2016,-0.34141,0.58584,4427
umpire-427115,2016,0.44377,0.59551,2174
umpire-427128,2016,-0.26375,0.45355,3584
umpire-427139,2016,2.93303,0.48104,3489
umpire-427144,2016,-0.2347,0.44805,4241
umpire-427156,2016,0.83601,0.53946,4710
umpire-427164,2016,0.78834,0.35131,4688
umpire-427168,2016,0.36429,0.46606,3887
umpire-427184,2016,-1.39717,0.3872,4319
umpire-427192,2016,1.58063,0.65489,2812
umpire-427197,2016,-0.05442,0.49196,4336
umpire-427206,2016,-1.55411,0.42149,4564
umpire-427220,2016,0.29093,0.45561,4141
umpire-427224,2016,1.74969,0.69723,2333
umpire-427229,2016,0.33902,0.49998,3601
umpire-427235,2016,-0.46882,0.36164,4380
umpire-427243,2016,-0.42275,0.34508,4690
umpire-427248,2016,0.82653,0.44484,4730
umpire-427261,2016,-0.24076,0.44121,3805
umpire-427269,2016,-0.14806,0.59349,4408
umpire-427286,2016,0.51307,0.58894,4418
umpire-427292,2016,1.14634,0.5089,4467
umpire-427299,2016,0.06431,0.58714,4076
umpire-427315,2016,-1.51482,0.38749,4558
umpire-427339,2016,-1.25634,0.37522,4481
umpire-427344,2016,3.28054,0.40503,4748
umpire-427361,2016,-1.5534,0.4276,4292
umpire-427362,2016,0.90091,0.39347,4314
umpire-427366,2016,0.29821,0.51867,2662
umpire-427413,2016,-0.68825,0.5458,4472
umpire-427424,2016,0.62886,0.3557,4194
umpire-427457,2016,-1.36719,0.62979,4163
umpire-427509,2016,0.40436,0.27123,4643
umpire-427520,2016,-2.02668,0.46305,4703
umpire-427533,2016,-1.66697,0.37458,4588
umpire-427534,2016,-0.61926,0.39155,4135
umpire-427537,2016,1.43048,0.53722,3835
umpire-427538,2016,-1.68116,0.39455,4952
umpire-427552,2016,0.05673,0.39787,4229
umpire-427554,2016,1.91541,0.38872,4557
umpire-428442,2016,-1.025,0.472,3563
umpire-429805,2016,-1.38522,0.44382,3949
umpire-431232,2016,-0.59405,0.35134,4580
umpire-482608,2016,-1.69989,0.41181,3661
umpire-482620,2016,-0.47699,0.49124,4527
umpire-482631,2016,2.6262,0.42436,4285
umpire-482641,2016,0.37558,0.33804,4233
umpire-482663,2016,-0.68146,0.40578,4606
umpire-482666,2016,-1.05874,0.43796,4024
umpire-483561,2016,2.59178,0.42426,4223
umpire-483564,2016,-1.03488,0.40075,4104
umpire-483569,2016,0.38605,0.48686,4485
umpire-483630,2016,-0.91714,0.4198,4742
umpire-483912,2016,-0.02892,0.39891,4174
umpire-483919,2016,0.23066,0.50006,4498
umpire-484183,2016,-0.00514,0.41672,3884
umpire-484198,2016,-0.70753,0.48193,4071
umpire-484499,2016,-1.64698,0.47766,4530
umpire-489942,2016,0.17809,0.33074,3273
umpire-489954,2016,-0.6918,0.45151,4319
umpire-489985,2016,-0.49872,0.62538,1928
umpire-490319,2016,-0.83087,0.56686,4772
umpire-503077,2016,-0.00176,0.3786,4685
umpire-503490,2016,1.45659,0.58824,888
umpire-503493,2016,-0.42014,0.41794,2677
umpire-503502,2016,-1.0575,0.30655,5623
umpire-503586,2016,0.66762,0.47853,4135
umpire-504381,2016,0.68858,0.43002,4169
umpire-511890,2016,0.24996,0.45014,4392
umpire-521251,2016,1.38628,0.30337,2316
umpire-521889,2016,2.60408,0.68067,1864
umpire-524988,2016,-2.50967,0.84084,1041
umpire-544728,2016,0.06039,0.37019,3537
umpire-547380,2016,0.03786,0.45291,5170
umpire-573596,2016,-0.69384,0.35672,5069
umpire-573597,2016,0.30024,0.42057,4199
umpire-577468,2016,2.29314,1.03084,296
umpire-594151,2016,-0.72082,0.60217,3801
catcher-150229,2016,-1.30867,0.42742,4569
catcher-424325,2016,0.83728,0.50002,3619
catcher-425772,2016,2.72011,0.52864,2619
catcher-425784,2016,2.48533,0.42546,3701
catcher-425877,2016,0.95997,0.38935,10031
catcher-425900,2016,-2.11949,0.43842,6391
catcher-430910,2016,-3.38523,1.3055,127
catcher-431145,2016,1.77557,0.45685,8429
catcher-434563,2016,-1.56296,0.47245,4191
catcher-434567,2016,-0.30474,0.57351,1531
catcher-435064,2016,0.3481,0.36579,5254
catcher-435263,2016,1.08688,0.4178,6263
catcher-435559,2016,-0.70173,0.39543,7025
catcher-444489,2016,-0.65303,0.59993,1139
catcher-446192,2016,-1.45968,1.15622,246
catcher-446308,2016,-0.1198,0.46076,8364
catcher-446653,2016,2.01669,0.62749,2262
catcher-451705,2016,0.3877,0.84069,718
catcher-452095,2016,2.1456,0.39498,5654
catcher-452672,2016,-1.81903,0.6005,2362
catcher-454560,2016,-0.33775,0.44556,3751
catcher-455104,2016,-1.8591,0.38434,6349
catcher-455117,2016,0.68826,0.5074,4767
catcher-455139,2016,-1.37857,0.52295,3492
catcher-455755,2016,-0.10642,0.73517,2050
catcher-456078,2016,0.04915,0.30579,7876
catcher-456124,2016,1.00946,0.66323,1778
catcher-457454,2016,-1.31246,0.42393,4610
catcher-457763,2016,2.62029,0.42134,8644
catcher-460026,2016,-0.83398,0.33046,5744
catcher-460077,2016,0.21336,0.40717,2687
catcher-460269,2016,0.43394,0.52382,3213
catcher-465041,2016,1.67046,0.36225,6692
catcher-467092,2016,1.18217,0.31046,8729
catcher-471083,2016,1.84068,0.4208,4382
catcher-473724,2016,-1.09736,0.84048,772
catcher-474233,2016,1.03448,0.62222,2779
catcher-488671,2016,-1.13474,0.53706,3669
catcher-488771,2016,1.90216,0.39183,7670
catcher-488810,2016,0.06523,0.64302,86
catcher-488912,2016,-0.5476,0.63013,2004
catcher-489232,2016,-2.78011,0.50724,2035
catcher-489365,2016,1.11296,0.62118,2783
catcher-491696,2016,0.89338,0.96783,517
catcher-492802,2016,-0.00769,0.8119,352
catcher-502182,2016,-1.87123,0.76656,1365
catcher-506702,2016,-0.76504,0.44916,4737
catcher-506747,2016,-0.37789,1.1144,841
catcher-516949,2016,-3.55194,0.89926,886
catcher-518542,2016,-2.4314,0.47291,3592
catcher-518595,2016,2.29596,0.42601,5022
catcher-518700,2016,-0.75245,0.58899,2480
catcher-518735,2016,2.4989,0.40618,7934
catcher-518960,2016,-0.19463,0.39349,8710
catcher-519023,2016,-0.13841,0.65759,1043
catcher-519083,2016,0.95601,0.33808,8498
catcher-519222,2016,-0.39842,0.42378,2891
catcher-519237,2016,-0.00638,0.37552,7575
catcher-519390,2016,-1.34025,0.3806,7707
catcher-521692,2016,-1.3532,0.33341,9303
catcher-541608,2016,-3.55432,0.47326,3271
catcher-542194,2016,0.20754,0.48988,2750
catcher-542208,2016,-0.0419,0.41742,5685
catcher-542513,2016,-0.59398,0.62376,112
catcher-542908,2016,0.31833,0.48661,4306
catcher-543148,2016,-0.94915,0.8787,525
catcher-543228,2016,0.37833,0.50259,4643
catcher-543302,2016,-1.2668,0.55759,2221
catcher-543376,2016,1.88474,0.65976,3183
catcher-543510,2016,0.04302,0.47451,6839
catcher-543877,2016,1.33594,0.52259,3657
catcher-545358,2016,-1.94634,0.9148,249
catcher-547172,2016,1.85287,0.43867,4102
catcher-547379,2016,1.66306,0.42899,3681
catcher-553869,2016,0.90992,0.62484,66
catcher-553882,2016,0.37019,0.53747,2166
catcher-571466,2016,-0.41971,0.33292,8232
catcher-571912,2016,0.89613,0.51935,2438
catcher-571974,2016,0.48724,0.6444,1698
catcher-572033,2016,-1.03848,0.69359,1710
catcher-572180,2016,-2.34872,1.10721,277
catcher-572287,2016,0.77709,0.43249,3435
catcher-572863,2016,-1.76671,0.66384,1378
catcher-575929,2016,0.98283,0.42822,3366
catcher-591712,2016,2.02975,1.46136,230
catcher-592200,2016,1.37598,0.44007,4684
catcher-592407,2016,-1.86101,0.5727,2611
catcher-592592,2016,0.60927,0.90042,899
catcher-592663,2016,-0.51891,0.32053,9569
catcher-594828,2016,0.6283,0.5656,3671
catcher-595751,2016,0.47025,0.91892,296
catcher-595978,2016,-0.05028,0.99537,441
catcher-596119,2016,-0.89476,1.15038,491
catcher-596142,2016,0.23875,0.53737,2678
catcher-600474,2016,-0.67484,0.80908,715
catcher-605131,2016,2.43225,0.71986,397
catcher-607257,2016,1.29403,1.00413,80
catcher-607345,2016,-1.06209,1.55865,182
catcher-607732,2016,-1.42953,1.07387,267
catcher-608348,2016,-0.04048,1.3118,262
catcher-608596,2016,1.11303,0.76061,691
catcher-608700,2016,2.04768,0.53277,2781
catcher-622194,2016,-0.41133,0.89288,1621
catcher-623143,2016,-0.68683,0.45848,3142
pitcher-112526,2016,-1.03064,0.67909,1478
pitcher-150274,2016,0.42244,0.7744,64
pitcher-276351,2016,-1.16079,0.89822,555
pitcher-276542,2016,-0.99444,1.10735,386
pitcher-279571,2016,0.59376,0.79853,270
pitcher-282332,2016,-0.41727,0.66263,1518
pitcher-285064,2016,3.28015,0.77662,786
pitcher-285079,2016,-0.92457,0.82548,1361
pitcher-346798,2016,1.42177,0.63943,117
pitcher-407793,2016,0.00878,0.58672,1365
pitcher-407819,2016,-1.65952,1.05107,131
pitcher-407822,2016,-1.83895,0.76979,1162
pitcher-407845,2016,-2.18804,0.68403,601
pitcher-407890,2016,0.27111,0.75765,897
pitcher-407908,2016,0.19512,0.99152,229
pitcher-408061,2016,2.2866,0.78988,468
pitcher-408241,2016,0.3703,0.6788,1003
pitcher-424144,2016,-1.98237,1.19384,395
pitcher-425426,2016,0.65068,0.84108,408
pitcher-425492,2016,-0.43235,0.95816,469
pitcher-425532,2016,0.95908,1.24121,141
pitcher-425626,2016,2.42231,1.352,205
pitcher-425657,2016,1.93054,1.17886,238
pitcher-425794,2016,0.48989,0.71264,1694
pitcher-425835,2016,-0.95609,0.91927,23
pitcher-425844,2016,1.85762,0.53862,1184
pitcher-425856,2016,1.02654,0.78005,234
pitcher-429400,2016,-0.17079,1.62262,78
pitcher-429719,2016,-1.93826,0.85333,713
pitcher-429722,2016,1.10334,0.71862,1420
pitcher-429780,2016,-1.08464,0.75921,71
pitcher-430580,2016,-0.41252,1.08815,574
pitcher-430589,2016,-0.5432,0.92892,261
pitcher-430599,2016,0.4672,0.77096,613
pitcher-430634,2016,-1.43978,1.78568,50
pitcher-430641,2016,-0.83224,0.98494,476
pitcher-430661,2016,-0.59649,0.84877,492
pitcher-430912,2016,-0.00436,0.72146,833
pitcher-430935,2016,0.13911,0.59667,1578
pitcher-431148,2016,-0.74509,0.67303,1231
pitcher-432934,2016,2.01823,0.73749,860
pitcher-433579,2016,-0.06989,1.7433,217
pitcher-433584,2016,1.35717,1.06116,74
pitcher-433586,2016,2.62692,0.85503,490
pitcher-433587,2016,1.52258,0.62537,1207
pitcher-433589,2016,0.60042,1.03437,453
pitcher-434137,2016,1.3232,0.78591,42
pitcher-434378,2016,2.22125,0.7129,1758
pitcher-434442,2016,0.82363,0.94838,483
pitcher-434538,2016,0.61741,0.90662,1484
pitcher-434622,2016,-0.81644,0.80381,1345
pitcher-434628,2016,-0.53995,0.53489,1313
pitcher-434671,2016,-0.52417,0.62566,1319
pitcher-434672,2016,2.53326,1.51315,240
pitcher-434718,2016,1.72685,0.81623,188
pitcher-435043,2016,-1.49436,1.11301,543
pitcher-435221,2016,-1.33655,1.07558,379
pitcher-435400,2016,1.09932,1.41863,214
pitcher-444436,2016,-0.25234,1.164,153
pitcher-444468,2016,3.93713,1.21146,409
pitcher-444520,2016,0.09549,0.98917,93
pitcher-444857,2016,1.2191,0.89562,699
pitcher-445060,2016,0.62963,0.70752,1586
pitcher-445197,2016,-1.59006,0.98285,319
pitcher-445213,2016,2.57932,0.88106,440
pitcher-445276,2016,0.30991,0.85744,427
pitcher-445926,2016,4.22591,1.1394,528
pitcher-445968,2016,-2.01186,1.36105,253
pitcher-446099,2016,0.3514,0.81702,626
pitcher-446185,2016,-2.49929,1.69137,64
pitcher-446321,2016,-1.83276,0.82221,416
pitcher-446372,2016,-0.999,0.61993,1579
pitcher-446381,2016,0.63705,0.54656,7
pitcher-446399,2016,0.3388,1.07508,274
pitcher-446899,2016,1.95272,0.69731,486
pitcher-447714,2016,-1.8096,1.64882,216
pitcher-447755,2016,-0.3255,2.28048,91
pitcher-448178,2016,2.61175,0.91597,447
pitcher-448179,2016,-0.75951,0.80678,1018
pitcher-448281,2016,2.24269,1.00149,251
pitcher-448306,2016,0.99795,0.5277,1613
pitcher-448609,2016,1.10224,0.74934,394
pitcher-448614,2016,-1.55275,0.96805,606
pitcher-448802,2016,-1.59313,0.72014,1269
pitcher-448855,2016,-0.55163,0.77969,933
pitcher-449097,2016,-0.88264,1.22269,276
pitcher-449104,2016,-0.11856,0.90663,306
pitcher-449173,2016,1.97257,1.04796,462
pitcher-450172,2016,0.21141,0.59386,1650
pitcher-450203,2016,0.5988,0.63544,158
pitcher-450212,2016,-1.01396,1.06935,335
pitcher-450275,2016,2.98931,0.79119,447
pitcher-450282,2016,0.6421,0.48125,25
pitcher-450306,2016,0.53178,1.66614,113
pitcher-450308,2016,-0.41999,0.80685,1492
pitcher-450665,2016,-0.86601,0.97312,275
pitcher-450729,2016,0.55179,0.67111,1700
pitcher-451085,2016,1.27274,1.33553,106
pitcher-451584,2016,0.02077,0.92885,352
pitcher-451596,2016,1.02066,0.72089,1190
pitcher-451661,2016,0.88777,1.50822,277
pitcher-451775,2016,1.43716,0.83358,332
pitcher-451783,2016,-1.09191,2.74665,76
pitcher-452027,2016,-0.7718,1.10988,167
pitcher-452061,2016,1.74139,0.78694,61
pitcher-452657,2016,1.84663,0.71872,1612
pitcher-452666,2016,-1.22129,0.89587,399
pitcher-452733,2016,-0.51665,1.07058,38
pitcher-453172,2016,-0.67798,1.03294,396
pitcher-453178,2016,0.71233,0.45476,1715
pitcher-453192,2016,-0.11026,1.01005,577
pitcher-453214,2016,0.48476,0.80427,1344
pitcher-453222,2016,-0.82919,0.79915,18
pitcher-453249,2016,-0.24583,1.06513,389
pitcher-453265,2016,-0.08324,0.96955,481
pitcher-453281,2016,-0.60778,0.54511,474
pitcher-453284,2016,0.40306,1.00758,180
pitcher-453286,2016,-2.06348,0.71116,1651
pitcher-453307,2016,-0.87298,0.976,53
pitcher-453311,2016,-0.4956,0.67373,403
pitcher-453329,2016,-0.42735,0.78404,1154
pitcher-453343,2016,2.46642,0.84999,502
pitcher-453344,2016,-0.80959,0.9133,91
pitcher-453385,2016,-1.34687,0.70324,552
pitcher-453562,2016,-1.92803,0.65188,1606
pitcher-453646,2016,0.25965,0.9281,586
pitcher-455009,2016,-0.18381,1.02393,481
pitcher-455374,2016,-1.54035,0.86912,546
pitcher-456027,2016,0.04974,0.90295,568
pitcher-456034,2016,2.17867,0.76869,1723
pitcher-456068,2016,-1.31366,0.93733,1028
pitcher-456071,2016,-2.7154,1.54363,36
pitcher-456124,2016,2.59734,1.42841,23
pitcher-456167,2016,-0.44486,1.04998,1103
pitcher-456379,2016,-0.65303,0.41918,26
pitcher-456501,2016,0.68078,0.69056,1643
pitcher-456696,2016,-1.3922,1.01293,608
pitcher-456701,2016,1.62151,1.2548,224
pitcher-456713,2016,2.41223,0.93947,446
pitcher-457429,2016,1.61508,0.8868,349
pitcher-457435,2016,-0.47208,1.8151,88
pitcher-457456,2016,0.04701,0.11514,16
pitcher-457711,2016,1.17802,0.93443,185
pitcher-457732,2016,1.64136,1.2369,383
pitcher-457768,2016,-0.68096,0.95955,143
pitcher-457779,2016,-0.15974,0.94388,24
pitcher-457915,2016,0.24024,1.01251,65
pitcher-457918,2016,-1.50483,0.86592,1530
pitcher-458006,2016,1.00606,0.96117,466
pitcher-458537,2016,-0.48558,1.10778,119
pitcher-458584,2016,2.82744,1.09279,338
pitcher-458677,2016,-1.33543,1.04137,475
pitcher-458678,2016,-0.49627,1.81317,47
pitcher-458708,2016,1.64902,0.89529,1307
pitcher-458730,2016,0.61112,1.1674,48
pitcher-459429,2016,0.27857,0.86615,405
pitcher-459987,2016,-1.41713,1.25651,396
pitcher-460024,2016,1.10982,1.12901,280
pitcher-460059,2016,-1.28395,0.55024,1128
pitcher-460077,2016,0.30015,0.19162,10
pitcher-460269,2016,-0.59762,0.42878,17
pitcher-460283,2016,2.72901,1.12972,378
pitcher-460701,2016,-0.31168,1.62106,62
pitcher-461325,2016,1.81806,0.7924,511
pitcher-461829,2016,0.21797,0.68553,1644
pitcher-461833,2016,-0.02684,1.08868,450
pitcher-461865,2016,0.58255,0.47549,11
pitcher-461872,2016,2.76133,0.96439,244
pitcher-462136,2016,0.5294,0.62896,1467
pitcher-462382,2016,0.09559,0.72482,576
pitcher-462515,2016,0.80677,1.10156,116
pitcher-462985,2016,-0.3424,1.71955,31
pitcher-465657,2016,0.00701,0.89301,588
pitcher-467008,2016,0.42117,0.70711,372
pitcher-467100,2016,1.49489,0.81129,1090
pitcher-468396,2016,-2.27563,0.85147,306
pitcher-468504,2016,0.25688,0.93466,1259
pitcher-471083,2016,-1.0425,0.87554,15
pitcher-471822,2016,-0.76451,0.90939,375
pitcher-471911,2016,1.53369,0.68969,1113
pitcher-472551,2016,-2.17477,0.95457,448
pitcher-472610,2016,-0.132,0.9923,140
pitcher-473879,2016,-0.25765,0.88684,488
pitcher-474029,2016,0.62152,1.1194,199
pitcher-474284,2016,-0.4012,0.88398,238
pitcher-474463,2016,-1.1517,1.04546,108
pitcher-474521,2016,-0.43131,1.14833,322
pitcher-474668,2016,-2.63216,1.02631,385
pitcher-474699,2016,1.18521,0.90267,693
pitcher-475054,2016,0.03321,0.93371,247
pitcher-475115,2016,2.4342,1.62011,46
pitcher-475138,2016,-0.04771,0.07999,23
pitcher-475243,2016,1.68785,0.99374,475
pitcher-475247,2016,1.21879,1.03434,9
pitcher-475479,2016,-0.17748,0.86241,842
pitcher-476123,2016,-0.97661,0.51671,103
pitcher-476451,2016,1.51,0.52175,1427
pitcher-476454,2016,-0.53284,0.7776,697
pitcher-476570,2016,0.45522,0.38532,21
pitcher-476589,2016,0.10306,0.80104,581
pitcher-477003,2016,-1.01873,0.57196,1025
pitcher-477132,2016,0.31444,1.12032,932
pitcher-477569,2016,0.56187,0.76272,546
pitcher-488748,2016,0.88816,0.85569,616
pitcher-488768,2016,1.66941,0.74969,1254
pitcher-488786,2016,-1.23449,0.77167,463
pitcher-488846,2016,0.16454,0.97936,103
pitcher-488984,2016,-0.96757,0.81575,230
pitcher-489002,2016,-0.33406,1.01153,153
pitcher-489119,2016,1.63798,0.82078,1363
pitcher-489197,2016,0.89416,0.6082,15
pitcher-489265,2016,2.5284,1.05989,244
pitcher-489294,2016,-0.44873,1.89942,59
pitcher-489446,2016,0.92994,0.94959,410
pitcher-490063,2016,0.36494,0.77687,833
pitcher-491646,2016,0.14775,0.81888,631
pitcher-491703,2016,-1.20633,0.77608,429
pitcher-491708,2016,-2.1448,1.04341,575
pitcher-493157,2016,2.16898,0.7422,330
pitcher-493200,2016,1.20329,0.89362,575
pitcher-493247,2016,-1.19137,0.86271,353
pitcher-493603,2016,-0.5875,1.33593,258
pitcher-497807,2016,0.82183,0.90839,114
pitcher-500610,2016,0.63003,1.1762,425
pitcher-500724,2016,-1.51493,1.13588,583
pitcher-500765,2016,0.40496,0.81572,85
pitcher-500779,2016,0.39715,0.57628,1692
pitcher-500871,2016,0.21503,0.22076,6
pitcher-501381,2016,1.23593,0.60713,1483
pitcher-501593,2016,-0.52922,0.99186,145
pitcher-501625,2016,1.68016,0.88164,418
pitcher-501697,2016,1.34496,0.79027,462
pitcher-501789,2016,-0.1472,0.7147,522
pitcher-501817,2016,0.0045,1.00317,429
pitcher-501822,2016,0.36966,0.75385,396
pitcher-501925,2016,1.02631,0.79241,425
pitcher-501936,2016,0.61844,0.85581,33
pitcher-501955,2016,-1.32052,1.22145,178
pitcher-501957,2016,0.11996,0.77336,1530
pitcher-501992,2016,-1.05498,0.77454,900
pitcher-502004,2016,0.37119,0.95954,391
pitcher-502009,2016,0.88115,1.0227,613
pitcher-502026,2016,-1.5468,1.02915,433
pitcher-502028,2016,-0.52955,0.85159,662
pitcher-502032,2016,0.06887,0.60404,1009
pitcher-502042,2016,-0.45948,0.71715,1755
pitcher-502043,2016,-0.02969,0.77842,1258
pitcher-502046,2016,1.36223,0.7783,1025
pitcher-502051,2016,2.26541,1.44204,73
pitcher-502083,2016,-0.80516,1.15985,496
pitcher-502085,2016,1.61668,0.95231,537
pitcher-502087,2016,-2.80009,0.82327,86
pitcher-502154,2016,1.3313,0.77412,497
pitcher-502171,2016,-0.22058,0.97295,201
pitcher-502188,2016,0.2761,0.64109,1599
pitcher-502190,2016,1.8768,0.77842,1337
pitcher-502202,2016,-1.84705,1.16945,245
pitcher-502211,2016,2.17217,0.83557,258
pitcher-502239,2016,-0.49685,0.76506,629
pitcher-502272,2016,0.13522,1.07117,299
pitcher-502285,2016,-0.31847,0.2223,10
pitcher-502327,2016,-0.03329,0.72842,1666
pitcher-502381,2016,-1.32741,0.95869,403
pitcher-502457,2016,0.10664,1.11682,97
pitcher-502522,2016,0.342,0.99028,398
pitcher-502593,2016,-2.33558,1.69276,84
pitcher-502624,2016,0.70011,0.78885,1359
pitcher-502706,2016,1.7105,0.71887,894
pitcher-502748,2016,-1.3834,1.12145,276
pitcher-503285,2016,0.42007,1.28486,262
pitcher-503444,2016,0.29544,0.92926,489
pitcher-503449,2016,2.83258,0.80331,1116
pitcher-504083,2016,-0.96516,0.70898,37
pitcher-504186,2016,1.18755,1.57727,24
pitcher-504379,2016,0.79516,0.63307,1092
pitcher-506433,2016,-0.74339,0.80137,787
pitcher-514669,2016,-0.95446,0.63312,32
pitcher-514913,2016,0.01839,0.10161,13
pitcher-515052,2016,-0.77407,1.07787,61
pitcher-516414,2016,0.45594,0.39942,21
pitcher-516714,2016,-2.04567,1.01557,237
pitcher-516910,2016,-1.08441,0.907,27
pitcher-516969,2016,0.74944,0.78402,517
pitcher-517008,2016,0.94259,1.09,391
pitcher-517414,2016,0.07884,0.69023,668
pitcher-517448,2016,-1.36109,1.30587,125
pitcher-517593,2016,-0.70564,0.63439,1215
pitcher-517629,2016,0.95806,0.82973,24
pitcher-518397,2016,-2.42302,1.53651,153
pitcher-518452,2016,2.51635,0.71364,1579
pitcher-518468,2016,2.20496,0.95546,436
pitcher-518516,2016,0.56831,0.57195,1784
pitcher-518553,2016,2.38639,0.89215,622
pitcher-518560,2016,-2.73496,1.00443,646
pitcher-518567,2016,1.65478,0.93015,372
pitcher-518617,2016,0.34662,0.94568,493
pitcher-518633,2016,-0.20542,0.57473,1272
pitcher-518693,2016,-1.3084,1.71268,96
pitcher-518715,2016,-0.33103,0.97846,382
pitcher-518716,2016,-0.85734,0.64016,1019
pitcher-518748,2016,0.82717,1.07115,492
pitcher-518774,2016,-1.66273,0.98508,714
pitcher-518790,2016,-1.69883,1.06698,57
pitcher-518858,2016,0.7107,0.94412,463
pitcher-518875,2016,-0.66639,1.15692,394
pitcher-518883,2016,-0.35507,1.09601,188
pitcher-518886,2016,0.18056,0.74943,493
pitcher-518927,2016,0.10583,0.84252,365
pitcher-519008,2016,0.77872,1.50051,182
pitcher-519043,2016,-1.74468,0.69117,1659
pitcher-519076,2016,-3.00338,0.62527,1566
pitcher-519085,2016,0.18458,0.91846,590
pitcher-519096,2016,0.11366,0.91416,489
pitcher-519141,2016,-0.67975,0.60315,1413
pitcher-519144,2016,0.17945,0.64624,1680
pitcher-519151,2016,-2.56814,0.89917,551
pitcher-519166,2016,-0.80732,1.31669,212
pitcher-519168,2016,-0.63043,1.26929,325
pitcher-519186,2016,-0.36905,1.40166,61
pitcher-519240,2016,-0.0462,0.76175,414
pitcher-519242,2016,-0.16864,0.73507,1695
pitcher-519263,2016,0.77499,1.16712,412
pitcher-519267,2016,1.81468,1.17956,88
pitcher-519293,2016,0.82779,1.17552,350
pitcher-519294,2016,1.99129,0.90493,113
pitcher-519301,2016,1.75858,1.12786,324
pitcher-519322,2016,0.74344,1.0653,437
pitcher-519326,2016,-1.25756,0.97688,480
pitcher-519344,2016,-0.0548,0.1453,34
pitcher-519381,2016,1.46437,1.08763,216
pitcher-519437,2016,-0.43542,0.99784,323
pitcher-519455,2016,0.55095,0.74223,855
pitcher-520980,2016,0.80748,0.84077,544
pitcher-521230,2016,-0.95639,0.88888,458
pitcher-523260,2016,-1.24443,1.23411,407
pitcher-523848,2016,1.57518,0.76222,301
pitcher-523989,2016,-0.09714,1.10188,451
pitcher-527048,2016,-1.37483,0.83971,1489
pitcher-527054,2016,-0.12768,0.67735,1478
pitcher-527055,2016,-0.05883,0.73724,357
pitcher-532077,2016,2.10906,1.17315,471
pitcher-533167,2016,0.37205,0.59033,1122
pitcher-534606,2016,0.03623,0.04226,5
pitcher-534627,2016,0.00801,0.00948,1
pitcher-534737,2016,-0.63271,1.12309,598
pitcher-534812,2016,0.64355,0.78471,549
pitcher-534910,2016,-1.2166,0.97986,374
pitcher-534947,2016,-0.19001,0.84297,520
pitcher-539438,2016,0.11698,0.15263,15
pitcher-541640,2016,-2.28018,0.73593,623
pitcher-541652,2016,0.26124,1.34611,273
pitcher-542194,2016,1.18528,0.9992,31
pitcher-542432,2016,-0.19663,0.83342,281
pitcher-542587,2016,-0.9019,1.04162,286
pitcher-542609,2016,0.41846,0.7887,366
pitcher-542674,2016,0.40657,1.14498,372
pitcher-542866,2016,0.42529,1.05687,165
pitcher-542881,2016,0.2624,0.82107,832
pitcher-542882,2016,-1.96555,0.78547,964
pitcher-542884,2016,0.21757,0.18749,26
pitcher-542888,2016,-0.20957,0.60467,88
pitcher-542947,2016,1.21848,1.0325,166
pitcher-542953,2016,0.58995,0.93517,257
pitcher-542960,2016,0.85744,1.02219,607
pitcher-543017,2016,-1.73432,1.19595,370
pitcher-543022,2016,-0.16261,0.59851,1320
pitcher-543037,2016,-1.19673,0.73538,947
pitcher-543045,2016,0.76921,0.84976,1118
pitcher-543054,2016,0.56177,0.95408,626
pitcher-543056,2016,-1.22676,1.11879,365
pitcher-543101,2016,0.40233,0.70965,986
pitcher-543118,2016,-2.00505,1.63022,142
pitcher-543135,2016,-1.05578,0.72278,1045
pitcher-543144,2016,-1.6222,0.87937,320
pitcher-543169,2016,-0.09149,0.78155,407
pitcher-543184,2016,0.11994,0.68615,1090
pitcher-543195,2016,0.40777,1.47752,132
pitcher-543219,2016,1.31002,1.22773,161
pitcher-543242,2016,1.43534,1.15288,13
pitcher-543243,2016,1.45028,0.76234,998
pitcher-543261,2016,-1.02189,0.77904,71
pitcher-543272,2016,-1.39942,0.92517,731
pitcher-543278,2016,-1.54281,1.33547,232
pitcher-543294,2016,1.07584,0.7456,1575
pitcher-543331,2016,0.45292,1.28002,221
pitcher-543334,2016,-1.52056,1.19721,21
pitcher-543339,2016,0.21964,1.1837,523
pitcher-543359,2016,-3.1331,1.04393,524
pitcher-543380,2016,1.9394,0.86785,298
pitcher-543391,2016,-2.04127,1.17479,164
pitcher-543408,2016,0.52206,0.64989,1565
pitcher-543424,2016,-0.54134,1.01916,681
pitcher-543456,2016,-1.15753,1.13981,221
pitcher-543475,2016,-0.22969,0.75541,468
pitcher-543483,2016,-0.49542,0.83993,42
pitcher-543506,2016,0.40786,1.11193,599
pitcher-543507,2016,0.91594,0.847,410
pitcher-543521,2016,-1.32926,0.61019,1552
pitcher-543532,2016,-0.58861,0.8208,109
pitcher-543542,2016,-1.47296,0.77924,283
pitcher-543548,2016,-0.2074,1.01325,628
pitcher-543557,2016,-1.10038,0.72601,776
pitcher-543606,2016,-0.33453,0.64394,1605
pitcher-543698,2016,-1.24046,0.83873,44
pitcher-543699,2016,-0.85744,0.59235,1780
pitcher-543716,2016,0.8323,1.60342,92
pitcher-543726,2016,0.74235,0.98994,515
pitcher-543734,2016,-0.54525,0.71355,611
pitcher-543746,2016,1.32396,0.89003,243
pitcher-543766,2016,-1.87189,0.94861,589
pitcher-543776,2016,-0.14723,0.12482,6
pitcher-543779,2016,0.9882,0.90995,556
pitcher-543859,2016,0.20409,0.78111,656
pitcher-543883,2016,-0.62327,0.85779,395
pitcher-543900,2016,-0.10793,0.0991,14
pitcher-543901,2016,1.52457,1.00454,292
pitcher-543921,2016,-1.87214,1.33985,41
pitcher-543935,2016,0.52878,0.90619,555
pitcher-543964,2016,1.43902,1.13043,138
pitcher-544150,2016,-1.12837,0.81027,701
pitcher-544727,2016,-1.34545,0.91372,571
pitcher-544759,2016,-0.2449,1.36418,138
pitcher-544836,2016,-1.3697,0.97716,422
pitcher-544928,2016,-1.72725,1.11129,365
pitcher-544930,2016,-1.42187,0.7617,35
pitcher-544931,2016,-0.59431,0.70604,1169
pitcher-544993,2016,-1.88696,0.77916,230
pitcher-545332,2016,-0.68037,1.09879,456
pitcher-545333,2016,-0.9291,0.7187,1654
pitcher-545357,2016,-0.21255,1.31188,174
pitcher-545363,2016,-0.27258,0.75603,226
pitcher-546276,2016,-0.9614,1.27544,219
pitcher-547007,2016,0.87484,0.86593,253
pitcher-547179,2016,0.83778,0.76858,383
pitcher-547749,2016,1.81165,0.98218,393
pitcher-547874,2016,-0.6749,0.54285,1456
pitcher-547888,2016,2.00161,0.6906,1386
pitcher-547943,2016,2.06508,1.47027,42
pitcher-547973,2016,-1.56186,0.74885,444
pitcher-548337,2016,-0.15105,0.96984,766
pitcher-548357,2016,1.4396,0.92929,205
pitcher-548389,2016,-0.23753,0.79006,828
pitcher-553878,2016,-3.13643,0.81159,631
pitcher-553883,2016,1.43467,0.96007,49
pitcher-554234,2016,-0.08528,1.12353,455
pitcher-554340,2016,0.85794,1.41155,56
pitcher-570240,2016,0.64031,1.3801,61
pitcher-570257,2016,-0.6253,1.22549,78
pitcher-570632,2016,-0.45863,1.0526,726
pitcher-570649,2016,-0.29105,0.55884,1613
pitcher-570663,2016,0.13744,0.75696,669
pitcher-570666,2016,-0.29185,0.80976,537
pitcher-570714,2016,0.01788,1.07178,324
pitcher-571035,2016,-1.02767,1.41962,57
pitcher-571473,2016,-1.40912,1.27327,85
pitcher-571476,2016,1.00301,0.73348,248
pitcher-571510,2016,-1.66261,0.68104,809
pitcher-571539,2016,1.64437,0.9902,158
pitcher-571561,2016,-0.79413,0.94485,578
pitcher-571572,2016,0.17664,1.2655,94
pitcher-571578,2016,0.09266,0.61513,1284
pitcher-571584,2016,1.19666,1.02145,221
pitcher-571616,2016,0.25352,0.52974,28
pitcher-571656,2016,4.14305,1.20578,280
pitcher-571666,2016,-0.19659,0.66833,1409
pitcher-571670,2016,0.48181,1.6186,133
pitcher-571704,2016,1.423,0.95351,488
pitcher-571710,2016,-2.10797,1.00721,634
pitcher-571735,2016,-2.04417,1.91811,20
pitcher-571760,2016,-0.2807,0.23377,38
pitcher-571800,2016,-0.51543,0.77921,192
pitcher-571863,2016,-2.92084,0.97671,105
pitcher-571871,2016,-0.72205,1.05124,428
pitcher-571882,2016,-0.31093,1.1506,424
pitcher-571893,2016,-0.46291,1.12682,357
pitcher-571901,2016,0.4133,0.80922,129
pitcher-571911,2016,-1.0595,0.79624,33
pitcher-571927,2016,-0.6392,0.95141,1098
pitcher-571946,2016,-0.29058,0.58477,860
pitcher-571951,2016,-3.69828,1.17465,217
pitcher-571963,2016,-0.63195,1.07601,96
pitcher-571969,2016,0.0487,1.57009,35
pitcher-572020,2016,-0.44111,1.15879,920
pitcher-572021,2016,-0.75648,0.7583,30
pitcher-572033,2016,-0.21079,0.18302,6
pitcher-572038,2016,-0.33533,0.30513,11
pitcher-572044,2016,-0.97991,1.50706,125
pitcher-572070,2016,1.19537,0.97427,303
pitcher-572086,2016,0.97037,1.11808,107
pitcher-572096,2016,-0.02133,0.94883,430
pitcher-572102,2016,1.78071,1.08314,428
pitcher-572119,2016,0.91391,0.56716,132
pitcher-572140,2016,-2.45817,0.97407,447
pitcher-572193,2016,-1.7253,0.71239,133
pitcher-572208,2016,0.73245,0.94136,60
pitcher-572283,2016,0.1467,0.95107,67
pitcher-572308,2016,-2.20068,1.30447,216
pitcher-572309,2016,0.22094,0.21839,38
pitcher-572362,2016,-0.11344,0.30487,108
pitcher-572365,2016,0.52737,0.46369,5
pitcher-572403,2016,-1.12584,0.94329,193
pitcher-572750,2016,1.00409,0.91176,538
pitcher-572788,2016,0.42921,0.97663,243
pitcher-572831,2016,-1.29062,1.01585,92
pitcher-572888,2016,-0.94424,0.94741,489
pitcher-572971,2016,1.14199,0.66276,1395
pitcher-572990,2016,-0.43395,1.5636,210
pitcher-573009,2016,0.02853,0.82612,27
pitcher-573046,2016,0.86565,1.0014,415
pitcher-573064,2016,2.41175,1.08163,437
pitcher-573109,2016,2.46397,0.66733,602
pitcher-573124,2016,0.56552,0.9869,541
pitcher-573185,2016,0.27531,0.66221,1511
pitcher-573186,2016,-0.15384,0.67956,1554
pitcher-573188,2016,0.46149,1.37139,116
pitcher-573589,2016,-0.55573,0.73813,291
pitcher-573668,2016,0.37576,0.70909,94
pitcher-580792,2016,-1.10692,1.2001,252
pitcher-582494,2016,-0.29045,0.58688,48
pitcher-591693,2016,-0.42642,1.32051,313
pitcher-592091,2016,-0.97189,1.24951,259
pitcher-592102,2016,-0.1049,0.76966,570
pitcher-592127,2016,1.15184,0.8242,113
pitcher-592130,2016,-0.62937,0.84411,121
pitcher-592135,2016,1.49416,1.2539,350
pitcher-592169,2016,-0.0614,1.21056,93
pitcher-592170,2016,-0.25053,0.87496,29
pitcher-592222,2016,-1.14823,0.86756,405
pitcher-592254,2016,-1.72176,1.43083,157
pitcher-592314,2016,-0.10265,0.78423,1060
pitcher-592330,2016,-0.85581,0.91427,83
pitcher-592332,2016,-0.23354,0.71847,1534
pitcher-592340,2016,0.77745,0.88426,309
pitcher-592341,2016,-0.41097,0.87024,97
pitcher-592346,2016,0.97706,1.92292,127
pitcher-592351,2016,-1.2801,0.59406,1351
pitcher-592390,2016,0.01449,1.0597,419
pitcher-592407,2016,0.7636,0.60693,10
pitcher-592419,2016,-0.38053,0.34898,7
pitcher-592422,2016,-0.57504,0.41206,30
pitcher-592426,2016,-1.81181,1.01698,126
pitcher-592433,2016,-0.92474,0.88508,487
pitcher-592454,2016,-2.61443,1.03329,250
pitcher-592527,2016,0.00405,1.04361,205
pitcher-592533,2016,0.62497,1.02451,221
pitcher-592593,2016,0.30248,0.62654,608
pitcher-592612,2016,-3.72693,1.24402,285
pitcher-592614,2016,0.3454,1.16809,226
pitcher-592644,2016,0.82182,0.75986,42
pitcher-592662,2016,-0.08381,0.72884,1598
pitcher-592665,2016,1.61908,0.92546,532
pitcher-592716,2016,-2.96844,2.00069,42
pitcher-592717,2016,-1.24024,0.85643,1588
pitcher-592741,2016,0.79071,0.79265,271
pitcher-592767,2016,-1.16814,0.75164,1403
pitcher-592779,2016,0.33347,0.82505,238
pitcher-592789,2016,-0.93367,0.58609,1359
pitcher-592791,2016,1.83515,1.01519,756
pitcher-592804,2016,1.05789,0.81081,576
pitcher-592811,2016,-0.65734,1.18349,517
pitcher-592815,2016,-0.26955,1.09235,120
pitcher-592826,2016,-0.157,0.82651,1136
pitcher-592836,2016,0.17265,0.79824,1137
pitcher-592866,2016,-0.17097,1.21166,107
pitcher-592869,2016,0.4761,0.82278,736
pitcher-592872,2016,0.29409,0.7885,160
pitcher-593140,2016,-0.92894,0.74518,597
pitcher-593372,2016,-0.76968,0.68121,1539
pitcher-593417,2016,1.7433,0.99573,198
pitcher-593576,2016,-1.10091,0.78668,657
pitcher-593582,2016,-1.94699,0.8352,54
pitcher-593679,2016,0.07476,0.82794,159
pitcher-593958,2016,-0.36439,0.87205,909
pitcher-593969,2016,0.7084,1.08477,17
pitcher-593974,2016,-0.66319,0.7319,74
pitcher-594027,2016,-0.98128,0.82916,11
pitcher-594311,2016,0.25634,1.15541,122
pitcher-594577,2016,0.99883,0.44672,47
pitcher-594736,2016,-2.20875,0.7008,456
pitcher-594742,2016,0.87513,1.46305,215
pitcher-594760,2016,-1.51932,0.7321,598
pitcher-594772,2016,2.71589,1.38492,44
pitcher-594792,2016,1.55688,1.31132,155
pitcher-594795,2016,-0.51248,1.24315,214
pitcher-594798,2016,0.22751,0.65677,1165
pitcher-594840,2016,0.93194,0.77134,21
pitcher-594857,2016,3.45737,1.47025,213
pitcher-594943,2016,-0.87472,1.02612,418
pitcher-594951,2016,-0.4854,1.37231,201
pitcher-594985,2016,0.54235,0.9876,29
pitcher-594986,2016,-4.1734,0.90629,392
pitcher-595001,2016,0.37717,0.98318,523
pitcher-595014,2016,-3.01282,1.0152,491
pitcher-595032,2016,0.80776,1.08776,112
pitcher-595191,2016,0.44884,0.61579,1576
pitcher-595235,2016,1.14241,0.60661,35
pitcher-595307,2016,1.59726,0.9582,239
pitcher-595345,2016,-1.35279,1.53546,112
pitcher-595465,2016,1.02673,0.87126,18
pitcher-595918,2016,2.74951,0.94892,330
pitcher-596043,2016,0.1626,0.89242,678
pitcher-596049,2016,-0.43759,0.45597,72
pitcher-596057,2016,0.13872,0.78227,619
pitcher-596064,2016,1.74195,0.99519,246
pitcher-596112,2016,0.03373,0.71697,349
pitcher-596133,2016,0.3467,0.51381,349
pitcher-596143,2016,-0.18124,0.16898,4
pitcher-596331,2016,-0.17675,0.98546,115
pitcher-598264,2016,0.39805,0.9538,642
pitcher-598287,2016,-2.33467,1.39893,118
pitcher-599683,2016,-2.4677,1.44853,68
pitcher-599998,2016,0.43818,0.94238,191
pitcher-600301,2016,1.4606,1.4209,4
pitcher-600526,2016,0.30593,0.41309,30
pitcher-600917,2016,-1.48979,1.27437,141
pitcher-600944,2016,-0.18925,0.25354,57
pitcher-605135,2016,0.20267,0.84948,266
pitcher-605151,2016,0.86549,0.67869,1356
pitcher-605152,2016,-0.88192,1.07573,71
pitcher-605164,2016,-1.4293,0.92955,929
pitcher-605177,2016,-1.77,1.25761,164
pitcher-605182,2016,-0.28486,1.1229,524
pitcher-605194,2016,1.64506,0.84898,201
pitcher-605200,2016,2.08953,0.68711,1384
pitcher-605218,2016,-0.50305,1.19712,311
pitcher-605222,2016,0.72767,0.95475,103
pitcher-605226,2016,-0.32791,0.80452,58
pitcher-605228,2016,1.86703,0.79221,1491
pitcher-605232,2016,-0.63493,0.65159,1485
pitcher-605242,2016,1.18017,0.58444,1230
pitcher-605304,2016,-0.93743,0.79877,293
pitcher-605309,2016,-1.18613,0.88686,330
pitcher-605359,2016,0.08435,0.73677,140
pitcher-605388,2016,1.0801,0.81927,947
pitcher-605396,2016,0.32884,1.11136,274
pitcher-605397,2016,-0.31079,1.22033,512
pitcher-605400,2016,1.04716,1.01461,1007
pitcher-605452,2016,-1.03955,0.89871,841
pitcher-605476,2016,0.3244,0.33848,30
pitcher-605483,2016,-1.78578,0.9496,919
pitcher-605525,2016,0.3937,1.67562,138
pitcher-605538,2016,1.45912,0.59984,1210
pitcher-605541,2016,-1.65111,0.8325,659
pitcher-605894,2016,-0.06886,0.86638,280
pitcher-606131,2016,-0.19714,0.6855,1181
pitcher-606160,2016,0.75334,0.88851,210
pitcher-606167,2016,0.17179,0.15681,22
pitcher-606273,2016,-1.21443,2.22597,67
pitcher-606291,2016,-1.09213,0.94438,313
pitcher-606930,2016,-0.31282,1.26078,188
pitcher-606965,2016,0.40401,0.92527,751
pitcher-606983,2016,2.7475,1.2782,146
pitcher-607067,2016,-0.07915,0.98141,957
pitcher-607074,2016,-3.02726,0.7302,1432
pitcher-607192,2016,-0.12133,1.26509,232
pitcher-607229,2016,-1.29378,1.11384,353
pitcher-607231,2016,2.90827,1.02919,466
pitcher-607259,2016,0.46188,0.83359,352
pitcher-607309,2016,-0.4315,0.97091,187
pitcher-607320,2016,2.70647,1.03878,67
pitcher-607352,2016,-1.55899,1.01175,529
pitcher-607359,2016,-1.47888,1.05571,217
pitcher-607374,2016,-0.14406,1.03415,618
pitcher-607457,2016,0.40464,0.68177,748
pitcher-607625,2016,-0.97254,0.74398,472
pitcher-607706,2016,-0.12512,0.18542,45
pitcher-607727,2016,-0.30808,0.50757,31
pitcher-608032,2016,-0.0013,0.77937,488
pitcher-608167,2016,-1.02336,0.80156,6
pitcher-608334,2016,0.27819,0.92888,111
pitcher-608337,2016,0.42726,0.87655,206
pitcher-608349,2016,1.44322,0.86478,339
pitcher-608379,2016,-0.6118,0.55273,1126
pitcher-608566,2016,-0.92889,0.90042,172
pitcher-608638,2016,-0.77408,1.62865,178
pitcher-608648,2016,0.25697,0.71453,1114
pitcher-608665,2016,0.20387,0.71837,1522
pitcher-608678,2016,0.05117,1.11682,207
pitcher-608717,2016,1.58339,1.17916,90
pitcher-608718,2016,1.27233,0.6653,176
pitcher-611093,2016,-1.18271,1.07845,215
pitcher-612434,2016,0.60002,1.16139,139
pitcher-612672,2016,-0.23622,0.84427,926
pitcher-615868,2016,-0.57068,0.5725,23
pitcher-621052,2016,0.65213,0.93448,416
pitcher-621107,2016,-2.02897,1.03575,496
pitcher-621121,2016,-0.691,0.74487,723
pitcher-621199,2016,0.98759,0.91798,552
pitcher-621209,2016,0.21779,0.79014,229
pitcher-621219,2016,-0.73634,0.59727,43
pitcher-621242,2016,1.91797,0.96117,389
pitcher-621244,2016,-0.58101,0.77526,610
pitcher-621281,2016,-1.07873,0.60786,70
pitcher-621294,2016,-0.03086,0.82898,86
pitcher-621295,2016,0.76493,1.14424,411
pitcher-621381,2016,-0.48004,0.8738,235
pitcher-621385,2016,-0.57838,0.56769,50
pitcher-621389,2016,0.97614,1.34081,118
pitcher-621397,2016,-1.01146,0.78465,20
pitcher-621408,2016,1.07706,0.9098,38
pitcher-622072,2016,0.12585,0.82469,545
pitcher-622097,2016,-0.84214,0.45568,500
pitcher-622663,2016,1.35957,0.52444,682
pitcher-622795,2016,-1.5623,1.00921,33
pitcher-623184,2016,1.03554,0.95183,225
pitcher-623395,2016,-2.05753,1.18355,262
pitcher-623406,2016,-1.31928,1.02748,48
pitcher-623430,2016,2.32754,1.01989,608
pitcher-623439,2016,-0.14666,0.9494,349
pitcher-624586,2016,-0.57738,0.77308,162
pitcher-625643,2016,-0.03687,0.67474,406
pitcher-628317,2016,0.68657,0.65754,1510
pitcher-628333,2016,-2.1497,0.95501,280
pitcher-628452,2016,-0.6036,0.96597,644
pitcher-628711,2016,-0.33006,0.82024,749
pitcher-640455,2016,-0.52539,0.97759,1001
pitcher-640463,2016,1.35252,0.90503,617
pitcher-641490,2016,-0.92117,1.46207,136
pitcher-641501,2016,-1.52491,1.43529,20
pitcher-641627,2016,0.17966,1.46437,49
pitcher-641771,2016,0.57678,0.76575,600
pitcher-641838,2016,0.73365,0.98423,88
pitcher-642003,2016,0.53215,1.24128,442
pitcher-642229,2016,0.15409,1.08135,343
pitcher-642239,2016,-1.33641,0.74833,132
pitcher-643230,2016,-0.3504,0.53901,342
pitcher-643297,2016,2.319,0.60383,114
pitcher-643325,2016,0.93088,1.07442,81
pitcher-643327,2016,-0.18374,0.84435,543
pitcher-643338,2016,-0.8346,1.03974,424
pitcher-643354,2016,-0.06694,1.08929,143
pitcher-643355,2016,1.02123,1.53666,152
pitcher-643550,2016,-0.20525,0.20217,28
pitcher-643603,2016,-0.39887,0.33984,10
pitcher-648737,2016,1.10682,1.61689,77
pitcher-656186,2016,-1.44908,0.58383,76
pitcher-656546,2016,0.02019,0.41406,283
pitcher-656547,2016,0.65066,1.27685,65
pitcher-657205,2016,-0.73449,0.98497,141
pitcher-657670,2016,2.88728,1.51615,170
pitcher-664641,2016,0.75408,0.88055,457
umpire-427013,2017,-0.46274,0.51834,4690
umpire-427019,2017,0.15533,0.36914,4215
umpire-427044,2017,-0.3985,0.81087,3689
umpire-427053,2017,-0.25844,0.4346,4061
umpire-427058,2017,-0.56028,0.40092,4802
umpire-427081,2017,0.50392,0.45463,3883
umpire-427090,2017,-0.54268,0.39942,3957
umpire-427093,2017,1.40204,0.44886,4402
umpire-427095,2017,1.45165,0.55241,3760
umpire-427103,2017,-1.07815,0.33299,3969
umpire-427108,2017,-1.76559,0.5445,4312
umpire-427113,2017,-0.04814,0.38288,4671
umpire-427115,2017,-0.46043,1.04482,1573
umpire-427128,2017,0.3414,0.39165,4443
umpire-427129,2017,0.14057,0.43604,4927
umpire-427139,2017,3.69544,0.48414,4513
umpire-427144,2017,0.29634,0.53519,4235
umpire-427156,2017,-0.19807,0.43782,4867
umpire-427164,2017,-0.30442,0.47753,3981
umpire-427168,2017,0.35334,0.39926,4198
umpire-427184,2017,-0.13466,0.49214,4775
umpire-427192,2017,1.43396,0.52599,3171
umpire-427197,2017,-0.74172,0.29142,4512
umpire-427206,2017,-0.63226,0.52986,4641
umpire-427220,2017,0.6095,0.6273,4439
umpire-427224,2017,0.63326,0.59043,2573
umpire-427235,2017,-0.53341,0.449,4866
umpire-427243,2017,0.97624,0.40322,4425
umpire-427248,2017,1.17317,0.51814,3931
umpire-427269,2017,-0.85162,0.40253,4330
umpire-427286,2017,-0.28833,0.58215,1819
umpire-427292,2017,0.00522,0.49434,4693
umpire-427299,2017,-1.33423,0.48695,4093
umpire-427315,2017,-1.46095,0.6543,3975
umpire-427339,2017,-1.38769,0.38982,4809
umpire-427344,2017,3.63606,0.47134,4714
umpire-427361,2017,-1.7162,0.46701,4409
umpire-427362,2017,1.02157,0.42072,4856
umpire-427366,2017,0.93981,0.40791,4605
umpire-427413,2017,-1.41158,0.37811,3639
umpire-427424,2017,-0.93473,0.57851,4507
umpire-427457,2017,0.07431,0.49115,333
umpire-427509,2017,-0.2563,0.36129,4580
umpire-427520,2017,-1.25073,0.552,3789
umpire-427533,2017,-1.73446,0.45183,4493
umpire-427534,2017,-1.84685,0.55303,4654
umpire-427537,2017,1.09012,0.57314,4296
umpire-427538,2017,-0.60259,0.47142,5150
umpire-427552,2017,0.05886,0.59374,4653
umpire-427554,2017,1.47606,0.49095,4115
umpire-428442,2017,-1.0416,0.40489,4722
umpire-429805,2017,-0.3542,0.43435,4586
umpire-431232,2017,0.31541,0.53027,4816
umpire-482608,2017,-0.13816,0.50127,3886
umpire-482620,2017,-0.10987,0.43655,4510
umpire-482631,2017,1.78813,0.68648,3959
umpire-482641,2017,-0.50864,0.46787,4297
umpire-482663,2017,-0.7237,0.48368,4349
umpire-482666,2017,-0.04542,0.51499,5086
umpire-483561,2017,1.52358,0.68707,4153
umpire-483564,2017,0.60003,0.48204,4679
umpire-483569,2017,0.69937,0.51314,4069
umpire-483630,2017,-0.01212,0.51227,4150
umpire-483912,2017,0.51309,0.37558,4472
umpire-483919,2017,1.17028,0.32568,4232
umpire-484183,2017,1.09133,0.40569,4399
umpire-484198,2017,-0.14689,0.54009,4513
umpire-484499,2017,-0.10866,0.54228,4178
umpire-489942,2017,-0.83535,0.69535,925
umpire-489954,2017,-2.08313,0.69764,2440
umpire-489985,2017,-0.30005,0.54361,4156
umpire-490319,2017,0.44912,0.49144,4614
umpire-503077,2017,0.87433,0.56881,3968
umpire-503490,2017,0.17738,0.3425,4482
umpire-503493,2017,-1.30546,0.55998,2376
umpire-503502,2017,-0.61634,0.34755,4240
umpire-503586,2017,-0.50606,0.42807,4155
umpire-504381,2017,0.89611,0.43625,4045
umpire-511890,2017,-0.01691,0.52729,4578
umpire-521051,2017,4.66737,1.05698,582
umpire-521251,2017,0.44983,0.63453,3379
umpire-521889,2017,0.2466,0.38021,5527
umpire-524988,2017,-2.18944,0.5615,3728
umpire-544728,2017,0.53561,0.41998,3532
umpire-547380,2017,-2.04203,0.45043,4279
umpire-573596,2017,-1.43297,0.5252,4564
umpire-573597,2017,-0.30035,0.57183,4551
umpire-575629,2017,-0.05694,1.09439,1063
umpire-577468,2017,0.9226,0.60315,2022
umpire-594151,2017,1.05721,0.74109,2363
umpire-596805,2017,-1.57885,0.49108,419
umpire-596809,2017,0.20277,0.61427,1648
catcher-425772,2017,1.85032,0.48236,3830
catcher-425784,2017,0.88956,0.55133,4783
catcher-425877,2017,1.15517,0.36013,9314
catcher-431145,2017,0.62922,0.34214,5765
catcher-434563,2017,-2.41989,0.57,2956
catcher-434567,2017,-2.36657,0.67816,851
catcher-435263,2017,0.76183,0.40796,6880
catcher-435559,2017,0.19147,0.6036,5328
catcher-444489,2017,-0.06537,0.39144,6465
catcher-446308,2017,-0.7357,0.39222,8193
catcher-446653,2017,-0.14637,0.62341,3344
catcher-452095,2017,3.94751,0.5203,6160
catcher-452672,2017,-3.31467,0.74658,2222
catcher-454560,2017,-1.5869,0.51776,2690
catcher-455104,2017,0.85316,0.31707,5388
catcher-455117,2017,2.06756,0.3742,9456
catcher-455139,2017,-0.56541,0.49394,5961
catcher-455755,2017,0.95901,0.53816,2866
catcher-456078,2017,0.64974,0.36682,6931
catcher-456124,2017,0.49032,0.39511,36
catcher-457454,2017,-0.29277,0.63682,451
catcher-457763,2017,0.92661,0.37152,6654
catcher-460026,2017,-0.15276,0.38141,5173
catcher-460077,2017,-1.38377,0.4543,3660
catcher-460269,2017,0.19807,0.60059,4183
catcher-461865,2017,-0.08118,0.09181,5
catcher-465041,2017,-0.24887,0.4562,5064
catcher-467092,2017,-0.04887,0.39924,4098
catcher-471083,2017,1.05387,0.36869,3562
catcher-488671,2017,-0.81005,0.42953,5172
catcher-488771,2017,0.65016,0.4736,7208
catcher-488912,2017,0.13699,1.06167,637
catcher-489232,2017,-2.10536,1.41005,95
catcher-491696,2017,0.66674,0.49519,3935
catcher-492802,2017,1.5262,0.61077,1957
catcher-500871,2017,-0.44447,0.4125,5
catcher-502570,2017,0.11021,0.51083,191
catcher-506702,2017,0.66808,0.4677,5607
catcher-506747,2017,0.368,0.85623,233
catcher-516949,2017,-1.69244,0.73395,1420
catcher-518542,2017,-1.8626,0.5637,1200
catcher-518595,2017,0.69071,0.4063,6773
catcher-518700,2017,0.30796,0.83033,1312
catcher-518735,2017,2.42273,0.3686,7862
catcher-518960,2017,-1.96048,0.33016,7801
catcher-519023,2017,-1.25453,0.59447,2691
catcher-519083,2017,-0.4628,0.46333,3831
catcher-519222,2017,1.37225,0.50211,4435
catcher-519237,2017,-1.59365,0.3887,6100
catcher-519390,2017,1.35045,0.3664,4976
catcher-521692,2017,-1.05551,0.38372,7884
catcher-542208,2017,0.37498,1.1313,395
catcher-542513,2017,-3.07807,1.14338,159
catcher-542908,2017,-0.3328,0.4573,3481
catcher-542963,2017,-0.44656,0.93258,339
catcher-543089,2017,0.46534,0.2938,33
catcher-543148,2017,-1.78224,1.0814,153
catcher-543228,2017,0.4317,0.44686,6569
catcher-543302,2017,-0.63409,0.64166,2750
catcher-543308,2017,1.05211,0.74381,1008
catcher-543309,2017,2.90356,0.84227,441
catcher-543362,2017,-1.38547,1.07944,145
catcher-543376,2017,1.7655,0.45557,5380
catcher-543432,2017,0.5195,0.91443,303
catcher-543510,2017,-1.24017,0.42568,7359
catcher-543877,2017,1.89423,0.42507,6945
catcher-545358,2017,1.00501,1.47998,502
catcher-547172,2017,-0.42128,0.53125,4847
catcher-547379,2017,2.1947,0.34903,4940
catcher-553869,2017,-1.43304,0.50452,3451
catcher-553882,2017,-0.50135,0.37699,6007
catcher-571466,2017,-0.93283,0.31497,7789
catcher-571657,2017,-0.41891,0.68827,47
catcher-571679,2017,2.35354,1.67537,337
catcher-571912,2017,0.70051,0.56218,2667
catcher-571974,2017,1.29029,0.85259,118
catcher-572000,2017,-2.00095,1.03757,297
catcher-572033,2017,0.39583,0.58355,3370
catcher-572180,2017,-1.03833,1.26443,140
catcher-572287,2017,0.44392,0.33054,7974
catcher-572863,2017,0.21948,0.71134,2561
catcher-575929,2017,-0.42507,0.45384,7153
catcher-592200,2017,2.81509,1.28478,221
catcher-592407,2017,-1.89474,1.09987,549
catcher-592592,2017,-3.43539,0.88399,1168
catcher-592663,2017,0.11957,0.33929,9651
catcher-594828,2017,1.03061,0.55119,3552
catcher-595284,2017,-0.73485,0.44311,3852
catcher-595453,2017,-1.44524,1.04154,157
catcher-595751,2017,-1.83155,0.60775,2086
catcher-595956,2017,0.53786,0.75871,501
catcher-595978,2017,2.3456,0.40242,7674
catcher-596119,2017,2.11264,1.36616,91
catcher-596142,2017,0.47475,0.37835,7057
catcher-600466,2017,-1.49083,1.43151,105
catcher-600474,2017,0.87447,1.39433,455
catcher-605131,2017,2.84837,0.62489,3404
catcher-605170,2017,-0.32228,1.07466,620
catcher-605357,2017,-1.3648,0.66499,168
catcher-607257,2017,0.00907,0.91256,1433
catcher-607345,2017,-0.11988,0.37026,5711
catcher-607732,2017,-1.19827,1.16944,322
catcher-608348,2017,1.61156,0.51902,1225
catcher-608596,2017,-0.27209,1.36223,519
catcher-608700,2017,-1.46783,0.74821,1912
catcher-620443,2017,-1.11489,0.51869,2698
catcher-621512,2017,1.31742,1.00281,189
catcher-622194,2017,0.02781,0.50889,4673
catcher-641598,2017,-1.82945,1.66494,397
catcher-642082,2017,-1.94965,0.65492,325
catcher-642156,2017,-1.11381,0.42073,1632
catcher-642336,2017,1.02244,1.0727,17
catcher-656941,2017,2.26294,1.27079,67
pitcher-112526,2017,2.17086,0.95366,1200
pitcher-276351,2017,-0.70646,0.99613,395
pitcher-276520,2017,1.63192,0.84499,577
pitcher-276542,2017,2.57145,0.93168,389
pitcher-279571,2017,1.47425,1.02581,446
pitcher-282332,2017,0.68471,0.57055,1220
pitcher-285079,2017,0.02858,1.08522,1435
pitcher-407793,2017,-1.04693,0.72438,1371
pitcher-407822,2017,-0.52144,0.92453,370
pitcher-407845,2017,0.06504,0.78347,535
pitcher-408061,2017,2.25103,1.01895,236
pitcher-424144,2017,-1.49906,1.02281,323
pitcher-425386,2017,0.02333,0.1464,29
pitcher-425492,2017,1.05164,0.64348,404
pitcher-425794,2017,-0.8229,0.87743,1137
pitcher-425844,2017,0.80946,0.8131,1581
pitcher-429719,2017,-1.73368,1.06468,657
pitcher-429722,2017,-0.72437,0.7864,1559
pitcher-430589,2017,-1.95395,1.29959,123
pitcher-430599,2017,-1.17697,0.84677,365
pitcher-430641,2017,-1.15658,0.91555,336
pitcher-430661,2017,0.15022,0.78885,527
pitcher-430912,2017,-0.16861,0.72017,1130
pitcher-430935,2017,0.33085,0.83192,1172
pitcher-430947,2017,1.05892,0.84387,8
pitcher-432934,2017,1.48883,0.75244,252
pitcher-433217,2017,-0.01464,0.03354,3
pitcher-433586,2017,0.19104,0.84575,525
pitcher-433587,2017,0.19225,0.48183,692
pitcher-433589,2017,4.13917,1.19355,673
pitcher-434378,2017,0.78748,0.55264,1731
pitcher-434442,2017,-0.7158,1.53875,113
pitcher-434538,2017,0.18805,0.70471,966
pitcher-434563,2017,1.55074,1.07288,21
pitcher-434622,2017,-0.96959,0.64776,1379
pitcher-434628,2017,1.10993,0.69742,1461
pitcher-434671,2017,-1.65757,0.80171,966
pitcher-434672,2017,2.88301,0.92062,530
pitcher-434718,2017,1.36274,0.90319,31
pitcher-435043,2017,-1.58677,1.10598,138
pitcher-435221,2017,-0.43238,0.99742,730
pitcher-435400,2017,-0.58792,1.10263,340
pitcher-444468,2017,0.7788,1.0813,492
pitcher-444520,2017,-1.03836,1.00669,328
pitcher-444857,2017,0.77622,0.94175,1017
pitcher-445055,2017,0.22001,0.25856,7
pitcher-445060,2017,0.74581,0.68401,1556
pitcher-445197,2017,0.43746,1.01555,470
pitcher-445213,2017,2.01921,0.80338,577
pitcher-445276,2017,0.99026,1.185,433
pitcher-445926,2017,2.96832,1.04187,1240
pitcher-446099,2017,2.24429,0.73138,268
pitcher-446372,2017,0.36272,0.65539,1446
pitcher-446399,2017,-1.3973,1.18386,429
pitcher-446899,2017,2.76342,1.42312,344
pitcher-447714,2017,-2.25943,1.18165,151
pitcher-448179,2017,-1.63951,0.78232,1198
pitcher-448281,2017,1.04412,1.07921,311
pitcher-448306,2017,-0.03299,0.74789,1062
pitcher-448609,2017,1.86613,0.91933,315
pitcher-448614,2017,0.48441,0.77365,606
pitcher-448802,2017,-1.10392,0.83175,1202
pitcher-448855,2017,0.33109,0.51072,634
pitcher-449173,2017,1.23962,0.84523,79
pitcher-450172,2017,0.21935,1.05676,807
pitcher-450203,2017,0.86034,0.84251,1244
pitcher-450212,2017,3.09154,0.86802,411
pitcher-450282,2017,-1.6476,1.88708,58
pitcher-450306,2017,1.58749,0.52466,1569
pitcher-450308,2017,-1.24262,0.6203,354
pitcher-450729,2017,-0.17888,1.27027,846
pitcher-451584,2017,0.96362,0.73603,502
pitcher-451596,2017,0.40605,0.69887,1197
pitcher-451661,2017,-1.13589,0.79166,370
pitcher-452027,2017,2.05316,1.53002,330
pitcher-452657,2017,2.22583,0.83328,1622
pitcher-452666,2017,-2.33176,1.07275,234
pitcher-452718,2017,0.91205,0.79629,84
pitcher-453172,2017,-1.36619,0.69553,460
pitcher-453178,2017,-0.24841,0.6733,1373
pitcher-453192,2017,-0.055,1.15381,493
pitcher-453214,2017,0.85597,0.54531,197
pitcher-453265,2017,-1.02097,1.15462,434
pitcher-453281,2017,1.71898,0.89156,553
pitcher-453284,2017,2.01951,0.90642,508
pitcher-453286,2017,1.07279,0.65507,1443
pitcher-453329,2017,0.79043,0.71218,65
pitcher-453343,2017,1.66099,0.98565,257
pitcher-453344,2017,-0.59851,1.21544,246
pitcher-453385,2017,-0.57989,0.80043,1474
pitcher-453562,2017,-1.96678,0.86264,1442
pitcher-455009,2017,-0.81798,1.10367,125
pitcher-455374,2017,0.20593,0.85095,123
pitcher-455376,2017,-2.09706,2.53375,57
pitcher-456034,2017,0.84705,0.98082,603
pitcher-456068,2017,-1.19189,0.66989,1251
pitcher-456167,2017,0.16884,0.89221,683
pitcher-456379,2017,3.00696,1.74164,139
pitcher-456501,2017,0.21678,0.60154,1223
pitcher-456696,2017,0.04041,0.75361,372
pitcher-456701,2017,-2.60727,0.83361,764
pitcher-456713,2017,-1.88283,1.15792,424
pitcher-457117,2017,-0.94008,0.5505,69
pitcher-457429,2017,-1.07216,0.97011,161
pitcher-457732,2017,-0.59459,0.79188,17
pitcher-457768,2017,-0.73136,1.46798,147
pitcher-457915,2017,0.1284,1.40074,141
pitcher-457918,2017,0.80844,0.77353,1249
pitcher-458006,2017,0.08831,0.93675,517
pitcher-458584,2017,2.03215,1.16332,33
pitcher-458676,2017,0.97367,1.01159,75
pitcher-458677,2017,-1.84411,0.95351,601
pitcher-458681,2017,0.04034,0.67462,1695
pitcher-458690,2017,1.51885,0.54636,151
pitcher-458708,2017,1.83845,0.81926,1034
pitcher-459429,2017,0.28769,0.88187,441
pitcher-460059,2017,2.05858,0.79521,1308
pitcher-460269,2017,1.44204,1.04043,32
pitcher-460283,2017,1.60342,1.11647,511
pitcher-461325,2017,2.59518,0.92036,544
pitcher-461829,2017,1.61246,0.6658,1861
pitcher-461833,2017,-0.73419,1.12442,432
pitcher-461865,2017,0.61209,0.45824,10
pitcher-461872,2017,2.65385,0.80997,583
pitcher-462136,2017,-0.20693,0.62113,1565
pitcher-462382,2017,2.24522,1.17587,525
pitcher-462515,2017,1.59309,1.00702,168
pitcher-465629,2017,1.01434,0.88897,39
pitcher-465657,2017,-0.0265,0.87842,505
pitcher-466948,2017,-1.61627,1.29497,55
pitcher-467008,2017,-1.06762,0.99023,510
pitcher-467100,2017,-0.27918,0.64806,1209
pitcher-468504,2017,-0.01745,0.56032,1576
pitcher-471083,2017,1.97954,1.5795,17
pitcher-471822,2017,0.09533,1.18753,261
pitcher-471911,2017,0.20757,0.60244,1500
pitcher-472551,2017,0.88221,0.71732,439
pitcher-472610,2017,-0.4303,1.20216,473
pitcher-473879,2017,-1.25826,0.80947,471
pitcher-474029,2017,1.07858,0.66647,43
pitcher-474039,2017,1.09751,0.81952,8
pitcher-474463,2017,0.74503,0.78608,461
pitcher-474699,2017,-1.16015,0.79615,646
pitcher-475054,2017,1.20657,1.3814,91
pitcher-475115,2017,-0.39859,0.55983,541
pitcher-475243,2017,-0.95683,0.80746,833
pitcher-475479,2017,1.05273,0.91485,554
pitcher-476123,2017,-1.26787,0.8964,16
pitcher-476451,2017,-0.36506,0.65087,1282
pitcher-476454,2017,-0.13509,0.75478,692
pitcher-476589,2017,1.98675,0.66043,484
pitcher-477132,2017,1.76451,0.6234,1097
pitcher-477569,2017,-0.11597,0.85129,459
pitcher-487675,2017,-0.22285,0.98772,70
pitcher-488748,2017,0.24092,1.10606,537
pitcher-488768,2017,0.21279,0.76702,1371
pitcher-488846,2017,0.39672,0.94796,541
pitcher-488984,2017,0.55717,0.77132,418
pitcher-489119,2017,1.82815,0.79482,1642
pitcher-489265,2017,1.65743,1.01492,472
pitcher-489294,2017,-0.20104,0.76193,45
pitcher-489334,2017,1.39288,1.05616,641
pitcher-489446,2017,0.17835,0.82435,448
pitcher-490063,2017,0.50452,0.66629,925
pitcher-491624,2017,-0.60034,1.26995,227
pitcher-491646,2017,0.58927,0.72308,187
pitcher-491696,2017,1.11733,0.9369,20
pitcher-491703,2017,-0.31354,1.01312,413
pitcher-492841,2017,0.02267,0.05687,6
pitcher-493114,2017,0.01604,0.07476,13
pitcher-493157,2017,-0.8102,1.21613,295
pitcher-493200,2017,1.8313,0.73332,446
pitcher-493247,2017,1.03951,0.96185,477
pitcher-493603,2017,-3.16112,0.80976,644
pitcher-500610,2017,0.20283,0.94553,204
pitcher-500724,2017,-1.30482,0.60908,1199
pitcher-500765,2017,1.42696,1.40285,136
pitcher-500779,2017,0.03764,0.77214,1675
pitcher-500872,2017,-1.91941,0.75873,500
pitcher-501381,2017,-0.10023,0.85684,730
pitcher-501563,2017,-0.01789,1.52485,324
pitcher-501593,2017,0.69634,1.03825,399
pitcher-501625,2017,0.78464,0.88907,360
pitcher-501697,2017,1.73031,0.7914,454
pitcher-501789,2017,0.02191,0.88537,336
pitcher-501817,2017,0.80669,0.92571,481
pitcher-501822,2017,0.75292,0.82295,488
pitcher-501925,2017,-0.67052,1.15383,399
pitcher-501957,2017,0.24376,0.71985,923
pitcher-501985,2017,1.81329,0.6883,586
pitcher-501992,2017,0.94731,1.18236,377
pitcher-502004,2017,1.73899,0.86057,487
pitcher-502009,2017,0.57549,1.77287,134
pitcher-502011,2017,0.0828,0.11576,15
pitcher-502026,2017,-1.21131,0.91071,579
pitcher-502028,2017,-0.20964,0.79474,668
pitcher-502032,2017,0.58583,0.80331,547
pitcher-502042,2017,0.78382,0.58293,1658
pitcher-502043,2017,-0.51705,0.86338,1329
pitcher-502046,2017,2.07734,0.981,294
pitcher-502051,2017,1.65176,0.86736,135
pitcher-502083,2017,1.86244,1.22814,491
pitcher-502085,2017,-1.5189,0.80597,515
pitcher-502130,2017,-1.28552,1.78325,46
pitcher-502154,2017,-2.46334,1.16386,284
pitcher-502171,2017,0.9619,0.65861,1528
pitcher-502179,2017,-0.56081,0.92028,247
pitcher-502188,2017,0.97505,0.65383,1623
pitcher-502190,2017,0.46667,0.69575,1376
pitcher-502202,2017,-1.30713,0.7829,256
pitcher-502211,2017,0.92671,1.13988,407
pitcher-502212,2017,-1.62451,1.42533,606
pitcher-502239,2017,-0.09877,0.73238,810
pitcher-502272,2017,-0.3621,0.85068,93
pitcher-502273,2017,-0.1282,0.16081,10
pitcher-502327,2017,-2.41847,1.13388,656
pitcher-502381,2017,-0.11984,0.85189,459
pitcher-502593,2017,0.75535,1.14329,243
pitcher-502624,2017,0.05855,0.86503,1164
pitcher-502706,2017,2.18725,0.67981,1384
pitcher-502748,2017,2.03906,0.71606,1241
pitcher-503285,2017,2.07999,1.01531,540
pitcher-503449,2017,2.55254,0.73075,615
pitcher-503566,2017,0.94751,1.18604,15
pitcher-504379,2017,1.34568,0.82959,565
pitcher-506433,2017,-1.31375,0.74891,1513
pitcher-506693,2017,-1.8626,1.57962,146
pitcher-514981,2017,1.08496,0.82086,50
pitcher-516714,2017,-0.82566,0.79676,180
pitcher-516969,2017,1.50594,0.77771,462
pitcher-517008,2017,1.20161,1.05236,474
pitcher-517414,2017,2.49026,0.72129,501
pitcher-517593,2017,-0.08358,0.51172,860
pitcher-518397,2017,-1.12994,0.94454,502
pitcher-518445,2017,-0.1241,0.9425,617
pitcher-518452,2017,0.52895,1.53142,356
pitcher-518468,2017,-0.73153,1.03854,75
pitcher-518516,2017,0.66285,0.85238,786
pitcher-518553,2017,-0.10415,0.9481,412
pitcher-518566,2017,-0.2399,0.20789,18
pitcher-518567,2017,3.21838,1.42657,158
pitcher-518614,2017,-0.04225,0.06864,13
pitcher-518617,2017,-0.97725,1.10967,101
pitcher-518633,2017,-0.55291,0.61852,1072
pitcher-518693,2017,-0.75602,0.87208,478
pitcher-518715,2017,-0.66974,0.75313,574
pitcher-518716,2017,1.92344,0.8859,396
pitcher-518748,2017,0.93321,0.9873,520
pitcher-518774,2017,1.97377,0.85503,869
pitcher-518790,2017,-0.24254,1.08356,83
pitcher-518813,2017,-0.46875,1.14705,447
pitcher-518858,2017,2.5616,1.04264,101
pitcher-518875,2017,1.43822,0.83899,217
pitcher-518886,2017,0.50912,0.90368,576
pitcher-518927,2017,0.10332,1.1747,133
pitcher-519008,2017,2.32069,1.09151,397
pitcher-519043,2017,-0.25086,0.56427,1432
pitcher-519048,2017,-0.71924,0.58049,6
pitcher-519076,2017,-1.07358,0.69464,1369
pitcher-519096,2017,-1.70827,1.10132,375
pitcher-519141,2017,0.35547,0.75315,1605
pitcher-519144,2017,1.12082,0.50941,1624
pitcher-519151,2017,-0.83785,1.02317,420
pitcher-519166,2017,0.57365,1.06376,336
pitcher-519240,2017,-0.65565,0.97804,259
pitcher-519242,2017,-0.93063,0.71684,1665
pitcher-519263,2017,-0.18411,1.26156,236
pitcher-519267,2017,0.01087,0.9285,58
pitcher-519294,2017,-0.34464,1.13586,553
pitcher-519301,2017,1.55033,1.17775,258
pitcher-519322,2017,-0.05645,0.8882,452
pitcher-519326,2017,0.83807,0.93754,508
pitcher-519344,2017,0.1416,0.6983,160
pitcher-519443,2017,1.12287,1.01972,315
pitcher-519455,2017,-1.71758,0.90355,1294
pitcher-520980,2017,-0.30604,0.8485,523
pitcher-521230,2017,-0.03374,0.83665,543
pitcher-521655,2017,-1.28707,0.61389,45
pitcher-523260,2017,-0.21685,0.78549,509
pitcher-523989,2017,0.66107,1.10049,56
pitcher-527048,2017,1.57541,0.74669,1602
pitcher-527054,2017,2.23127,0.70428,1579
pitcher-527055,2017,-0.12435,1.33322,399
pitcher-532077,2017,3.45779,0.90052,424
pitcher-533167,2017,-0.1645,0.78522,603
pitcher-534812,2017,1.47367,1.22339,277
pitcher-534910,2017,-2.60619,0.79664,647
pitcher-534947,2017,-0.63279,0.77762,1035
pitcher-541640,2017,1.71948,0.5898,984
pitcher-541650,2017,0.09148,0.1011,13
pitcher-541652,2017,0.92758,1.001,158
pitcher-542194,2017,-0.19565,0.3632,60
pitcher-542432,2017,1.42358,0.94027,501
pitcher-542881,2017,-1.46427,0.94904,661
pitcher-542882,2017,-0.02821,0.73075,711
pitcher-542888,2017,-0.38342,1.38001,187
pitcher-542914,2017,-0.06982,0.29032,45
pitcher-542924,2017,0.07245,1.02259,149
pitcher-542947,2017,-3.50837,0.92831,384
pitcher-542953,2017,0.85302,0.86663,272
pitcher-542960,2017,0.86224,1.10239,571
pitcher-542963,2017,0.35646,0.32536,8
pitcher-543017,2017,-2.93119,1.47969,63
pitcher-543022,2017,0.21508,0.67333,1252
pitcher-543031,2017,-0.099,0.09799,7
pitcher-543037,2017,1.55174,0.67976,1682
pitcher-543045,2017,0.09991,1.07958,853
pitcher-543054,2017,0.33036,1.32616,268
pitcher-543056,2017,-1.67849,0.76762,495
pitcher-543118,2017,-0.90102,0.89173,519
pitcher-543144,2017,-0.2332,0.88635,441
pitcher-543169,2017,0.39689,0.30724,19
pitcher-543208,2017,-2.48201,0.97502,631
pitcher-543219,2017,-1.52283,1.5015,46
pitcher-543243,2017,0.47863,0.84955,1300
pitcher-543261,2017,-0.19245,0.10726,10
pitcher-543272,2017,-0.17508,0.81287,599
pitcher-543278,2017,-2.31276,1.06586,307
pitcher-543294,2017,0.24757,0.86161,1263
pitcher-543331,2017,-0.18495,0.95353,467
pitcher-543334,2017,0.26178,0.67711,21
pitcher-543339,2017,-0.85018,0.8521,568
pitcher-543357,2017,-2.13072,1.07684,46
pitcher-543359,2017,-2.17833,1.15808,551
pitcher-543380,2017,0.87899,0.6047,21
pitcher-543408,2017,1.52959,0.94542,690
pitcher-543475,2017,-1.787,0.83972,609
pitcher-543506,2017,0.8215,0.97428,504
pitcher-543508,2017,-0.13749,0.91581,104
pitcher-543521,2017,-0.41653,0.93463,525
pitcher-543532,2017,-0.37696,1.13845,65
pitcher-543542,2017,-2.26293,0.58168,667
pitcher-543548,2017,1.93496,0.78804,451
pitcher-543557,2017,-0.60765,0.63831,1100
pitcher-543606,2017,1.15363,0.69057,1319
pitcher-543652,2017,1.82492,1.47523,209
pitcher-543699,2017,0.24587,0.61343,1669
pitcher-543726,2017,1.05964,1.86815,85
pitcher-543734,2017,-1.69883,1.2034,552
pitcher-543746,2017,-2.15008,1.28907,152
pitcher-543766,2017,-0.96818,0.92318,580
pitcher-543779,2017,0.57677,0.85775,378
pitcher-543859,2017,-1.57509,1.30508,195
pitcher-543867,2017,0.08394,1.24246,175
pitcher-543883,2017,0.03313,1.03343,406
pitcher-543901,2017,0.21234,0.35863,32
pitcher-543935,2017,0.65867,1.1974,437
pitcher-543964,2017,-2.79253,0.95793,337
pitcher-544150,2017,2.32886,1.21919,296
pitcher-544727,2017,-0.17388,1.06363,204
pitcher-544836,2017,0.79294,1.12689,479
pitcher-544928,2017,0.59706,0.84287,492
pitcher-544931,2017,-0.63976,0.92684,1310
pitcher-545064,2017,-0.05453,0.40672,57
pitcher-545332,2017,-0.55398,0.98386,237
pitcher-545333,2017,0.86288,0.73043,1705
pitcher-545346,2017,0.6758,2.04086,98
pitcher-545348,2017,2.34972,1.85943,115
pitcher-545363,2017,-3.28427,1.83968,317
pitcher-547007,2017,-3.04859,1.69796,60
pitcher-547179,2017,-0.74544,0.73278,683
pitcher-547749,2017,-0.00338,0.94263,454
pitcher-547874,2017,0.48469,0.90288,238
pitcher-547888,2017,1.78763,0.69532,1284
pitcher-547943,2017,1.12827,0.93088,1119
pitcher-547973,2017,-1.16229,0.87009,421
pitcher-547982,2017,0.53542,0.51767,7
pitcher-548337,2017,0.27891,0.97132,70
pitcher-548357,2017,-0.45799,1.51078,396
pitcher-548389,2017,1.57844,0.79764,599
pitcher-552640,2017,-2.44925,1.11023,119
pitcher-553878,2017,-0.91324,0.95616,544
pitcher-554374,2017,-0.64621,0.63241,250
pitcher-554430,2017,-0.77954,0.87329,795
pitcher-570240,2017,-2.12822,0.91657,307
pitcher-570257,2017,-1.26242,0.87164,255
pitcher-570632,2017,1.14146,0.6078,1505
pitcher-570663,2017,0.96004,0.82872,524
pitcher-570666,2017,-0.70581,1.13668,323
pitcher-570702,2017,-0.76247,1.17844,103
pitcher-570810,2017,0.77262,1.491,308
pitcher-571035,2017,1.40889,1.25081,7
pitcher-571473,2017,1.94939,0.7246,151
pitcher-571476,2017,1.14824,0.87457,597
pitcher-571510,2017,-2.31777,0.82794,1158
pitcher-571521,2017,0.95011,1.60226,168
pitcher-571561,2017,-0.672,1.00691,365
pitcher-571578,2017,2.35734,0.5385,1514
pitcher-571616,2017,-1.00074,1.13411,169
pitcher-571656,2017,0.83231,1.08126,464
pitcher-571666,2017,-0.36992,0.70929,1332
pitcher-571670,2017,-3.30068,1.21576,69
pitcher-571676,2017,0.98539,0.74452,21
pitcher-571697,2017,0.51677,0.43192,11
pitcher-571704,2017,-0.16545,0.99936,447
pitcher-571710,2017,-0.68613,0.78135,670
pitcher-571760,2017,-0.788,1.33075,212
pitcher-571787,2017,0.08738,0.80098,601
pitcher-571863,2017,-0.49597,0.44445,6
pitcher-571871,2017,-0.60859,0.92269,415
pitcher-571882,2017,0.18551,1.02163,344
pitcher-571893,2017,-0.92765,0.46726,43
pitcher-571901,2017,0.60307,0.99214,531
pitcher-571911,2017,0.73467,0.55311,12
pitcher-571927,2017,-0.01661,0.96139,635
pitcher-571946,2017,-2.28456,1.36863,198
pitcher-571948,2017,-1.05752,1.12106,287
pitcher-571951,2017,-2.391,0.81777,285
pitcher-572020,2017,-1.41233,0.61248,1093
pitcher-572021,2017,-1.82118,0.98168,454
pitcher-572044,2017,-3.30003,1.63015,97
pitcher-572070,2017,1.18677,1.30141,211
pitcher-572096,2017,0.60338,0.98312,427
pitcher-572140,2017,1.05906,0.66603,744
pitcher-572193,2017,0.36118,0.7456,620
pitcher-572208,2017,-0.34272,0.43521,43
pitcher-572308,2017,-0.32622,0.71746,145
pitcher-572403,2017,-1.25261,0.76255,272
pitcher-572728,2017,-0.14648,1.04261,197
pitcher-572750,2017,-1.233,1.01579,436
pitcher-572831,2017,0.06932,0.83924,301
pitcher-572888,2017,0.97371,0.82632,592
pitcher-572955,2017,-1.2278,0.96335,16
pitcher-572971,2017,3.63162,1.036,1126
pitcher-572998,2017,0.82312,1.11127,58
pitcher-573016,2017,-1.16624,0.90144,25
pitcher-573046,2017,-0.32496,1.19427,154
pitcher-573064,2017,3.47793,1.02181,156
pitcher-573109,2017,1.98058,0.71187,620
pitcher-573124,2017,2.06985,0.83213,470
pitcher-573127,2017,1.3592,0.8513,65
pitcher-573185,2017,-0.38462,0.77755,1473
pitcher-573186,2017,0.44388,0.5701,1655
pitcher-573244,2017,0.1462,0.64976,158
pitcher-573589,2017,-1.35606,0.95266,329
pitcher-573668,2017,-0.75999,1.08523,394
pitcher-580792,2017,0.07168,0.98568,420
pitcher-582494,2017,-0.975,1.30594,307
pitcher-584171,2017,-1.11632,1.05115,187
pitcher-591693,2017,-0.69038,1.00874,529
pitcher-591701,2017,1.14533,0.93639,71
pitcher-592102,2017,0.99739,0.69559,581
pitcher-592120,2017,-2.29459,1.94953,76
pitcher-592127,2017,0.64052,0.89626,236
pitcher-592130,2017,0.54628,0.84399,520
pitcher-592135,2017,-0.8938,1.11384,390
pitcher-592169,2017,0.70986,1.43398,244
pitcher-592170,2017,-1.61181,0.7857,873
pitcher-592222,2017,0.36679,1.04802,545
pitcher-592229,2017,-2.35399,1.19792,619
pitcher-592233,2017,-2.03135,1.00744,141
pitcher-592254,2017,1.01044,0.70443,35
pitcher-592279,2017,-0.4851,1.21059,151
pitcher-592314,2017,1.18219,0.95905,1450
pitcher-592332,2017,0.24976,0.82752,1697
pitcher-592340,2017,-1.81338,0.85149,238
pitcher-592341,2017,0.61914,0.47364,10
pitcher-592351,2017,1.00509,0.95859,971
pitcher-592390,2017,0.46433,0.98349,521
pitcher-592422,2017,0.0767,1.21294,88
pitcher-592426,2017,0.57896,1.00855,355
pitcher-592454,2017,-0.50412,0.85431,457
pitcher-592473,2017,-0.23135,1.8461,67
pitcher-592499,2017,0.44199,0.64739,89
pitcher-592533,2017,0.35402,0.26057,31
pitcher-592547,2017,-0.79134,0.67175,108
pitcher-592570,2017,-0.59804,0.41481,60
pitcher-592592,2017,1.84474,1.644,5
pitcher-592593,2017,0.17753,0.71891,448
pitcher-592612,2017,-0.95024,1.20663,387
pitcher-592614,2017,-0.01015,0.88528,170
pitcher-592662,2017,0.82117,0.76042,1397
pitcher-592665,2017,-0.04645,1.17138,487
pitcher-592717,2017,-0.36189,0.58249,351
pitcher-592741,2017,-0.33823,0.88104,419
pitcher-592753,2017,-0.03413,0.04041,6
pitcher-592761,2017,-0.95866,0.99719,167
pitcher-592773,2017,-0.18515,0.96858,218
pitcher-592779,2017,0.45195,1.48023,291
pitcher-592789,2017,-0.32282,1.53094,212
pitcher-592791,2017,-0.667,0.75555,1167
pitcher-592811,2017,-0.19587,0.9513,593
pitcher-592815,2017,-0.80586,0.83266,308
pitcher-592826,2017,-1.70488,0.83914,604
pitcher-592833,2017,-2.38526,0.70818,71
pitcher-592836,2017,0.59713,0.58207,1427
pitcher-592865,2017,-0.42158,1.13028,39
pitcher-592866,2017,1.57253,0.78091,1201
pitcher-592869,2017,-3.83927,1.43334,138
pitcher-592872,2017,0.39342,2.08038,85
pitcher-592879,2017,0.22573,0.77553,545
pitcher-593140,2017,0.83373,1.15435,446
pitcher-593144,2017,-0.28304,0.82626,65
pitcher-593334,2017,1.91712,0.86438,139
pitcher-593372,2017,-1.00453,0.62669,1597
pitcher-593417,2017,-0.72552,1.4042,228
pitcher-593423,2017,0.60314,0.87286,317
pitcher-593576,2017,0.01967,0.92389,536
pitcher-593679,2017,-0.18231,1.14438,273
pitcher-593958,2017,1.2531,0.8721,1260
pitcher-593969,2017,-1.68979,2.37832,126
pitcher-593974,2017,-0.38303,0.83092,475
pitcher-594056,2017,-2.09874,1.23766,161
pitcher-594311,2017,-0.45006,1.41243,59
pitcher-594577,2017,0.32593,0.21642,46
pitcher-594580,2017,0.15476,0.65533,78
pitcher-594742,2017,-0.53638,0.74874,578
pitcher-594760,2017,-0.17556,0.25779,35
pitcher-594772,2017,0.73667,0.56999,104
pitcher-594795,2017,-3.74758,0.98773,202
pitcher-594798,2017,1.13758,0.62347,1557
pitcher-594815,2017,-1.34875,0.97152,87
pitcher-594835,2017,2.11157,1.8251,363
pitcher-594840,2017,-1.24151,1.26553,373
pitcher-594867,2017,-0.62288,0.45111,142
pitcher-594902,2017,0.05711,1.1686,715
pitcher-594943,2017,-0.39506,1.32559,116
pitcher-594986,2017,-1.30851,0.95757,64
pitcher-594992,2017,-1.90567,1.12755,233
pitcher-595001,2017,1.57802,0.79418,312
pitcher-595014,2017,-1.5934,0.90571,576
pitcher-595032,2017,0.62751,0.70389,372
pitcher-595191,2017,0.36901,0.70224,1118
pitcher-595234,2017,1.00481,1.23167,167
pitcher-595307,2017,0.09652,1.50272,88
pitcher-595345,2017,-4.16287,1.03991,220
pitcher-595411,2017,-0.33845,0.59262,103
pitcher-595465,2017,-0.68536,0.82939,120
pitcher-595918,2017,-0.53353,1.1582,485
pitcher-595928,2017,-1.34804,1.10029,80
pitcher-596001,2017,-1.72942,0.72759,804
pitcher-596027,2017,-1.33245,0.56782,72
pitcher-596043,2017,0.37872,0.47656,349
pitcher-596057,2017,-1.38579,0.95062,939
pitcher-596071,2017,-1.46214,0.99622,267
pitcher-596112,2017,0.35656,0.71296,730
pitcher-596133,2017,2.36043,1.05276,533
pitcher-596143,2017,0.85959,0.74821,9
pitcher-596271,2017,-0.98441,0.99948,497
pitcher-596720,2017,-1.71333,1.00289,213
pitcher-596816,2017,-0.38692,0.20886,43
pitcher-598264,2017,1.9833,0.88658,645
pitcher-598271,2017,0.58734,0.58162,220
pitcher-598287,2017,0.49157,1.48532,101
pitcher-599683,2017,-0.60577,0.88765,555
pitcher-599998,2017,0.69004,0.71287,103
pitcher-600526,2017,1.0514,1.01149,503
pitcher-600917,2017,-1.9623,1.01584,464
pitcher-600921,2017,-2.66051,1.39533,42
pitcher-600944,2017,-1.89472,0.86507,281
pitcher-600965,2017,0.19783,1.79889,114
pitcher-600968,2017,1.0683,1.23718,36
pitcher-600986,2017,0.72863,0.61798,6
pitcher-601713,2017,-1.66274,0.85067,1270
pitcher-602083,2017,-0.82589,0.88091,23
pitcher-602928,2017,-1.37205,0.71007,74
pitcher-605151,2017,0.2713,0.84333,581
pitcher-605154,2017,0.71448,0.82344,367
pitcher-605164,2017,-0.69197,0.67284,1378
pitcher-605169,2017,2.29966,1.05261,107
pitcher-605177,2017,0.92138,0.78843,450
pitcher-605182,2017,1.04906,0.68683,1170
pitcher-605194,2017,-1.9551,0.71538,1064
pitcher-605195,2017,-1.12117,0.90249,295
pitcher-605200,2017,2.07005,0.71331,1650
pitcher-605204,2017,-0.96617,0.62721,16
pitcher-605218,2017,-1.67658,0.76381,574
pitcher-605222,2017,-1.4293,1.07657,7
pitcher-605232,2017,1.45353,1.21819,140
pitcher-605240,2017,0.61613,1.06228,67
pitcher-605242,2017,0.08144,0.90177,1201
pitcher-605254,2017,0.54554,0.89916,803
pitcher-605309,2017,-2.2281,0.99125,337
pitcher-605333,2017,-1.34466,0.80144,69
pitcher-605347,2017,-0.25729,0.23364,16
pitcher-605359,2017,-0.61155,1.33308,53
pitcher-605388,2017,1.34063,0.94904,416
pitcher-605397,2017,0.18925,0.88814,813
pitcher-605400,2017,0.08593,0.79352,1426
pitcher-605428,2017,0.14134,1.10552,50
pitcher-605441,2017,-0.96508,1.20639,133
pitcher-605452,2017,1.89797,0.99893,617
pitcher-605476,2017,-0.93363,1.30574,63
pitcher-605483,2017,1.87169,0.6082,1218
pitcher-605528,2017,-0.70228,0.57161,29
pitcher-605538,2017,-0.5516,0.81424,277
pitcher-605540,2017,-0.45941,0.97338,339
pitcher-605541,2017,3.38217,1.36447,210
pitcher-605795,2017,0.5707,0.69525,94
pitcher-606131,2017,0.15006,0.6613,1304
pitcher-606149,2017,1.08425,1.1917,165
pitcher-606160,2017,0.24376,0.79577,1137
pitcher-606167,2017,-0.91197,0.91591,859
pitcher-606273,2017,-0.02968,0.05686,7
pitcher-606424,2017,0.87773,0.99917,445
pitcher-606625,2017,0.37039,1.97819,60
pitcher-606930,2017,1.70596,0.75001,580
pitcher-606959,2017,0.94251,1.26135,279
pitcher-606965,2017,0.88102,0.68961,623
pitcher-606983,2017,-0.31358,1.5807,154
pitcher-607074,2017,-3.96969,1.13182,630
pitcher-607162,2017,-1.29278,0.95528,71
pitcher-607188,2017,-0.83423,0.64398,730
pitcher-607192,2017,-0.6957,1.24791,640
pitcher-607200,2017,1.55418,0.74825,167
pitcher-607215,2017,-4.16098,1.20534,190
pitcher-607219,2017,1.30075,0.79272,781
pitcher-607229,2017,0.96044,0.68861,1018
pitcher-607231,2017,-1.95866,0.92203,149
pitcher-607237,2017,-0.74868,0.81426,636
pitcher-607259,2017,0.04921,1.10656,940
pitcher-607320,2017,0.00709,0.7305,174
pitcher-607352,2017,0.87411,0.90389,962
pitcher-607455,2017,-0.19641,0.76874,221
pitcher-607457,2017,-0.38278,0.71111,615
pitcher-607473,2017,-1.50032,1.04725,235
pitcher-607481,2017,-1.14691,1.05396,204
pitcher-607536,2017,1.55181,0.71104,1349
pitcher-607625,2017,0.21137,0.75057,830
pitcher-607951,2017,1.56713,0.89634,65
pitcher-607968,2017,-1.4831,1.55027,44
pitcher-608032,2017,-0.74742,1.36714,282
pitcher-608328,2017,-1.09805,0.90368,255
pitcher-608331,2017,-0.21837,1.08782,228
pitcher-608334,2017,-0.53879,0.52418,213
pitcher-608337,2017,-0.42811,1.64948,341
pitcher-608349,2017,0.40421,0.7084,737
pitcher-608371,2017,-1.13547,1.3045,527
pitcher-608379,2017,-0.32038,0.66985,1339
pitcher-608566,2017,-2.09427,0.80613,1281
pitcher-608601,2017,-0.56916,1.2833,135
pitcher-608648,2017,0.57445,0.90599,547
pitcher-608650,2017,2.21278,1.40941,41
pitcher-608652,2017,1.02801,0.61169,126
pitcher-608665,2017,4.51417,1.13407,909
pitcher-608678,2017,-0.92178,1.02877,527
pitcher-608700,2017,1.24153,0.67605,23
pitcher-608716,2017,0.50582,1.19133,341
pitcher-608717,2017,-0.79184,0.75956,541
pitcher-608718,2017,-0.10265,1.03887,648
pitcher-611093,2017,-3.12148,1.23647,165
pitcher-612434,2017,-1.84815,1.14481,527
pitcher-612672,2017,-0.1744,0.89881,235
pitcher-613534,2017,1.59285,1.07063,73
pitcher-614179,2017,-0.37924,0.34609,9
pitcher-620982,2017,-0.18705,0.86604,287
pitcher-621056,2017,-0.42929,0.39653,3
pitcher-621058,2017,1.49875,0.80062,445
pitcher-621094,2017,0.92725,1.03962,41
pitcher-621107,2017,0.89989,1.11141,494
pitcher-621111,2017,-1.70289,1.07187,106
pitcher-621112,2017,2.15952,1.11229,504
pitcher-621121,2017,-0.67784,0.64997,1026
pitcher-621199,2017,0.09211,0.95606,485
pitcher-621237,2017,0.63637,1.20763,239
pitcher-621242,2017,-1.39874,0.81626,543
pitcher-621244,2017,-1.38899,0.74661,1235
pitcher-621294,2017,-1.46585,0.93836,99
pitcher-621295,2017,-1.75058,1.17271,385
pitcher-621345,2017,1.98228,1.66738,108
pitcher-621381,2017,-1.28528,1.01157,353
pitcher-621385,2017,-1.7854,0.9391,342
pitcher-621389,2017,-0.50001,0.7239,1295
pitcher-621397,2017,-1.06382,0.98331,153
pitcher-622072,2017,1.63559,0.80684,1101
pitcher-622097,2017,-0.59897,1.03329,427
pitcher-622161,2017,-0.5997,0.87605,170
pitcher-622217,2017,-0.65942,1.09225,303
pitcher-622382,2017,1.32869,1.18431,49
pitcher-622491,2017,0.37911,0.93375,750
pitcher-622492,2017,-0.0747,0.36881,31
pitcher-622505,2017,-1.16374,0.89866,57
pitcher-622608,2017,-1.35061,0.97947,1188
pitcher-622663,2017,0.03265,0.654,1497
pitcher-622703,2017,0.49168,0.388,21
pitcher-622766,2017,-2.00321,0.99821,419
pitcher-622795,2017,-0.41742,1.24426,92
pitcher-623149,2017,-0.19181,0.95742,574
pitcher-623167,2017,-0.7459,1.57679,487
pitcher-623184,2017,-2.86245,0.95926,467
pitcher-623352,2017,-1.79583,1.24563,379
pitcher-623395,2017,-0.23237,0.87482,460
pitcher-623406,2017,0.09424,0.65327,75
pitcher-623430,2017,1.35446,0.89403,361
pitcher-623434,2017,0.25662,0.64182,68
pitcher-623439,2017,-0.59508,0.98949,175
pitcher-623451,2017,0.4699,0.96657,205
pitcher-623454,2017,1.57742,0.88062,31
pitcher-623913,2017,1.24364,0.68007,15
pitcher-624586,2017,-0.29549,0.97135,400
pitcher-625643,2017,-1.27137,1.16737,371
pitcher-627262,2017,-0.89289,0.33948,40
pitcher-627500,2017,0.37441,0.26641,52
pitcher-627894,2017,-1.53672,0.85183,204
pitcher-628317,2017,1.35038,0.93785,1091
pitcher-628333,2017,-0.75851,0.72638,480
pitcher-628452,2017,-0.73112,0.81445,590
pitcher-628711,2017,-1.28898,0.81008,209
pitcher-629496,2017,-0.44333,1.18807,91
pitcher-635903,2017,-2.21365,1.28508,157
pitcher-640455,2017,-1.34559,0.73398,1311
pitcher-640463,2017,1.71387,1.17398,263
pitcher-641427,2017,-1.05612,1.00823,250
pitcher-641438,2017,0.23376,0.28342,32
pitcher-641490,2017,-0.50346,0.30101,23
pitcher-641501,2017,0.61041,0.41014,61
pitcher-641627,2017,2.16325,1.26947,57
pitcher-641729,2017,-2.94193,1.35579,194
pitcher-641771,2017,0.3248,0.65739,1409
pitcher-641816,2017,0.96817,0.52524,197
pitcher-641835,2017,0.73495,0.65723,162
pitcher-641838,2017,-2.07854,1.136,335
pitcher-641850,2017,0.44133,1.33912,80
pitcher-641871,2017,-1.80426,0.83248,439
pitcher-641941,2017,-0.02708,0.85826,320
pitcher-642003,2017,-1.41244,1.03949,183
pitcher-642008,2017,-0.89395,0.8513,89
pitcher-642073,2017,1.12217,0.9265,98
pitcher-642083,2017,-0.89134,0.782,109
pitcher-642098,2017,0.3058,0.23072,32
pitcher-642229,2017,-0.29741,0.87594,170
pitcher-642231,2017,-0.1009,0.889,191
pitcher-642239,2017,-2.44278,1.0951,131
pitcher-642564,2017,0.37673,0.96478,531
pitcher-643230,2017,-1.96637,0.93209,320
pitcher-643320,2017,-1.71225,0.90103,75
pitcher-643327,2017,-1.27111,0.79474,1260
pitcher-643329,2017,-0.1524,0.91741,147
pitcher-643338,2017,0.32847,1.08612,599
pitcher-643354,2017,1.04006,1.0193,380
pitcher-643410,2017,1.3365,0.54749,812
pitcher-643414,2017,-0.02844,0.25921,45
pitcher-643493,2017,1.9064,0.70853,662
pitcher-643603,2017,1.16944,0.97375,9
pitcher-643617,2017,1.39296,1.36295,86
pitcher-643778,2017,2.78284,0.78605,80
pitcher-644364,2017,-1.33724,1.22288,80
pitcher-644428,2017,-0.28217,1.11501,210
pitcher-645261,2017,-0.04132,0.76145,82
pitcher-650828,2017,0.95785,1.02896,156
pitcher-656186,2017,-0.65327,1.06878,382
pitcher-656427,2017,0.35555,0.39118,170
pitcher-656546,2017,0.41626,0.83783,820
pitcher-656547,2017,-1.41991,1.1224,311
pitcher-656756,2017,-0.48422,0.551,1232
pitcher-656794,2017,1.69595,1.0934,911
pitcher-656945,2017,0.63625,0.36697,21
pitcher-657205,2017,0.49228,0.46084,66
pitcher-657610,2017,-1.22027,0.99434,316
pitcher-657681,2017,1.66807,1.43341,146
pitcher-658792,2017,-0.7808,1.37435,75
pitcher-659275,2017,-0.57175,0.89709,961
pitcher-664208,2017,-1.69333,1.12903,346
pitcher-664641,2017,1.12665,0.65818,1301
pitcher-664701,2017,-0.55005,1.1494,187
umpire-427013,2018,-1.02431,0.4255,4412
umpire-427019,2018,0.70375,0.4597,4297
umpire-427044,2018,0.19685,0.52762,4136
umpire-427053,2018,-0.74581,0.44493,4510
umpire-427058,2018,0.60411,0.37477,4696
umpire-427081,2018,1.68963,0.3155,4454
umpire-427090,2018,0.22644,0.33457,4007
umpire-427093,2018,1.48322,0.25215,4063
umpire-427095,2018,0.03565,0.33438,4410
umpire-427103,2018,-1.15998,0.51169,4288
umpire-427113,2018,1.05268,0.38772,4243
umpire-427115,2018,-0.71481,0.39404,2438
umpire-427128,2018,0.65406,0.61404,2496
umpire-427129,2018,-0.00678,0.40408,4640
umpire-427139,2018,3.35731,0.42506,4517
umpire-427156,2018,-1.45181,0.86273,487
umpire-427164,2018,-0.06964,0.37536,4479
umpire-427168,2018,1.546,0.33815,3654
umpire-427184,2018,-0.74114,0.36426,4304
umpire-427192,2018,1.29427,0.39057,3948
umpire-427197,2018,-1.94358,0.30406,4429
umpire-427206,2018,-1.27575,0.41474,3862
umpire-427220,2018,0.99963,0.57277,4601
umpire-427224,2018,-0.43708,0.42447,4668
umpire-427235,2018,-1.31012,0.42836,4763
umpire-427243,2018,-1.20235,0.38686,4574
umpire-427248,2018,1.83235,0.81005,1068
umpire-427269,2018,0.01448,0.56288,3082
umpire-427286,2018,1.30797,0.40838,4359
umpire-427292,2018,-0.4987,0.6795,1223
umpire-427299,2018,-0.13992,0.5271,4298
umpire-427315,2018,-1.5506,0.34699,4794
umpire-427339,2018,-0.04761,0.34729,4851
umpire-427344,2018,1.84537,0.45663,4347
umpire-427361,2018,-0.82243,0.47781,4158
umpire-427362,2018,-0.17603,0.37453,4406
umpire-427366,2018,1.18972,0.4013,4188
umpire-427413,2018,-0.8751,0.37965,3962
umpire-427424,2018,-0.50283,0.3828,4538
umpire-427509,2018,-0.35829,0.40977,4392
umpire-427520,2018,-1.02377,0.41781,4448
umpire-427533,2018,-2.55019,0.45817,4541
umpire-427534,2018,-0.89104,0.37616,4387
umpire-427537,2018,0.44435,0.4587,4900
umpire-427538,2018,0.59551,0.40463,4454
umpire-427552,2018,0.37149,0.55986,4196
umpire-427554,2018,1.00669,0.40392,4709
umpire-428442,2018,-1.57835,0.40317,4253
umpire-429805,2018,-0.36533,0.42679,4748
umpire-431232,2018,0.43161,0.38976,4504
umpire-482608,2018,-0.68989,0.38977,4196
umpire-482620,2018,0.74162,0.41515,4338
umpire-482631,2018,2.36941,0.41565,4929
umpire-482641,2018,-0.89697,0.48515,4661
umpire-482663,2018,-0.16634,0.42827,3928
umpire-482666,2018,0.0404,0.42771,5056
umpire-483561,2018,1.43735,0.40246,4541
umpire-483564,2018,0.62054,0.52105,3874
umpire-483569,2018,-0.32344,0.37735,4323
umpire-483630,2018,-0.58462,0.35993,4806
umpire-483912,2018,-0.64674,0.30762,4040
umpire-483919,2018,0.34363,0.40518,4257
umpire-484183,2018,0.3655,0.30081,3791
umpire-484198,2018,-0.49776,0.40458,4406
umpire-484499,2018,0.30573,0.50587,4336
umpire-489985,2018,-0.15916,0.39806,5093
umpire-490319,2018,0.16417,0.41489,4331
umpire-503077,2018,2.23953,0.4577,4497
umpire-503490,2018,-0.52704,0.48048,4626
umpire-503493,2018,-0.23192,0.2731,3681
umpire-503502,2018,-0.39643,0.54927,4429
umpire-503586,2018,1.82664,0.31366,4667
umpire-504381,2018,1.47058,0.38963,4157
umpire-511890,2018,0.69006,0.44669,4373
umpire-521051,2018,1.74705,0.56852,3091
umpire-521251,2018,0.33841,0.30786,4121
umpire-521889,2018,-0.51491,0.4578,4488
umpire-524988,2018,-1.88519,0.40189,2964
umpire-544728,2018,-0.35541,0.35024,5890
umpire-547380,2018,-1.50462,0.48082,4319
umpire-573596,2018,-2.08568,0.42002,4850
umpire-573597,2018,0.34038,0.39172,4824
umpire-575629,2018,-0.84132,0.6548,1704
umpire-577468,2018,-0.41835,0.65145,2146
umpire-594151,2018,0.42757,0.53306,2779
umpire-596740,2018,-0.99226,0.39233,4105
umpire-596805,2018,-1.89519,0.42266,2046
umpire-596809,2018,-0.1265,0.41156,2659
umpire-605672,2018,0.85172,0.59277,3080
catcher-408045,2018,0.00114,0.0137,1
catcher-425772,2018,2.6068,0.45285,4270
catcher-425784,2018,0.66912,0.61953,1773
catcher-425877,2018,0.26562,0.34942,8632
catcher-431145,2018,0.86055,0.43161,5357
catcher-435064,2018,1.0959,0.50147,3233
catcher-435263,2018,-0.57005,0.47129,3906
catcher-435559,2018,-0.8601,0.35338,6464
catcher-444489,2018,0.50438,0.42649,6331
catcher-446192,2018,-2.08705,0.88138,403
catcher-446308,2018,-0.7666,0.48126,4471
catcher-446653,2018,-0.3656,0.75865,1128
catcher-452095,2018,1.6092,0.36771,5212
catcher-454560,2018,-1.58169,0.45066,3199
catcher-455104,2018,0.14386,0.32847,6345
catcher-455117,2018,0.85274,0.282,8088
catcher-455139,2018,-1.8136,0.43147,7698
catcher-455755,2018,-0.60785,0.79207,347
catcher-456078,2018,-1.1859,0.54417,3187
catcher-456124,2018,1.22822,0.49932,4146
catcher-457454,2018,-0.73063,0.66858,4
catcher-457763,2018,0.71376,0.36646,6298
catcher-460026,2018,-1.53249,0.36381,5488
catcher-460077,2018,-0.95964,0.43839,3627
catcher-460269,2018,1.29702,0.75463,1194
catcher-465041,2018,-0.88031,0.32756,6627
catcher-467092,2018,0.19222,0.39149,6388
catcher-471083,2018,1.4538,0.75109,233
catcher-488671,2018,0.9343,0.49185,4001
catcher-488771,2018,0.87802,0.74473,1335
catcher-488810,2018,-2.86648,0.87995,450
catcher-491696,2018,-0.80876,0.39756,4000
catcher-492802,2018,2.50299,1.31564,173
catcher-502570,2018,-1.01951,0.6589,14
catcher-506702,2018,1.66969,0.38779,5565
catcher-506747,2018,-0.62617,0.54431,2683
catcher-516472,2018,-1.60925,0.60559,2013
catcher-518542,2018,-1.36576,0.83373,701
catcher-518595,2018,2.30218,0.8073,380
catcher-518735,2018,1.25057,0.33239,7922
catcher-518960,2018,-0.14416,0.31883,8187
catcher-519023,2018,-1.64931,0.30445,4682
catcher-519222,2018,0.99332,0.4083,5199
catcher-521692,2018,-0.7739,0.37627,7182
catcher-542208,2018,-2.29264,0.75825,1579
catcher-542513,2018,0.97986,0.40149,79
catcher-542908,2018,-0.04103,0.69204,1482
catcher-543089,2018,0.66633,0.49678,29
catcher-543148,2018,-0.55424,1.08991,850
catcher-543228,2018,0.53117,0.40419,7373
catcher-543302,2018,-0.59967,0.59666,1400
catcher-543308,2018,-0.6262,0.61438,1560
catcher-543309,2018,1.36231,0.5737,1641
catcher-543376,2018,-0.43097,0.32237,6115
catcher-543510,2018,-0.18669,0.28358,8465
catcher-543877,2018,1.28667,0.38095,5372
catcher-545358,2018,2.46195,0.45605,4784
catcher-547172,2018,1.98586,0.45478,3974
catcher-547379,2018,1.63971,0.45111,3886
catcher-553869,2018,-0.20721,0.40705,4419
catcher-553882,2018,-1.09742,0.34871,5727
catcher-553902,2018,0.62205,0.6839,1168
catcher-554054,2018,-2.23474,0.95603,197
catcher-571466,2018,-1.14925,0.34282,8230
catcher-571467,2018,-0.14047,0.26899,93
catcher-571657,2018,0.73015,0.62027,18
catcher-571679,2018,-0.00494,0.50691,2050
catcher-571851,2018,-0.41622,0.51036,2999
catcher-571912,2018,1.31483,0.39795,4540
catcher-571974,2018,1.9913,0.42712,3746
catcher-572033,2018,-0.52659,0.54793,2006
catcher-572180,2018,-0.97935,0.75355,510
catcher-572287,2018,0.64744,0.43588,7056
catcher-572863,2018,-0.31673,0.27562,77
catcher-575929,2018,-1.35691,0.38831,9547
catcher-576788,2018,-1.96433,0.87296,165
catcher-592200,2018,-0.97143,0.53455,2308
catcher-592407,2018,0.51899,0.54075,3173
catcher-592663,2018,0.19352,0.35427,8354
catcher-593993,2018,-0.00559,0.5563,2494
catcher-594828,2018,-0.19545,0.20203,23
catcher-595284,2018,-0.64157,0.47389,3275
catcher-595453,2018,2.19475,0.72516,969
catcher-595751,2018,1.35896,0.47503,7089
catcher-595956,2018,2.21678,0.7317,1176
catcher-595978,2018,1.50935,0.37728,6061
catcher-596119,2018,0.44949,0.55873,1440
catcher-596142,2018,0.7051,0.43149,5404
catcher-600474,2018,0.13487,0.43731,4109
catcher-605131,2018,1.90245,0.48128,3248
catcher-605170,2018,-0.23403,0.60841,2564
catcher-605244,2018,0.3909,0.61398,437
catcher-605357,2018,-0.86323,0.80932,627
catcher-605421,2018,-1.70791,0.45827,1462
catcher-606988,2018,-0.02119,0.51716,2270
catcher-606992,2018,0.08217,0.77546,222
catcher-607257,2018,0.18992,0.53523,1935
catcher-607333,2018,2.49073,1.60317,87
catcher-607345,2018,-0.03414,0.57399,3604
catcher-607732,2018,-0.8205,0.82722,698
catcher-608348,2018,-0.72764,0.7028,857
catcher-608596,2018,-0.04397,0.53947,1412
catcher-608700,2018,-0.86335,0.34354,4941
catcher-621512,2018,1.47478,0.60698,1665
catcher-621529,2018,0.71981,0.88209,318
catcher-622194,2018,-0.57906,0.78883,1175
catcher-624419,2018,-0.07561,0.82233,858
catcher-624431,2018,-1.95577,2.57546,136
catcher-624512,2018,0.45522,0.61634,706
catcher-641598,2018,-1.1866,0.37503,5944
catcher-641924,2018,-1.12634,1.28818,464
catcher-642082,2018,-0.62071,0.43936,3122
catcher-642336,2018,-1.07859,0.62974,751
catcher-642851,2018,-0.56827,0.44528,2693
catcher-643376,2018,0.32331,0.57995,1799
catcher-643396,2018,-3.45779,0.53185,2463
catcher-650619,2018,0.16253,1.01434,577
pitcher-112526,2018,1.98163,0.75824,1174
pitcher-279571,2018,0.47461,0.85805,249
pitcher-282332,2018,1.73549,0.70689,1252
pitcher-407822,2018,-0.75912,0.89112,463
pitcher-407845,2018,-0.23732,0.72511,609
pitcher-408314,2018,0.19915,0.22199,25
pitcher-424144,2018,-0.17313,0.92921,245
pitcher-425492,2018,-0.44412,0.85219,372
pitcher-425772,2018,0.10276,0.10465,13
pitcher-425794,2018,1.11839,0.96721,409
pitcher-425844,2018,0.1958,0.58534,1659
pitcher-429719,2018,1.05942,0.64214,732
pitcher-429722,2018,1.0055,1.04511,208
pitcher-430641,2018,1.22879,1.18472,224
pitcher-430935,2018,2.54058,0.80117,1488
pitcher-433586,2018,0.6686,1.23792,272
pitcher-433587,2018,1.40581,0.72921,1307
pitcher-433589,2018,3.63545,0.76815,620
pitcher-434378,2018,0.51026,0.6631,1598
pitcher-434538,2018,-0.07923,0.76672,1238
pitcher-434628,2018,-1.04496,0.70479,986
pitcher-434671,2018,1.12643,0.69583,1090
pitcher-434778,2018,-0.40481,0.34993,11
pitcher-435043,2018,-0.27808,0.9302,450
pitcher-435221,2018,-0.9654,0.7932,607
pitcher-444468,2018,1.46698,0.82512,490
pitcher-445197,2018,-0.03673,1.14182,178
pitcher-445213,2018,0.76354,1.03627,506
pitcher-445276,2018,1.02609,0.84343,540
pitcher-445926,2018,0.35127,0.85445,727
pitcher-446099,2018,-0.71836,0.64903,494
pitcher-446321,2018,-2.80333,1.83166,35
pitcher-446372,2018,1.58766,0.66215,1551
pitcher-446386,2018,-0.0633,0.05936,4
pitcher-446399,2018,-3.10331,1.19832,287
pitcher-446899,2018,2.6525,0.87308,533
pitcher-448167,2018,0.11615,1.25534,73
pitcher-448178,2018,-1.01334,1.24805,165
pitcher-448179,2018,-0.56173,0.84437,1092
pitcher-448281,2018,1.10047,0.94674,262
pitcher-448306,2018,-0.16861,0.48938,1691
pitcher-448602,2018,0.00899,0.01821,2
pitcher-448609,2018,2.93247,1.05934,320
pitcher-448614,2018,2.26528,1.09593,70
pitcher-448802,2018,-0.53415,0.89589,711
pitcher-448855,2018,0.01217,0.76179,1129
pitcher-450203,2018,-0.46326,0.79103,1425
pitcher-450212,2018,0.57116,1.14332,184
pitcher-450306,2018,-1.65814,0.64489,829
pitcher-450665,2018,0.12156,0.23151,52
pitcher-450729,2018,2.1685,0.99589,622
pitcher-451584,2018,1.30842,0.80152,578
pitcher-451596,2018,-0.31978,0.87082,938
pitcher-451661,2018,-0.03602,0.89656,258
pitcher-452657,2018,2.77871,0.55326,1648
pitcher-453172,2018,0.55236,0.85435,523
pitcher-453178,2018,0.77679,0.67157,1046
pitcher-453192,2018,0.38643,1.29396,299
pitcher-453214,2018,2.88694,0.88412,454
pitcher-453265,2018,-0.63831,1.05066,451
pitcher-453281,2018,0.71888,0.95053,1272
pitcher-453284,2018,0.57265,0.74558,565
pitcher-453286,2018,0.42733,0.7636,1613
pitcher-453329,2018,1.05251,0.97457,700
pitcher-453343,2018,-0.91015,0.84874,332
pitcher-453344,2018,3.66229,0.92004,240
pitcher-453385,2018,-1.00671,0.58586,1205
pitcher-453562,2018,-1.68828,0.57186,1430
pitcher-455119,2018,-0.40643,1.20762,337
pitcher-456034,2018,0.60137,0.64623,1402
pitcher-456068,2018,-2.598,1.19047,125
pitcher-456124,2018,1.74773,1.3568,32
pitcher-456501,2018,-0.32929,0.86203,404
pitcher-456696,2018,0.33607,0.64595,458
pitcher-456701,2018,0.12441,0.87724,817
pitcher-456713,2018,-0.3911,1.34671,224
pitcher-457429,2018,-2.68656,1.04159,112
pitcher-457754,2018,-0.00378,1.40906,65
pitcher-457915,2018,-0.86234,0.98654,276
pitcher-457918,2018,1.45249,0.53419,1541
pitcher-458006,2018,0.66829,1.13087,327
pitcher-458584,2018,1.15829,0.93555,299
pitcher-458677,2018,-1.71842,0.84161,488
pitcher-458681,2018,0.83792,0.66171,1497
pitcher-458690,2018,0.695,1.06791,442
pitcher-458708,2018,0.53354,0.71901,554
pitcher-458924,2018,-1.27212,1.04713,283
pitcher-459429,2018,-0.0235,0.94403,421
pitcher-460060,2018,-0.06137,0.10778,19
pitcher-460077,2018,0.42428,0.30886,15
pitcher-460269,2018,1.48491,0.84753,24
pitcher-460283,2018,1.62138,0.92138,445
pitcher-460576,2018,-0.27499,0.24366,19
pitcher-461325,2018,2.2989,0.82938,535
pitcher-461829,2018,1.40952,0.59214,1622
pitcher-461833,2018,-0.46644,0.96548,265
pitcher-461865,2018,1.68779,1.62196,32
pitcher-461872,2018,1.8479,1.25398,257
pitcher-462136,2018,2.96399,0.74754,1205
pitcher-462382,2018,1.37469,0.93628,522
pitcher-462480,2018,1.00887,0.82675,25
pitcher-462515,2018,-0.28418,0.85093,44
pitcher-465657,2018,1.42502,0.80301,477
pitcher-465753,2018,0.48259,0.28025,20
pitcher-467008,2018,0.26841,1.23172,399
pitcher-467055,2018,0.26623,0.2485,6
pitcher-467100,2018,0.64599,0.63733,1210
pitcher-468396,2018,-0.77775,0.65726,16
pitcher-468504,2018,-2.00079,0.60508,1636
pitcher-471911,2018,1.24876,0.52879,1380
pitcher-472610,2018,0.45892,1.06665,359
pitcher-473879,2018,0.03247,0.98201,484
pitcher-474463,2018,-0.8396,0.80912,587
pitcher-475054,2018,1.55334,0.75713,419
pitcher-475115,2018,1.31778,0.66323,1349
pitcher-475857,2018,0.80341,0.85473,156
pitcher-476451,2018,0.33547,0.76016,688
pitcher-476454,2018,-0.19801,0.87716,638
pitcher-476589,2018,1.00619,0.6271,534
pitcher-476594,2018,0.7837,0.81061,339
pitcher-477132,2018,2.80778,1.02398,1061
pitcher-477569,2018,-0.20163,0.85369,338
pitcher-487675,2018,-0.27256,1.12341,69
pitcher-488671,2018,0.29735,0.23279,4
pitcher-488748,2018,-0.36516,0.69906,339
pitcher-488768,2018,0.09182,0.60105,1404
pitcher-488786,2018,2.81311,0.92433,438
pitcher-488818,2018,-0.64316,0.49771,9
pitcher-488846,2018,-1.28942,0.90052,361
pitcher-488984,2018,-0.75403,0.97818,429
pitcher-489119,2018,0.30182,0.92725,672
pitcher-489265,2018,1.22834,0.79435,583
pitcher-489334,2018,0.63257,0.80375,535
pitcher-489446,2018,0.62332,0.85075,439
pitcher-489448,2018,0.84593,0.62924,19
pitcher-491646,2018,-1.1554,0.8734,226
pitcher-491696,2018,-0.02526,0.04542,5
pitcher-493200,2018,0.92628,0.739,535
pitcher-493247,2018,1.74155,0.87339,272
pitcher-493603,2018,1.54724,0.81667,752
pitcher-500724,2018,-2.57881,1.16236,67
pitcher-500779,2018,0.10284,0.58757,1561
pitcher-500872,2018,-1.34802,1.58159,83
pitcher-501593,2018,1.46486,1.07565,416
pitcher-501625,2018,0.28848,1.03402,493
pitcher-501697,2018,0.60953,1.11037,85
pitcher-501789,2018,0.77169,0.92816,454
pitcher-501817,2018,2.25088,0.83792,209
pitcher-501822,2018,0.80324,0.80819,354
pitcher-501925,2018,0.04015,1.19736,338
pitcher-501957,2018,-0.18098,1.00834,272
pitcher-501985,2018,0.06912,0.96773,1250
pitcher-502004,2018,0.75718,1.12734,217
pitcher-502026,2018,-0.32789,0.83728,602
pitcher-502028,2018,-2.25993,1.04262,103
pitcher-502032,2018,0.79043,0.78292,468
pitcher-502042,2018,0.90169,0.81208,1209
pitcher-502043,2018,0.85178,0.61893,1666
pitcher-502051,2018,-0.71503,0.51117,27
pitcher-502083,2018,0.06046,1.06427,364
pitcher-502085,2018,1.1161,1.06319,611
pitcher-502143,2018,0.69048,0.69258,4
pitcher-502154,2018,-0.44308,0.8581,345
pitcher-502171,2018,0.5642,0.53176,1267
pitcher-502188,2018,0.03122,0.71744,431
pitcher-502190,2018,0.29426,0.68525,1355
pitcher-502202,2018,1.0449,1.00877,526
pitcher-502212,2018,0.9172,0.9587,377
pitcher-502239,2018,0.46059,0.83669,952
pitcher-502327,2018,0.97709,0.62325,1064
pitcher-502381,2018,0.00759,0.81179,105
pitcher-502522,2018,-1.99343,0.83722,406
pitcher-502593,2018,0.16927,0.96092,380
pitcher-502624,2018,0.41521,0.61145,1337
pitcher-502706,2018,-0.57604,0.46732,1486
pitcher-502748,2018,2.52084,0.74135,624
pitcher-503285,2018,0.54078,1.02785,158
pitcher-503449,2018,0.06649,1.05071,316
pitcher-504379,2018,-0.05576,1.08304,351
pitcher-506433,2018,-2.04526,1.15962,389
pitcher-516472,2018,0.38981,0.36905,12
pitcher-516969,2018,-0.57909,1.13748,318
pitcher-517008,2018,1.70962,0.90797,495
pitcher-517414,2018,0.39665,0.82509,100
pitcher-518397,2018,0.83576,0.81685,495
pitcher-518445,2018,-0.70775,0.95159,63
pitcher-518452,2018,0.13543,0.52818,1028
pitcher-518489,2018,-0.47373,0.66815,202
pitcher-518516,2018,0.15895,1.06873,1033
pitcher-518553,2018,-0.02939,0.7629,661
pitcher-518566,2018,0.46593,1.07758,288
pitcher-518586,2018,-0.65689,0.51247,3
pitcher-518614,2018,-0.34569,0.20607,14
pitcher-518617,2018,-0.15387,0.76174,547
pitcher-518633,2018,-0.35343,0.70684,1428
pitcher-518693,2018,-1.25661,0.68422,460
pitcher-518715,2018,0.22053,0.90694,507
pitcher-518748,2018,0.26309,0.79336,160
pitcher-518774,2018,0.41751,0.70558,1265
pitcher-518813,2018,0.02632,0.78177,412
pitcher-518858,2018,0.63301,1.04794,240
pitcher-518875,2018,-0.26609,0.78597,350
pitcher-518883,2018,1.33659,0.82271,20
pitcher-518886,2018,0.95729,0.8955,573
pitcher-519008,2018,4.13517,0.82381,542
pitcher-519043,2018,0.04968,0.93627,873
pitcher-519096,2018,0.75549,1.00738,435
pitcher-519141,2018,0.6553,0.60563,756
pitcher-519144,2018,-0.01997,0.48743,1570
pitcher-519151,2018,-1.65609,1.01541,504
pitcher-519166,2018,-0.53565,1.07631,333
pitcher-519203,2018,0.02138,0.01863,1
pitcher-519240,2018,0.01605,1.15491,103
pitcher-519242,2018,-0.1361,0.63924,1273
pitcher-519293,2018,-0.56647,0.94719,386
pitcher-519294,2018,2.04658,1.18244,96
pitcher-519295,2018,0.87199,0.79166,4
pitcher-519301,2018,-1.0889,0.71582,352
pitcher-519326,2018,-0.49185,0.86333,405
pitcher-519381,2018,0.92833,1.17666,113
pitcher-519393,2018,-0.15462,0.81759,112
pitcher-519443,2018,-0.88234,0.98136,360
pitcher-519455,2018,2.35166,0.607,1047
pitcher-520980,2018,0.77969,0.99642,427
pitcher-521230,2018,0.03178,0.99042,213
pitcher-521655,2018,-0.1388,0.67023,423
pitcher-523260,2018,-0.64892,0.71211,616
pitcher-525768,2018,0.31213,1.02743,178
pitcher-527048,2018,0.9137,0.79376,708
pitcher-527054,2018,0.86166,0.62619,1526
pitcher-527055,2018,1.16461,1.11318,315
pitcher-532077,2018,0.68977,0.97557,203
pitcher-533167,2018,1.35224,0.64089,240
pitcher-534606,2018,0.01993,0.03332,2
pitcher-534812,2018,-0.28121,1.14832,94
pitcher-541640,2018,0.86183,1.37013,370
pitcher-541650,2018,-2.37099,1.24844,39
pitcher-541652,2018,-0.81813,1.18394,304
pitcher-542289,2018,-2.19204,1.7882,38
pitcher-542432,2018,-0.91379,1.02113,92
pitcher-542881,2018,-0.60239,0.56068,1360
pitcher-542882,2018,-1.32156,1.12994,613
pitcher-542888,2018,-2.93297,1.34271,90
pitcher-542914,2018,0.74984,1.35006,126
pitcher-542924,2018,-1.22001,0.67391,62
pitcher-542946,2018,0.73999,0.69437,3
pitcher-542947,2018,-0.86338,1.02752,203
pitcher-542960,2018,-0.28374,0.89778,571
pitcher-543001,2018,0.16669,0.53251,215
pitcher-543022,2018,-0.81016,0.81936,1090
pitcher-543031,2018,3.34295,0.79714,169
pitcher-543037,2018,0.16447,0.65655,1584
pitcher-543045,2018,-0.43717,1.01735,363
pitcher-543056,2018,-2.52118,0.94182,209
pitcher-543101,2018,-0.19338,0.52808,915
pitcher-543118,2018,1.81782,0.94728,389
pitcher-543135,2018,-1.147,0.87596,799
pitcher-543144,2018,-0.39018,0.40573,47
pitcher-543169,2018,-1.85212,0.85454,610
pitcher-543193,2018,-0.65988,0.59254,107
pitcher-543208,2018,1.48965,0.74626,1079
pitcher-543219,2018,-1.59407,1.25618,257
pitcher-543243,2018,-0.39475,0.52152,1179
pitcher-543258,2018,-0.11684,1.30884,89
pitcher-543272,2018,-0.50719,0.80375,647
pitcher-543278,2018,0.70815,0.73463,724
pitcher-543294,2018,-0.3323,0.53263,1622
pitcher-543331,2018,-1.03961,0.63287,25
pitcher-543339,2018,-1.87402,0.93134,336
pitcher-543359,2018,0.18954,0.9143,549
pitcher-543391,2018,-0.10179,0.96457,162
pitcher-543424,2018,-0.85562,0.59284,102
pitcher-543475,2018,-0.2492,0.71223,701
pitcher-543483,2018,-0.35756,0.895,518
pitcher-543506,2018,0.77692,0.88411,370
pitcher-543507,2018,0.63323,1.0025,223
pitcher-543508,2018,0.19654,1.21395,63
pitcher-543521,2018,-0.33469,0.63334,635
pitcher-543548,2018,-0.18808,0.78559,197
pitcher-543557,2018,-1.14324,0.75991,974
pitcher-543606,2018,1.27765,0.65984,1510
pitcher-543699,2018,-0.49789,0.51712,1532
pitcher-543734,2018,-0.66853,0.95607,425
pitcher-543746,2018,-0.41306,0.59811,34
pitcher-543766,2018,-0.07936,0.77103,506
pitcher-543883,2018,0.29174,0.91809,380
pitcher-543901,2018,-0.32928,0.2604,40
pitcher-543903,2018,0.12671,0.22104,24
pitcher-543935,2018,3.02987,0.88997,476
pitcher-544727,2018,-1.86554,0.75,585
pitcher-544836,2018,-1.47214,1.78692,95
pitcher-544928,2018,0.12027,0.88023,150
pitcher-544931,2018,-0.78877,0.71568,1083
pitcher-545332,2018,-0.87273,0.58716,62
pitcher-545333,2018,0.2157,0.5263,1458
pitcher-545363,2018,-0.56621,0.49539,77
pitcher-547007,2018,-0.36238,0.33084,24
pitcher-547179,2018,-0.3133,0.853,648
pitcher-547749,2018,0.04497,1.16969,249
pitcher-547888,2018,2.57954,0.90098,1099
pitcher-547943,2018,1.1721,0.80695,648
pitcher-547973,2018,-1.7024,0.90341,482
pitcher-548357,2018,0.695,1.18029,104
pitcher-548389,2018,1.46088,0.67348,954
pitcher-552640,2018,0.37052,0.91067,320
pitcher-553878,2018,-0.73059,0.94435,556
pitcher-553902,2018,-0.24272,0.19642,18
pitcher-554340,2018,0.51771,0.89497,155
pitcher-554430,2018,1.15274,0.74836,1400
pitcher-570240,2018,-0.05805,0.91359,720
pitcher-570632,2018,0.27309,0.64342,1410
pitcher-570663,2018,-0.33629,0.89762,495
pitcher-570666,2018,0.83699,0.77746,347
pitcher-570702,2018,-0.43708,0.87548,83
pitcher-571035,2018,0.76842,0.64627,174
pitcher-571473,2018,0.54053,0.41093,62
pitcher-571476,2018,-0.8478,1.09401,292
pitcher-571510,2018,-0.40571,0.58082,1485
pitcher-571521,2018,0.04633,0.05587,8
pitcher-571561,2018,-0.08294,0.7735,184
pitcher-571577,2018,1.21814,1.13496,8
pitcher-571578,2018,1.96066,0.58864,1492
pitcher-571602,2018,-0.71448,0.83825,20
pitcher-571656,2018,1.29388,0.7927,659
pitcher-571666,2018,0.92106,0.54138,1349
pitcher-571670,2018,1.09089,0.91855,498
pitcher-571704,2018,1.54312,1.05886,332
pitcher-571710,2018,-0.93892,0.80068,605
pitcher-571735,2018,0.23327,1.75686,100
pitcher-571760,2018,0.46628,0.77336,1337
pitcher-571771,2018,-0.08003,0.09506,11
pitcher-571800,2018,0.12108,1.26049,400
pitcher-571863,2018,-0.69899,0.8366,655
pitcher-571871,2018,-1.19891,0.94019,14
pitcher-571882,2018,-0.60827,0.75219,145
pitcher-571893,2018,-0.38029,1.2716,88
pitcher-571901,2018,0.60756,1.02345,371
pitcher-571927,2018,0.40044,0.70598,1493
pitcher-571945,2018,-0.54602,0.46503,1391
pitcher-571946,2018,-1.19836,1.35504,166
pitcher-571948,2018,0.52771,1.12452,79
pitcher-571951,2018,-2.10562,1.05889,618
pitcher-572020,2018,-2.74426,0.63839,1158
pitcher-572021,2018,-1.79436,0.99983,366
pitcher-572044,2018,-0.57097,0.9564,140
pitcher-572070,2018,-3.17056,0.89687,686
pitcher-572140,2018,-0.4268,0.68851,1070
pitcher-572143,2018,-0.21223,0.92095,750
pitcher-572193,2018,-0.10878,0.92499,500
pitcher-572308,2018,2.75584,1.2433,38
pitcher-572362,2018,-0.83808,0.74465,770
pitcher-572403,2018,-2.02512,1.05406,466
pitcher-572703,2018,-1.2649,1.32956,104
pitcher-572750,2018,2.07236,0.86143,397
pitcher-572888,2018,0.61024,0.7146,563
pitcher-572955,2018,0.87845,1.03953,436
pitcher-572971,2018,0.32992,0.54087,1692
pitcher-572998,2018,2.54345,1.54977,124
pitcher-573046,2018,-1.30286,1.36705,32
pitcher-573064,2018,-1.86445,1.03625,236
pitcher-573109,2018,0.144,0.86606,208
pitcher-573124,2018,1.15133,0.82418,500
pitcher-573127,2018,0.35504,0.65978,94
pitcher-573166,2018,0.20677,0.78943,18
pitcher-573185,2018,0.10343,0.69012,1086
pitcher-573186,2018,-0.07398,0.80842,898
pitcher-573668,2018,0.12233,0.66208,460
pitcher-576397,2018,0.34813,0.26874,9
pitcher-580792,2018,-1.20182,0.7538,84
pitcher-582494,2018,-0.89704,0.71339,90
pitcher-584171,2018,0.48841,0.80123,655
pitcher-591672,2018,-0.50843,0.42155,4
pitcher-591693,2018,-2.34953,1.09101,379
pitcher-592094,2018,-0.40829,0.99595,269
pitcher-592102,2018,1.35081,0.66388,583
pitcher-592127,2018,0.02941,1.01966,72
pitcher-592130,2018,-0.57168,0.85671,418
pitcher-592135,2018,0.94464,0.88328,580
pitcher-592145,2018,-0.15668,0.83133,528
pitcher-592169,2018,-1.36144,0.74776,309
pitcher-592170,2018,-1.06965,0.70924,56
pitcher-592222,2018,2.53483,0.8331,496
pitcher-592229,2018,-0.71313,0.60493,1097
pitcher-592238,2018,0.42748,0.36958,27
pitcher-592314,2018,0.52128,0.69186,1649
pitcher-592332,2018,0.57101,0.57499,1445
pitcher-592340,2018,-1.08936,0.66733,301
pitcher-592351,2018,-0.26948,0.46872,1428
pitcher-592390,2018,0.06218,0.82424,533
pitcher-592407,2018,-0.03016,0.10641,12
pitcher-592426,2018,1.16027,1.03012,346
pitcher-592454,2018,0.07966,1.17209,255
pitcher-592468,2018,0.78616,0.65874,640
pitcher-592473,2018,-1.96776,1.1977,240
pitcher-592499,2018,-2.94017,1.16567,320
pitcher-592547,2018,-1.33617,0.92208,375
pitcher-592570,2018,0.18856,0.60835,132
pitcher-592612,2018,-1.42448,0.61652,98
pitcher-592644,2018,-1.17018,0.6038,593
pitcher-592662,2018,0.9374,0.55891,1192
pitcher-592665,2018,0.93205,0.83105,425
pitcher-592705,2018,-0.72754,1.11653,133
pitcher-592712,2018,-0.6579,1.17711,97
pitcher-592716,2018,1.47088,1.4868,153
pitcher-592717,2018,-0.61229,0.99218,974
pitcher-592741,2018,0.22457,0.99126,482
pitcher-592761,2018,0.28507,0.68393,692
pitcher-592769,2018,-1.67791,0.72573,60
pitcher-592773,2018,0.20651,0.70176,511
pitcher-592779,2018,0.20467,1.04945,149
pitcher-592789,2018,-0.18352,0.57371,1133
pitcher-592791,2018,0.88904,0.64955,1421
pitcher-592804,2018,0.24772,0.66823,213
pitcher-592811,2018,0.70705,1.20661,396
pitcher-592815,2018,-2.76138,1.0043,307
pitcher-592826,2018,-0.90643,0.66808,1259
pitcher-592833,2018,-1.27613,0.90598,53
pitcher-592836,2018,0.59227,0.55575,137
pitcher-592848,2018,-1.02393,0.79918,13
pitcher-592858,2018,-0.70687,0.65893,52
pitcher-592865,2018,0.42441,0.76312,477
pitcher-592866,2018,0.47969,0.49298,1384
pitcher-593140,2018,1.39576,0.70604,474
pitcher-593144,2018,-0.05214,1.24676,534
pitcher-593334,2018,-1.11917,0.72754,722
pitcher-593372,2018,-1.74543,0.6869,995
pitcher-593423,2018,-1.40641,1.18056,484
pitcher-593576,2018,-0.09369,0.71692,385
pitcher-593833,2018,-0.01945,1.11249,380
pitcher-593958,2018,0.15615,0.70031,1191
pitcher-593974,2018,-0.76989,1.02022,424
pitcher-594027,2018,-1.63362,0.80097,571
pitcher-594056,2018,0.94013,0.57407,21
pitcher-594577,2018,0.56417,1.00937,463
pitcher-594742,2018,-0.02686,0.20813,16
pitcher-594798,2018,1.80242,0.55376,1491
pitcher-594824,2018,1.26626,1.24787,5
pitcher-594835,2018,2.33016,0.8553,1276
pitcher-594840,2018,-0.72192,1.13518,419
pitcher-594902,2018,-1.25942,0.83374,300
pitcher-594943,2018,-0.38559,0.36513,5
pitcher-594965,2018,-0.52626,0.5549,271
pitcher-594987,2018,1.45575,0.78627,42
pitcher-594992,2018,-1.27743,1.21841,75
pitcher-595014,2018,-2.78988,0.99015,509
pitcher-595032,2018,0.25785,0.27167,11
pitcher-595191,2018,0.04218,0.71225,51
pitcher-595234,2018,-1.36691,0.81837,64
pitcher-595345,2018,-0.04594,0.37322,41
pitcher-595411,2018,2.0497,1.61719,60
pitcher-595465,2018,1.00973,0.77053,509
pitcher-595881,2018,2.10705,1.30691,95
pitcher-595897,2018,0.56113,0.3284,20
pitcher-595918,2018,0.94561,0.78378,435
pitcher-595928,2018,-1.09616,0.8897,64
pitcher-596001,2018,-0.46728,0.62216,1454
pitcher-596027,2018,-0.74156,1.18861,93
pitcher-596043,2018,-1.15413,0.99252,871
pitcher-596057,2018,-1.99752,0.82363,409
pitcher-596071,2018,-2.94807,1.22047,277
pitcher-596074,2018,1.35216,0.66033,165
pitcher-596101,2018,-1.28177,0.66508,79
pitcher-596112,2018,-0.72656,1.13926,125
pitcher-596133,2018,-0.09542,0.84484,1212
pitcher-596271,2018,-0.05944,1.15553,184
pitcher-596295,2018,-0.42856,1.08211,623
pitcher-596451,2018,-0.93649,0.70685,25
pitcher-596720,2018,-0.90689,1.13854,264
pitcher-596816,2018,0.11965,1.2829,90
pitcher-597113,2018,0.74111,1.2425,47
pitcher-598264,2018,0.48654,0.73088,610
pitcher-598271,2018,-0.6649,0.67464,897
pitcher-598287,2018,0.66679,0.73763,741
pitcher-599683,2018,0.24994,0.8367,319
pitcher-600301,2018,0.51486,0.35975,12
pitcher-600303,2018,-0.3456,0.26116,12
pitcher-600917,2018,1.19108,0.73508,465
pitcher-600944,2018,2.20821,0.97997,70
pitcher-600965,2018,-1.12019,1.28988,46
pitcher-600968,2018,-0.80314,0.8333,374
pitcher-600986,2018,0.79667,0.84478,166
pitcher-601713,2018,-0.55435,0.4354,1403
pitcher-602083,2018,0.67924,1.11055,68
pitcher-605121,2018,-1.6499,0.78876,581
pitcher-605130,2018,0.64477,0.92752,117
pitcher-605135,2018,-1.4663,0.99584,428
pitcher-605143,2018,-1.77627,0.9893,210
pitcher-605151,2018,1.13396,0.71126,603
pitcher-605154,2018,1.20918,0.67988,436
pitcher-605155,2018,1.8741,1.23495,113
pitcher-605156,2018,1.3546,1.00443,25
pitcher-605164,2018,-1.42999,0.73269,1340
pitcher-605170,2018,0.74652,0.61679,7
pitcher-605177,2018,0.23918,0.81265,402
pitcher-605182,2018,0.01017,0.52934,1700
pitcher-605195,2018,-0.64016,0.94312,537
pitcher-605200,2018,3.48526,0.94387,607
pitcher-605204,2018,0.04937,0.08745,4
pitcher-605218,2018,-0.33333,0.82554,480
pitcher-605232,2018,0.57389,0.79958,190
pitcher-605240,2018,0.31699,0.82268,439
pitcher-605242,2018,-0.718,0.78059,1037
pitcher-605254,2018,-2.95778,0.91241,187
pitcher-605255,2018,-0.70778,0.92548,267
pitcher-605260,2018,1.02202,0.94862,86
pitcher-605276,2018,-0.25217,0.7373,878
pitcher-605280,2018,1.80165,0.9241,303
pitcher-605288,2018,0.61577,0.94851,114
pitcher-605301,2018,1.01942,1.27123,158
pitcher-605309,2018,-0.97119,0.91252,463
pitcher-605347,2018,-0.25582,0.74587,468
pitcher-605359,2018,-0.44701,0.64984,73
pitcher-605388,2018,-0.58719,0.67144,438
pitcher-605397,2018,-1.97818,0.93052,719
pitcher-605400,2018,-0.16929,0.63781,1653
pitcher-605441,2018,-0.3153,0.94786,301
pitcher-605446,2018,0.06067,0.6215,972
pitcher-605452,2018,1.53651,0.96483,109
pitcher-605476,2018,-1.12526,0.81114,143
pitcher-605483,2018,2.00212,0.5473,1519
pitcher-605486,2018,0.57744,0.38113,23
pitcher-605488,2018,-1.50269,0.80042,291
pitcher-605498,2018,1.33291,0.69881,1296
pitcher-605501,2018,-1.228,1.44022,87
pitcher-605513,2018,0.16052,1.39473,147
pitcher-605525,2018,0.65235,0.72067,108
pitcher-605538,2018,0.8627,0.76046,305
pitcher-605540,2018,-0.06691,0.84009,397
pitcher-605541,2018,0.3026,0.57549,809
pitcher-606131,2018,1.08517,0.80626,459
pitcher-606149,2018,-0.97876,0.46674,84
pitcher-606162,2018,0.20724,0.75579,626
pitcher-606167,2018,-1.45603,0.73778,181
pitcher-606273,2018,0.28056,0.78546,414
pitcher-606424,2018,-0.92904,0.98093,543
pitcher-606478,2018,-1.49069,0.94698,268
pitcher-606625,2018,-1.79156,0.87126,606
pitcher-606930,2018,0.48239,0.92136,406
pitcher-606944,2018,-0.03268,1.20892,188
pitcher-606965,2018,1.00559,1.08754,381
pitcher-606983,2018,-1.09052,1.29221,154
pitcher-606995,2018,1.33067,1.28959,118
pitcher-607030,2018,1.21367,0.94788,16
pitcher-607054,2018,0.89411,0.62814,14
pitcher-607074,2018,-1.55415,0.64327,999
pitcher-607188,2018,0.96458,0.61277,582
pitcher-607192,2018,0.10527,0.64319,974
pitcher-607200,2018,0.67992,1.0007,540
pitcher-607215,2018,0.2173,0.99721,550
pitcher-607216,2018,0.45697,0.40595,28
pitcher-607219,2018,-0.06926,0.66722,1186
pitcher-607229,2018,-0.28824,0.79148,640
pitcher-607231,2018,-0.76044,0.78496,937
pitcher-607237,2018,-1.36446,0.79819,503
pitcher-607352,2018,0.86998,0.83148,602
pitcher-607374,2018,-0.57514,0.73994,627
pitcher-607387,2018,0.85541,0.83307,2
pitcher-607455,2018,-0.63067,1.02577,87
pitcher-607457,2018,-0.70999,0.64492,558
pitcher-607468,2018,0.10338,0.10875,7
pitcher-607473,2018,1.44026,1.61113,371
pitcher-607481,2018,-3.12431,0.822,314
pitcher-607536,2018,1.82927,0.53424,1710
pitcher-607572,2018,0.39928,0.46419,38
pitcher-607625,2018,0.75509,0.74659,846
pitcher-607644,2018,2.26766,1.49512,28
pitcher-607755,2018,-0.34349,0.66351,58
pitcher-607968,2018,-0.80062,1.05363,260
pitcher-608328,2018,0.11528,0.90049,144
pitcher-608331,2018,-1.47264,0.57461,314
pitcher-608334,2018,0.23715,0.62377,357
pitcher-608337,2018,-1.27654,0.59674,1602
pitcher-608349,2018,0.66648,0.8554,525
pitcher-608371,2018,-2.38682,1.50038,169
pitcher-608379,2018,-0.39579,1.02672,733
pitcher-608566,2018,-1.21186,0.60684,1538
pitcher-608601,2018,-2.3699,1.0077,188
pitcher-608638,2018,-0.25646,1.41632,262
pitcher-608648,2018,-0.86412,0.80223,205
pitcher-608652,2018,-0.83171,0.78264,302
pitcher-608654,2018,-0.66583,0.5567,10
pitcher-608665,2018,1.8415,0.68757,355
pitcher-608678,2018,-0.504,1.37227,176
pitcher-608716,2018,1.56337,0.71324,579
pitcher-608717,2018,-0.71858,0.63125,1264
pitcher-608718,2018,-0.19162,0.93679,822
pitcher-608723,2018,0.57395,0.58142,119
pitcher-611093,2018,-2.9176,1.11008,221
pitcher-612434,2018,0.27899,0.66467,769
pitcher-612672,2018,2.5722,0.79609,1161
pitcher-613534,2018,-0.25964,0.21648,14
pitcher-614179,2018,-0.19282,0.77685,38
pitcher-620454,2018,-0.42276,0.69241,326
pitcher-621002,2018,0.35134,0.3103,5
pitcher-621044,2018,-1.55224,1.27711,20
pitcher-621052,2018,1.86499,1.19463,40
pitcher-621056,2018,-0.87315,1.17829,334
pitcher-621098,2018,0.34501,0.25397,29
pitcher-621107,2018,-0.99119,0.79596,1008
pitcher-621111,2018,0.52216,0.58703,1008
pitcher-621112,2018,2.24251,0.88629,217
pitcher-621114,2018,-2.13126,0.6737,87
pitcher-621121,2018,-0.07826,0.84003,1079
pitcher-621141,2018,1.64233,0.5891,167
pitcher-621142,2018,0.51922,0.80303,144
pitcher-621199,2018,0.98653,0.99753,229
pitcher-621219,2018,-0.5649,0.65237,164
pitcher-621237,2018,-1.31362,0.89036,561
pitcher-621242,2018,1.2408,0.81043,529
pitcher-621244,2018,-0.39448,0.6376,1484
pitcher-621249,2018,0.59472,0.47586,43
pitcher-621261,2018,1.49206,0.74776,501
pitcher-621289,2018,-2.08731,0.99319,321
pitcher-621295,2018,0.55012,0.95344,305
pitcher-621345,2018,-1.81874,0.90672,481
pitcher-621350,2018,0.56009,0.96571,62
pitcher-621366,2018,0.3295,0.7024,829
pitcher-621381,2018,-0.47332,0.62388,509
pitcher-621385,2018,0.40589,1.08857,361
pitcher-621389,2018,0.55054,0.65808,1005
pitcher-621397,2018,-0.24747,1.1079,234
pitcher-622072,2018,1.03515,0.76138,1171
pitcher-622075,2018,-1.47641,0.69511,116
pitcher-622097,2018,1.14138,1.07291,150
pitcher-622098,2018,-1.33922,1.07702,193
pitcher-622161,2018,1.19783,1.0039,169
pitcher-622217,2018,1.89519,1.54002,73
pitcher-622259,2018,-0.5577,1.15821,155
pitcher-622382,2018,-1.34383,0.93736,309
pitcher-622446,2018,-2.48522,1.02522,486
pitcher-622491,2018,0.4085,0.53968,1350
pitcher-622492,2018,-0.4863,0.52652,117
pitcher-622505,2018,-2.2808,1.15639,203
pitcher-622554,2018,0.5122,0.97084,464
pitcher-622608,2018,1.63168,0.71647,834
pitcher-622663,2018,-0.41508,0.67201,1504
pitcher-622694,2018,-0.92929,0.57186,595
pitcher-622766,2018,-0.62185,1.19133,162
pitcher-622772,2018,-0.23769,0.85777,148
pitcher-622774,2018,2.34784,0.79491,86
pitcher-622783,2018,0.19483,0.84976,139
pitcher-622795,2018,-3.16634,1.04045,264
pitcher-622864,2018,-2.03449,0.61644,473
pitcher-623149,2018,1.40255,0.75767,540
pitcher-623167,2018,-0.16114,0.20925,83
pitcher-623184,2018,-1.09204,0.89868,382
pitcher-623352,2018,0.27867,0.96521,617
pitcher-623354,2018,-1.83668,1.18315,82
pitcher-623364,2018,0.34307,0.75367,52
pitcher-623381,2018,0.39069,0.80778,360
pitcher-623402,2018,0.09613,0.80586,187
pitcher-623430,2018,1.14589,1.02916,192
pitcher-623434,2018,-1.72654,1.22883,77
pitcher-623451,2018,-0.30756,0.79428,317
pitcher-623454,2018,-0.25865,0.99192,111
pitcher-623465,2018,-0.36407,0.74933,119
pitcher-623470,2018,1.88827,1.07236,142
pitcher-624133,2018,1.08196,0.8258,126
pitcher-624427,2018,-1.5495,1.20656,279
pitcher-624586,2018,-0.04967,0.06061,10
pitcher-624636,2018,0.09369,0.08755,5
pitcher-625643,2018,-0.01456,0.56756,1558
pitcher-627500,2018,-0.1717,0.18276,14
pitcher-627894,2018,0.76397,0.90816,161
pitcher-628317,2018,0.81591,0.8554,935
pitcher-628318,2018,-1.40843,1.10286,226
pitcher-628333,2018,-1.19049,1.02006,377
pitcher-628452,2018,-0.44652,1.03539,557
pitcher-628711,2018,-0.87805,0.57813,25
pitcher-629496,2018,0.13125,0.42143,98
pitcher-630023,2018,-1.25456,0.71519,597
pitcher-635903,2018,-0.24829,0.52994,7
pitcher-639373,2018,-3.38616,1.20591,50
pitcher-640447,2018,0.02055,0.02566,1
pitcher-640455,2018,-1.39454,0.61477,1096
pitcher-640463,2018,1.84617,0.80091,40
pitcher-640464,2018,-1.19508,1.0131,349
pitcher-641149,2018,-0.26143,0.24477,48
pitcher-641154,2018,-1.30918,0.8893,470
pitcher-641341,2018,1.03417,1.22702,272
pitcher-641427,2018,-1.53656,1.10702,245
pitcher-641438,2018,1.08396,0.91261,439
pitcher-641482,2018,1.82287,0.85334,58
pitcher-641490,2018,-0.25178,0.9355,89
pitcher-641501,2018,-1.25127,1.3533,76
pitcher-641525,2018,0.95734,0.69541,8
pitcher-641571,2018,-0.35182,0.68157,700
pitcher-641598,2018,0.01693,0.04163,7
pitcher-641627,2018,0.30723,0.96114,177
pitcher-641656,2018,-1.0307,0.90564,53
pitcher-641712,2018,-2.26306,1.0643,222
pitcher-641729,2018,1.28759,0.78025,563
pitcher-641745,2018,-0.46512,0.64466,1142
pitcher-641755,2018,0.88517,0.76412,98
pitcher-641771,2018,-0.91051,0.59142,761
pitcher-641778,2018,-1.847,0.52349,991
pitcher-641793,2018,-0.31127,0.79838,209
pitcher-641816,2018,0.3618,0.48365,1045
pitcher-641835,2018,2.06266,0.79433,274
pitcher-641838,2018,-1.59993,0.89984,482
pitcher-641851,2018,0.24604,0.66088,78
pitcher-641871,2018,0.15669,1.24479,165
pitcher-641941,2018,-0.46993,0.62405,460
pitcher-641962,2018,0.63062,0.49364,71
pitcher-642003,2018,-1.22102,1.22657,374
pitcher-642008,2018,-0.1185,1.01235,235
pitcher-642028,2018,-0.02505,0.46242,103
pitcher-642073,2018,0.35826,1.24023,157
pitcher-642083,2018,0.63893,0.75731,104
pitcher-642098,2018,-1.0134,0.8262,323
pitcher-642152,2018,-1.63923,0.84656,534
pitcher-642231,2018,-1.25701,0.74042,363
pitcher-642232,2018,-0.71419,0.64175,1191
pitcher-642239,2018,-0.79556,1.02964,58
pitcher-642528,2018,-1.18044,1.45268,235
pitcher-642545,2018,0.33167,0.77537,1112
pitcher-642547,2018,-2.78333,0.95506,732
pitcher-642558,2018,-0.81714,0.74659,460
pitcher-642571,2018,1.73925,0.95628,235
pitcher-642701,2018,-0.18842,0.2118,33
pitcher-643230,2018,-1.31752,0.79662,867
pitcher-643256,2018,-1.34421,1.01954,423
pitcher-643316,2018,0.62105,0.94302,346
pitcher-643320,2018,-1.24522,1.53885,36
pitcher-643327,2018,-0.92922,0.62259,1522
pitcher-643338,2018,0.61399,0.76868,583
pitcher-643354,2018,1.9729,1.05272,208
pitcher-643410,2018,-0.62807,0.78982,242
pitcher-643466,2018,1.67183,0.97727,364
pitcher-643493,2018,0.11678,0.85324,475
pitcher-643617,2018,1.11707,1.01494,228
pitcher-643778,2018,1.59719,1.00829,177
pitcher-644364,2018,0.96415,0.80115,415
pitcher-644428,2018,-1.84564,1.19905,51
pitcher-645261,2018,0.24349,0.82799,311
pitcher-647336,2018,-2.01976,0.96383,201
pitcher-650828,2018,-0.0666,0.82882,447
pitcher-650895,2018,-1.68711,0.81685,473
pitcher-656186,2018,1.35691,1.22806,186
pitcher-656222,2018,-0.18555,0.82184,423
pitcher-656257,2018,-0.16663,1.0333,170
pitcher-656354,2018,1.37657,0.98414,318
pitcher-656427,2018,-0.64005,0.586,1323
pitcher-656546,2018,0.61102,0.42178,88
pitcher-656547,2018,2.79598,0.68002,506
pitcher-656629,2018,-0.34885,0.44242,115
pitcher-656725,2018,0.76806,0.66633,77
pitcher-656738,2018,-0.54342,0.83976,191
pitcher-656756,2018,-1.0468,0.87409,218
pitcher-656794,2018,0.16574,0.63885,1544
pitcher-656798,2018,0.08172,0.9675,338
pitcher-656803,2018,-0.65476,1.09094,112
pitcher-656805,2018,1.67637,1.15501,127
pitcher-656814,2018,-0.23919,0.27886,33
pitcher-656887,2018,-2.06614,1.10248,337
pitcher-656945,2018,0.2839,0.70088,432
pitcher-656954,2018,-0.89059,0.42211,37
pitcher-656977,2018,-0.48225,0.72787,120
pitcher-657053,2018,-1.06085,0.82391,288
pitcher-657117,2018,0.71221,0.81642,87
pitcher-657140,2018,-0.3552,0.47103,75
pitcher-657205,2018,0.21793,0.83564,173
pitcher-657209,2018,-0.33103,0.87138,30
pitcher-657228,2018,-1.20643,0.56192,34
pitcher-657571,2018,0.68835,0.6484,405
pitcher-657610,2018,1.04076,0.62493,559
pitcher-657612,2018,-3.00894,1.09246,386
pitcher-657624,2018,-0.10695,0.57174,183
pitcher-657681,2018,0.34842,0.33707,34
pitcher-657770,2018,-0.0511,0.36238,24
pitcher-657786,2018,-0.27549,1.26877,48
pitcher-658792,2018,0.42181,0.79274,80
pitcher-660271,2018,-0.62632,0.89898,442
pitcher-660853,2018,-1.1305,1.60219,168
pitcher-660875,2018,-0.61302,1.41788,38
pitcher-661255,2018,1.26625,0.82244,68
pitcher-663432,2018,1.6793,0.95235,98
pitcher-663465,2018,-0.1141,0.53425,83
pitcher-663855,2018,0.53021,0.82653,689
pitcher-664023,2018,-0.25916,0.22,3
pitcher-664028,2018,-1.13856,1.06431,259
pitcher-664180,2018,1.96993,0.90221,104
pitcher-664192,2018,0.84947,0.64058,1113
pitcher-664196,2018,-2.11314,0.93797,84
pitcher-664208,2018,-1.01698,0.98256,425
pitcher-664285,2018,-2.90722,1.00435,358
pitcher-664641,2018,-1.31054,0.91362,47
pitcher-664682,2018,-0.0189,0.77,184
pitcher-664701,2018,0.53338,0.58156,52
pitcher-664856,2018,-0.11249,0.20591,83
pitcher-664869,2018,-0.48479,1.38751,77
pitcher-669060,2018,0.38202,0.78347,64
pitcher-669203,2018,-1.71107,0.74002,277
pitcher-669456,2018,-0.44879,0.69208,913
pitcher-670036,2018,-1.84758,2.13449,82
pitcher-670950,2018,0.08492,0.62009,1165
pitcher-672335,2018,-0.29208,1.09339,119
pitcher-673633,2018,1.00701,0.93441,522
umpire-427013,2019,-0.36793,0.47293,4278
umpire-427019,2019,1.86933,0.53584,4357
umpire-427044,2019,0.83141,0.37324,4480
umpire-427053,2019,-0.47165,0.47386,3916
umpire-427058,2019,0.86333,0.40291,4551
umpire-427081,2019,0.29962,0.39291,4544
umpire-427090,2019,-0.44434,0.32506,4182
umpire-427093,2019,1.36398,0.38715,4386
umpire-427095,2019,1.15211,0.38558,3692
umpire-427103,2019,-1.51402,0.50471,4280
umpire-427108,2019,-2.82434,0.45468,2644
umpire-427113,2019,0.66501,0.42635,4151
umpire-427128,2019,0.37424,0.41539,4326
umpire-427129,2019,0.29899,0.29407,4298
umpire-427139,2019,2.59338,0.39436,4437
umpire-427144,2019,-1.35946,0.47169,3240
umpire-427156,2019,1.03696,0.46322,4272
umpire-427164,2019,-0.19515,0.35253,3031
umpire-427168,2019,0.28278,0.4286,2881
umpire-427184,2019,-1.31092,0.31335,3094
umpire-427192,2019,1.12363,0.50753,1879
umpire-427197,2019,0.2678,0.3516,4447
umpire-427206,2019,-0.54134,0.38058,3975
umpire-427220,2019,0.6098,0.48595,4647
umpire-427224,2019,0.86313,0.32306,4248
umpire-427235,2019,0.58626,0.47514,4648
umpire-427243,2019,-0.14834,0.26478,4699
umpire-427248,2019,-0.09342,0.2899,5225
umpire-427269,2019,-0.84202,0.35573,2173
umpire-427286,2019,-0.12861,0.52086,3053
umpire-427292,2019,0.95427,0.38134,4354
umpire-427299,2019,-0.9084,0.78733,889
umpire-427315,2019,-1.6976,0.31132,5248
umpire-427339,2019,0.18892,0.37179,4383
umpire-427344,2019,2.26683,0.39757,4323
umpire-427361,2019,0.26406,0.39313,4408
umpire-427362,2019,0.66899,0.31594,4544
umpire-427366,2019,0.9466,0.44154,4512
umpire-427413,2019,-1.06082,0.39905,3220
umpire-427424,2019,-0.99123,0.54812,3263
umpire-427509,2019,-0.37285,0.37873,4530
umpire-427520,2019,-0.49969,0.36561,4462
umpire-427533,2019,-2.17927,0.35679,4444
umpire-427534,2019,0.03698,0.32861,4122
umpire-427537,2019,-0.9301,0.54104,4352
umpire-427538,2019,-0.48944,0.35419,4731
umpire-427552,2019,0.07557,0.55383,2755
umpire-427554,2019,1.4563,0.44855,4878
umpire-428442,2019,-1.85241,0.41047,4155
umpire-429805,2019,-0.08309,0.40051,4300
umpire-431232,2019,-0.04657,0.30667,4208
umpire-482608,2019,-1.65969,0.50805,1479
umpire-482620,2019,0.13139,0.39535,4339
umpire-482631,2019,0.70375,0.38803,4853
umpire-482641,2019,0.48125,0.37845,4645
umpire-482663,2019,-0.27273,0.40424,4925
umpire-482666,2019,-0.49993,0.37473,4259
umpire-483561,2019,1.43469,0.3455,4598
umpire-483564,2019,0.86405,0.33569,4937
umpire-483569,2019,2.10685,0.41432,3903
umpire-483630,2019,0.75679,0.52263,4083
umpire-483912,2019,-0.47599,0.46991,4369
umpire-483919,2019,-0.33349,0.39897,4400
umpire-484183,2019,-1.02862,0.43407,4065
umpire-484198,2019,-1.49979,0.39704,4583
umpire-484499,2019,-1.12472,0.44408,4307
umpire-489985,2019,-0.47199,0.35561,4253
umpire-490319,2019,-0.707,0.43352,4279
umpire-503077,2019,1.7337,0.48563,4414
umpire-503490,2019,0.58141,0.48383,4442
umpire-503493,2019,1.03167,0.35228,4423
umpire-503502,2019,0.52328,0.33966,4450
umpire-503586,2019,1.17911,0.39135,4796
umpire-504381,2019,1.2902,0.45544,4260
umpire-511890,2019,0.86391,0.46896,3758
umpire-521051,2019,1.51525,0.69245,1942
umpire-521251,2019,0.51002,0.27693,3044
umpire-521889,2019,-1.68686,0.32369,4311
umpire-524988,2019,-1.85749,0.53264,2226
umpire-544728,2019,-0.54329,0.42967,4505
umpire-545402,2019,0.35495,0.7134,903
umpire-547380,2019,-0.93407,0.3625,4508
umpire-573596,2019,0.0225,0.41373,4203
umpire-573597,2019,1.59304,0.44604,4195
umpire-575629,2019,-2.47056,0.75456,729
umpire-577468,2019,-0.111,0.41925,3826
umpire-594151,2019,-0.59667,0.40053,4271
umpire-596740,2019,0.32521,0.31263,5182
umpire-596805,2019,-1.10491,0.33716,3934
umpire-596809,2019,0.223,0.49428,2252
umpire-605672,2019,-0.49343,0.34369,4764
umpire-605673,2019,1.17122,0.40364,919
umpire-639723,2019,-2.11103,0.57993,1396
catcher-425772,2019,-0.27148,0.42584,5527
catcher-425784,2019,0.58502,0.79778,422
catcher-425877,2019,-0.06216,0.35304,7803
catcher-431145,2019,1.51163,0.48429,3740
catcher-435064,2019,1.38445,0.45733,1098
catcher-435263,2019,0.64769,0.38663,5542
catcher-435559,2019,-0.55995,0.38265,5180
catcher-444489,2019,1.65642,0.50128,3067
catcher-446308,2019,-2.18245,0.45334,3072
catcher-446868,2019,1.12325,0.54088,134
catcher-452095,2019,1.9452,0.37414,5907
catcher-455104,2019,-1.05919,0.44683,3019
catcher-455117,2019,0.05832,0.33057,7277
catcher-455139,2019,-0.75348,0.42413,7700
catcher-456078,2019,-1.79178,0.37899,3511
catcher-456124,2019,0.75268,0.63262,1091
catcher-457763,2019,1.63893,0.35132,7049
catcher-460026,2019,-1.37326,0.59522,1684
catcher-460077,2019,-0.48876,0.79009,1003
catcher-465041,2019,0.36569,0.56834,2572
catcher-467092,2019,-0.30892,0.33967,8632
catcher-488671,2019,0.76924,0.36068,3480
catcher-488771,2019,0.40364,0.40214,5195
catcher-491696,2019,-0.11683,0.60038,1302
catcher-492802,2019,-0.89571,0.72168,336
catcher-502570,2019,-0.42252,1.10779,265
catcher-506702,2019,0.94418,0.35276,4105
catcher-518542,2019,-1.62449,0.69497,334
catcher-518595,2019,0.41345,0.36827,5237
catcher-518735,2019,1.30764,0.39169,9249
catcher-518960,2019,-0.64897,0.37007,5946
catcher-519222,2019,0.28334,0.3469,4688
catcher-519390,2019,-0.21639,0.425,3805
catcher-543089,2019,1.71564,0.8804,378
catcher-543148,2019,0.08198,0.51602,1897
catcher-543228,2019,0.14395,0.42039,6473
catcher-543302,2019,-1.25748,0.56599,1606
catcher-543308,2019,-0.49306,0.38715,4291
catcher-543309,2019,2.24526,0.59942,1138
catcher-543376,2019,1.4337,0.67208,876
catcher-543432,2019,0.04065,0.96413,385
catcher-543510,2019,-0.79796,0.32106,7543
catcher-543592,2019,0.07029,0.67227,301
catcher-543877,2019,1.11992,0.31481,8472
catcher-545358,2019,2.65044,0.52131,3041
catcher-547172,2019,-0.80829,0.27582,7290
catcher-547379,2019,1.10498,0.29177,8061
catcher-553869,2019,-1.23736,0.29302,6225
catcher-553882,2019,-1.23241,0.35989,6850
catcher-553902,2019,-0.33218,0.61474,1222
catcher-571466,2019,0.63951,0.36459,6285
catcher-571467,2019,-0.46592,1.35138,146
catcher-571657,2019,-0.67164,0.8189,690
catcher-571679,2019,-0.2181,0.25773,66
catcher-571912,2019,0.88777,0.53988,2985
catcher-571974,2019,0.87198,0.98421,1234
catcher-572033,2019,-0.84276,0.42921,6553
catcher-572287,2019,1.16837,0.36583,5310
catcher-572863,2019,0.3222,0.51872,2046
catcher-575929,2019,-1.17367,0.47244,7163
catcher-592200,2019,0.39185,0.35906,4087
catcher-592407,2019,-1.70513,0.42734,2540
catcher-592663,2019,0.14393,0.37907,9607
catcher-595284,2019,-0.05226,0.43851,2482
catcher-595453,2019,0.66025,0.69117,953
catcher-595751,2019,0.15303,0.38107,8257
catcher-595956,2019,0.96468,0.54625,2737
catcher-595978,2019,3.14821,0.35513,6735
catcher-596117,2019,-1.1114,0.91299,570
catcher-596119,2019,-0.94741,0.70461,528
catcher-596142,2019,-0.33689,0.37904,6404
catcher-600466,2019,-2.81333,1.06502,185
catcher-600474,2019,-0.59631,0.33475,6595
catcher-605131,2019,1.4425,0.43944,3889
catcher-605170,2019,0.34624,0.46395,3368
catcher-605244,2019,1.80444,0.63009,741
catcher-605421,2019,0.45874,0.69449,1043
catcher-606988,2019,-0.23972,0.38453,4318
catcher-606992,2019,-2.04951,0.92242,206
catcher-607333,2019,-0.73253,1.0008,621
catcher-607345,2019,-1.08305,0.50064,3696
catcher-607732,2019,1.66325,0.50458,3595
catcher-608348,2019,0.52626,0.33232,6480
catcher-608596,2019,0.48574,0.37646,4755
catcher-608700,2019,1.11113,0.41491,3340
catcher-620443,2019,0.10561,0.72765,241
catcher-620453,2019,-3.54996,1.28036,138
catcher-621512,2019,1.27418,0.51856,2589
catcher-621532,2019,1.58813,0.47303,1326
catcher-623168,2019,-0.0791,0.59292,163
catcher-624419,2019,-0.79867,0.97322,138
catcher-624431,2019,0.70168,0.51266,2623
catcher-624512,2019,1.81764,0.54627,2037
catcher-624513,2019,0.932,0.73143,782
catcher-641470,2019,-2.63673,0.52989,845
catcher-641598,2019,-0.24742,0.45518,5264
catcher-641924,2019,1.04056,1.13937,93
catcher-642082,2019,-1.76569,0.40336,3294
catcher-642336,2019,-0.26394,0.422,3717
catcher-642851,2019,-0.55338,0.59652,1591
catcher-643376,2019,1.26123,0.31615,7538
catcher-643396,2019,-2.84359,0.4864,2602
catcher-650619,2019,-1.37635,0.52153,3008
catcher-656577,2019,1.01442,0.50629,264
catcher-656941,2019,-0.03276,0.03208,2
catcher-664119,2019,0.43718,0.67268,1070
catcher-664874,2019,0.7317,0.62022,173
catcher-664926,2019,-1.17359,1.03513,1310
catcher-668663,2019,-0.66916,0.63052,13
catcher-668670,2019,-0.17755,0.53422,2699
catcher-668800,2019,-3.67402,1.03502,1070
catcher-669221,2019,-1.16429,0.47229,1035
catcher-669257,2019,0.48623,0.46074,3189
pitcher-282332,2019,1.35237,0.61747,878
pitcher-407845,2019,-0.31556,0.82828,439
pitcher-424144,2019,-0.19072,0.9665,309
pitcher-425772,2019,0.61637,0.6512,9
pitcher-425794,2019,0.06634,0.57722,1541
pitcher-425844,2019,0.73631,0.70606,1573
pitcher-429719,2019,-0.118,0.72482,663
pitcher-429722,2019,-1.269,0.74225,123
pitcher-430935,2019,0.31742,0.60292,1195
pitcher-431145,2019,-0.92798,0.69358,19
pitcher-433587,2019,1.67313,0.93737,642
pitcher-433589,2019,2.96899,0.82235,558
pitcher-434378,2019,0.76463,0.69168,1484
pitcher-434538,2019,-0.99391,0.80165,551
pitcher-434671,2019,-0.33124,0.80878,1325
pitcher-434778,2019,-0.45546,0.3856,10
pitcher-435043,2019,-0.62209,1.10263,210
pitcher-435079,2019,0.0103,0.07334,16
pitcher-435622,2019,-0.01419,0.07632,7
pitcher-444468,2019,0.01209,0.81234,473
pitcher-445197,2019,-1.27666,1.31335,151
pitcher-445213,2019,0.3759,1.02635,447
pitcher-445276,2019,0.33998,1.06428,472
pitcher-445926,2019,3.9559,0.80433,725
pitcher-446321,2019,-1.07903,0.82366,593
pitcher-446372,2019,-0.9905,0.92237,307
pitcher-446481,2019,0.34639,0.29717,5
pitcher-448179,2019,-1.31068,1.22813,492
pitcher-448281,2019,1.08619,0.79752,430
pitcher-448602,2019,1.28149,1.02528,12
pitcher-448609,2019,-1.85408,0.89083,175
pitcher-448614,2019,-0.93645,0.91412,60
pitcher-448801,2019,0.40438,0.37468,7
pitcher-448855,2019,1.72282,0.817,663
pitcher-450172,2019,0.82531,0.84625,166
pitcher-450203,2019,-2.12076,0.63274,1590
pitcher-450212,2019,1.54991,1.55426,141
pitcher-450306,2019,0.64439,0.60865,1337
pitcher-450314,2019,-0.82304,0.59833,11
pitcher-451584,2019,0.5293,0.79006,417
pitcher-452657,2019,3.9055,0.88806,1559
pitcher-453172,2019,-1.23697,0.82487,542
pitcher-453178,2019,0.91559,0.66741,557
pitcher-453192,2019,-1.50203,0.80434,522
pitcher-453214,2019,0.84987,0.61146,75
pitcher-453265,2019,-0.04324,0.90899,378
pitcher-453281,2019,2.2196,0.81869,999
pitcher-453284,2019,1.3813,0.98103,536
pitcher-453286,2019,1.91594,0.64172,1259
pitcher-453329,2019,0.32036,0.70355,490
pitcher-453343,2019,0.52433,1.06419,555
pitcher-453385,2019,-1.86496,0.92225,374
pitcher-453562,2019,0.73942,0.74022,1145
pitcher-455119,2019,0.99001,0.94095,376
pitcher-456034,2019,1.67938,0.91614,939
pitcher-456051,2019,-0.18896,0.65122,232
pitcher-456387,2019,-2.11695,1.37624,44
pitcher-456488,2019,0.86394,0.78789,8
pitcher-456501,2019,0.68142,0.74275,147
pitcher-456696,2019,0.94006,0.81344,364
pitcher-456701,2019,-0.03448,0.54285,1365
pitcher-457754,2019,-1.72401,0.99942,74
pitcher-457915,2019,-0.77344,1.01868,478
pitcher-457918,2019,-0.30983,0.66045,1344
pitcher-458006,2019,1.03642,0.59147,560
pitcher-458584,2019,-0.16414,0.88851,23
pitcher-458677,2019,-1.88251,1.17144,329
pitcher-458681,2019,-0.56018,0.74379,1692
pitcher-458708,2019,1.73501,0.8393,535
pitcher-458924,2019,-1.52132,0.64332,121
pitcher-459429,2019,0.50832,1.11118,316
pitcher-460086,2019,-0.73116,0.46131,33
pitcher-460283,2019,0.70749,0.90736,288
pitcher-461325,2019,-0.43324,0.75277,438
pitcher-461829,2019,1.28631,0.72724,754
pitcher-461872,2019,1.06327,0.9301,494
pitcher-462136,2019,1.31048,1.24989,175
pitcher-465657,2019,1.39643,0.78712,554
pitcher-467008,2019,0.546,0.61529,345
pitcher-467055,2019,0.21221,0.21017,3
pitcher-467100,2019,0.2407,0.57184,1451
pitcher-467827,2019,0.74938,0.6442,20
pitcher-468504,2019,-1.72327,0.91201,1064
pitcher-471911,2019,0.61122,0.76759,583
pitcher-472551,2019,1.90649,1.63784,96
pitcher-472610,2019,-1.1218,0.64904,515
pitcher-473879,2019,1.32336,1.03093,415
pitcher-474463,2019,-1.60029,0.75176,1323
pitcher-475054,2019,-0.78867,1.01119,562
pitcher-475115,2019,0.74891,0.97374,324
pitcher-475479,2019,-0.20468,1.22244,351
pitcher-476451,2019,0.86528,0.88173,385
pitcher-476454,2019,1.61382,1.37583,7
pitcher-476589,2019,4.00269,1.20499,315
pitcher-476594,2019,0.43277,1.28832,136
pitcher-477132,2019,1.97346,0.64085,1176
pitcher-477569,2019,-0.16497,0.47784,25
pitcher-488671,2019,1.50968,1.29847,16
pitcher-488748,2019,0.96492,0.81148,401
pitcher-488768,2019,-0.29405,0.55727,1291
pitcher-488984,2019,-0.39454,0.70217,38
pitcher-489119,2019,2.72964,0.73294,1483
pitcher-489265,2019,2.59928,0.88354,489
pitcher-489295,2019,2.19808,1.21006,67
pitcher-489334,2019,2.05218,0.7255,647
pitcher-489446,2019,3.11663,0.88069,470
pitcher-491646,2019,1.45361,1.27803,147
pitcher-491696,2019,0.41199,0.38209,4
pitcher-493200,2019,0.08593,1.12855,165
pitcher-493603,2019,0.04861,0.69715,683
pitcher-500610,2019,-0.91015,0.7623,3
pitcher-500724,2019,-0.81934,1.59661,51
pitcher-500779,2019,1.09593,0.70973,1439
pitcher-501303,2019,0.71448,0.53531,11
pitcher-501381,2019,-0.65997,0.8265,980
pitcher-501593,2019,1.39264,1.01891,303
pitcher-501625,2019,1.70704,0.86648,456
pitcher-501789,2019,1.3437,1.08668,484
pitcher-501817,2019,0.5383,0.44672,18
pitcher-501925,2019,-1.67061,0.81656,183
pitcher-501985,2019,0.07476,0.75334,1680
pitcher-501992,2019,0.33957,0.6798,45
pitcher-502026,2019,0.82444,0.78904,422
pitcher-502042,2019,-0.5123,0.58746,1070
pitcher-502043,2019,2.05826,0.75188,1324
pitcher-502085,2019,0.68973,1.0914,83
pitcher-502154,2019,0.42589,0.8692,495
pitcher-502171,2019,0.34093,0.97231,116
pitcher-502188,2019,-0.61302,0.56451,1518
pitcher-502190,2019,-0.2265,0.55783,1442
pitcher-502202,2019,0.2781,1.00273,250
pitcher-502239,2019,-1.07241,0.74587,875
pitcher-502273,2019,0.14782,0.14956,12
pitcher-502304,2019,-0.27067,0.36876,36
pitcher-502327,2019,0.53384,0.82419,395
pitcher-502381,2019,-1.88737,1.1395,49
pitcher-502522,2019,-2.13953,0.66939,149
pitcher-502578,2019,0.26453,0.90433,46
pitcher-502593,2019,-0.71846,0.9548,67
pitcher-502624,2019,-0.94859,0.71799,1111
pitcher-502706,2019,1.72471,0.9569,763
pitcher-502748,2019,2.6522,0.76902,827
pitcher-503285,2019,-0.98085,0.80073,37
pitcher-503449,2019,1.72196,0.69439,349
pitcher-504379,2019,0.80824,0.99134,395
pitcher-506433,2019,-1.90939,0.52103,1395
pitcher-516969,2019,0.97819,0.76504,428
pitcher-517008,2019,-0.61311,0.91121,453
pitcher-517593,2019,-0.13131,0.16273,40
pitcher-518397,2019,2.08502,0.79456,136
pitcher-518452,2019,0.70455,0.92074,502
pitcher-518468,2019,-0.52828,0.45988,54
pitcher-518489,2019,0.16537,0.60158,435
pitcher-518516,2019,0.04759,0.67352,1545
pitcher-518553,2019,0.84826,0.89848,614
pitcher-518566,2019,0.91758,0.62913,450
pitcher-518586,2019,-0.2841,0.3107,32
pitcher-518614,2019,-0.21411,0.18354,5
pitcher-518617,2019,-0.40621,0.72909,606
pitcher-518633,2019,-1.16857,0.84984,1077
pitcher-518693,2019,-0.20064,0.21211,16
pitcher-518715,2019,-0.20361,0.91317,487
pitcher-518774,2019,-0.64523,0.55146,497
pitcher-518813,2019,0.60664,0.93382,311
pitcher-518858,2019,1.83816,0.70538,108
pitcher-518875,2019,-0.48271,0.9096,341
pitcher-518876,2019,-0.19134,0.5549,1510
pitcher-518886,2019,0.50334,1.10484,192
pitcher-519008,2019,0.9644,1.14878,421
pitcher-519043,2019,0.31017,0.21547,55
pitcher-519076,2019,-1.77499,1.24218,245
pitcher-519096,2019,-0.55202,1.14547,206
pitcher-519141,2019,0.229,0.67004,1012
pitcher-519144,2019,0.75572,0.69283,1441
pitcher-519151,2019,-1.02732,1.03398,369
pitcher-519166,2019,-1.04803,1.07126,218
pitcher-519222,2019,0.07693,0.09403,9
pitcher-519242,2019,-1.48349,0.68908,1265
pitcher-519293,2019,0.07715,0.90602,521
pitcher-519326,2019,-1.28878,1.02538,174
pitcher-519381,2019,0.42841,1.10424,30
pitcher-519393,2019,-1.47723,0.70036,609
pitcher-519443,2019,1.17419,0.85456,720
pitcher-519455,2019,0.79743,0.62536,937
pitcher-520980,2019,-0.59001,0.84574,501
pitcher-521230,2019,0.08407,0.79549,591
pitcher-521655,2019,-0.58685,0.67751,749
pitcher-523260,2019,0.41411,0.78439,486
pitcher-525768,2019,0.34884,1.65198,84
pitcher-527048,2019,1.26464,0.90344,1349
pitcher-527054,2019,0.57233,0.52027,1612
pitcher-527055,2019,1.33406,0.79774,34
pitcher-532077,2019,1.11196,0.83837,411
pitcher-533167,2019,1.98535,1.38274,198
pitcher-534910,2019,-1.0934,0.99815,59
pitcher-541640,2019,-1.14301,0.90244,21
pitcher-541650,2019,0.2244,0.63195,23
pitcher-542585,2019,-0.76722,0.96616,305
pitcher-542866,2019,-2.33949,1.00144,168
pitcher-542881,2019,0.82525,0.75396,201
pitcher-542882,2019,-0.86629,1.01927,603
pitcher-542888,2019,-2.02193,0.83426,552
pitcher-542914,2019,2.39215,0.9979,374
pitcher-542947,2019,-1.26724,1.33441,350
pitcher-542953,2019,0.66069,0.74467,209
pitcher-542960,2019,-1.41083,0.82759,500
pitcher-543001,2019,0.78453,0.76273,333
pitcher-543022,2019,1.37362,0.79987,683
pitcher-543037,2019,0.17449,0.64281,1631
pitcher-543045,2019,-0.38828,0.91558,487
pitcher-543089,2019,-0.03276,0.03208,2
pitcher-543101,2019,-0.14252,0.50886,1296
pitcher-543118,2019,-0.92324,0.87305,458
pitcher-543135,2019,-0.02802,0.87098,674
pitcher-543148,2019,-0.02678,0.04035,4
pitcher-543169,2019,1.41521,1.09344,251
pitcher-543193,2019,-1.32849,1.05208,193
pitcher-543208,2019,1.39675,0.65717,750
pitcher-543219,2019,-0.34447,0.30013,39
pitcher-543243,2019,0.44477,0.5577,1528
pitcher-543272,2019,0.43963,0.95659,459
pitcher-543278,2019,-0.265,0.88378,340
pitcher-543294,2019,-1.16138,0.56838,1324
pitcher-543339,2019,0.73185,0.88832,587
pitcher-543343,2019,-0.39422,1.03377,37
pitcher-543351,2019,1.33369,1.45365,271
pitcher-543359,2019,1.31089,0.98762,80
pitcher-543376,2019,0.00566,0.03826,3
pitcher-543475,2019,-0.32125,0.49145,1196
pitcher-543483,2019,-0.60668,0.95037,427
pitcher-543507,2019,-0.36869,0.70951,590
pitcher-543521,2019,-0.82084,0.64766,695
pitcher-543532,2019,1.35993,0.67997,267
pitcher-543548,2019,1.58377,0.76398,844
pitcher-543557,2019,2.04005,0.79012,797
pitcher-543606,2019,-0.24941,0.86912,1350
pitcher-543677,2019,0.22938,0.20657,7
pitcher-543699,2019,0.47397,0.6866,1487
pitcher-543734,2019,-0.64432,0.49993,9
pitcher-543766,2019,0.92825,0.75858,588
pitcher-543776,2019,0.13997,0.13607,8
pitcher-543883,2019,1.12687,0.98229,358
pitcher-543901,2019,1.46193,1.25146,363
pitcher-543903,2019,-0.96298,0.97969,68
pitcher-543935,2019,1.47972,1.33728,101
pitcher-544365,2019,-0.31036,0.80715,521
pitcher-544727,2019,-1.73215,0.75008,570
pitcher-544928,2019,-0.52597,1.19286,97
pitcher-544931,2019,0.43003,0.60426,1696
pitcher-545064,2019,0.05478,0.68565,388
pitcher-545332,2019,1.77988,1.21156,40
pitcher-545333,2019,0.21,0.47663,1905
pitcher-545358,2019,0.25313,0.24725,3
pitcher-547179,2019,0.86132,0.80605,625
pitcher-547888,2019,1.06686,0.58285,1318
pitcher-547943,2019,-0.35028,0.69361,1337
pitcher-547973,2019,-1.44951,0.84042,492
pitcher-548389,2019,0.39582,0.63531,729
pitcher-552640,2019,0.28776,0.99213,360
pitcher-553878,2019,0.79471,0.88959,467
pitcher-554340,2019,1.82894,0.88119,501
pitcher-554430,2019,-0.66817,0.68788,1508
pitcher-570240,2019,-0.73255,0.62581,793
pitcher-570488,2019,-0.73183,0.67863,165
pitcher-570632,2019,1.04295,0.51717,678
pitcher-570663,2019,2.65391,0.89477,549
pitcher-570666,2019,0.083,0.67199,666
pitcher-571437,2019,-0.2026,0.18852,9
pitcher-571510,2019,-0.68829,0.57634,1483
pitcher-571539,2019,-2.20262,0.99882,101
pitcher-571578,2019,0.20193,0.6696,1565
pitcher-571656,2019,0.88572,0.73286,572
pitcher-571666,2019,0.89805,0.6279,1432
pitcher-571670,2019,0.50749,1.26198,329
pitcher-571704,2019,0.83974,0.87397,375
pitcher-571710,2019,-0.81261,0.77629,536
pitcher-571735,2019,0.45818,1.36087,279
pitcher-571760,2019,-2.49291,0.7419,822
pitcher-571858,2019,-1.38549,0.99244,364
pitcher-571863,2019,-0.66702,0.78894,180
pitcher-571882,2019,0.21369,0.82844,627
pitcher-571901,2019,-0.88827,0.49208,27
pitcher-571912,2019,1.1695,1.6314,21
pitcher-571917,2019,0.47745,0.87514,252
pitcher-571927,2019,1.35335,0.69287,1415
pitcher-571945,2019,-0.08747,0.64953,1371
pitcher-571946,2019,-1.31677,0.86674,434
pitcher-571948,2019,-1.26411,0.67033,41
pitcher-571974,2019,-1.97543,1.12448,35
pitcher-572008,2019,-0.00585,0.12634,20
pitcher-572020,2019,0.27441,0.59969,1262
pitcher-572021,2019,-1.25664,1.46979,75
pitcher-572044,2019,-0.96564,0.608,67
pitcher-572070,2019,-0.31449,0.78852,88
pitcher-572086,2019,-0.00072,0.61089,52
pitcher-572096,2019,-2.02768,1.018,240
pitcher-572125,2019,-1.08402,0.93972,103
pitcher-572140,2019,0.56992,0.76606,704
pitcher-572143,2019,0.3983,1.1085,202
pitcher-572193,2019,-0.18256,1.09614,156
pitcher-572362,2019,0.10196,1.03708,456
pitcher-572383,2019,-0.20104,1.30533,56
pitcher-572403,2019,-1.6655,0.73503,503
pitcher-572703,2019,1.30007,0.85653,409
pitcher-572821,2019,-0.01665,0.04813,8
pitcher-572888,2019,0.23111,0.78405,500
pitcher-572971,2019,1.07276,0.83838,965
pitcher-572998,2019,-0.27484,1.28894,148
pitcher-573009,2019,-0.22251,0.18867,23
pitcher-573046,2019,0.71568,1.02068,317
pitcher-573124,2019,2.38817,0.84444,547
pitcher-573127,2019,2.43453,1.30662,188
pitcher-573185,2019,-0.468,0.66597,494
pitcher-573186,2019,0.13357,0.57325,1588
pitcher-573668,2019,-1.2174,0.55004,224
pitcher-575070,2019,0.22607,0.45738,37
pitcher-576397,2019,-0.00823,0.00943,1
pitcher-579328,2019,-1.59776,0.88499,1294
pitcher-580792,2019,-1.75217,0.87918,321
pitcher-582494,2019,-1.33806,0.77988,91
pitcher-584171,2019,-2.41366,0.81543,501
pitcher-591693,2019,0.07957,1.14459,148
pitcher-591741,2019,0.36619,0.34685,16
pitcher-592094,2019,-1.67928,0.80113,203
pitcher-592102,2019,1.77703,0.88573,276
pitcher-592135,2019,-0.50026,0.9996,525
pitcher-592145,2019,-0.00137,0.78626,351
pitcher-592165,2019,0.96755,0.84682,352
pitcher-592169,2019,-0.07426,0.69425,405
pitcher-592222,2019,0.99766,0.97381,494
pitcher-592229,2019,0.73437,0.66664,522
pitcher-592233,2019,-0.47747,1.25842,242
pitcher-592254,2019,-1.22983,0.72905,38
pitcher-592280,2019,-0.14767,0.84397,102
pitcher-592314,2019,-0.06678,0.60735,944
pitcher-592332,2019,0.16302,0.86011,716
pitcher-592346,2019,-0.13423,0.74879,609
pitcher-592351,2019,-0.87283,0.61011,1162
pitcher-592390,2019,-0.6866,1.0552,359
pitcher-592426,2019,-0.50985,0.68428,578
pitcher-592454,2019,0.56868,0.62036,474
pitcher-592468,2019,-0.5903,0.74033,509
pitcher-592473,2019,0.34044,0.8816,401
pitcher-592612,2019,0.54808,0.75669,514
pitcher-592644,2019,0.25949,0.71478,874
pitcher-592662,2019,1.22161,0.49443,1518
pitcher-592705,2019,1.44961,0.90477,12
pitcher-592712,2019,0.40252,1.05974,226
pitcher-592716,2019,0.40274,0.83833,964
pitcher-592717,2019,-0.22228,0.67903,1210
pitcher-592741,2019,0.72382,0.68103,19
pitcher-592761,2019,2.31227,0.70306,1272
pitcher-592767,2019,0.52741,0.67764,1090
pitcher-592773,2019,0.74358,0.58566,622
pitcher-592779,2019,1.75456,0.91803,246
pitcher-592789,2019,1.38673,0.78435,1478
pitcher-592791,2019,1.85069,1.10352,257
pitcher-592804,2019,0.50691,0.95406,201
pitcher-592815,2019,1.24611,0.98071,216
pitcher-592826,2019,0.12742,0.55225,1009
pitcher-592836,2019,-0.03561,0.07131,5
pitcher-592858,2019,0.17487,0.8903,271
pitcher-592859,2019,2.1374,1.27188,22
pitcher-592865,2019,0.22415,1.28139,127
pitcher-592866,2019,-0.24061,0.7774,1112
pitcher-592879,2019,-0.6674,0.61734,726
pitcher-593140,2019,0.39694,0.94012,513
pitcher-593144,2019,-1.63537,0.84593,564
pitcher-593334,2019,0.65081,0.75917,1089
pitcher-593372,2019,-0.07822,0.78475,377
pitcher-593423,2019,0.42736,0.77163,708
pitcher-593576,2019,1.04479,0.78029,534
pitcher-593643,2019,0.12642,0.15542,12
pitcher-593679,2019,0.14664,0.79446,868
pitcher-593833,2019,-1.71302,0.95233,580
pitcher-593958,2019,0.69213,0.56717,1824
pitcher-593974,2019,-1.58577,1.12754,307
pitcher-594027,2019,-1.20896,0.6768,423
pitcher-594056,2019,-0.47695,1.27296,63
pitcher-594311,2019,-0.45178,1.21001,168
pitcher-594577,2019,-1.44449,1.23516,184
pitcher-594736,2019,0.23592,0.50754,89
pitcher-594795,2019,-1.11859,0.88994,95
pitcher-594798,2019,1.47791,0.59616,1450
pitcher-594835,2019,0.96048,0.55066,1618
pitcher-594840,2019,-0.65761,1.19602,346
pitcher-594902,2019,1.13115,0.87467,15
pitcher-594951,2019,0.00517,0.38561,17
pitcher-594965,2019,2.5578,1.11031,423
pitcher-594986,2019,1.90588,0.90896,570
pitcher-594987,2019,0.84035,0.79257,353
pitcher-595001,2019,0.42487,0.82665,309
pitcher-595014,2019,-0.80107,0.76192,488
pitcher-595191,2019,-0.5197,0.36596,510
pitcher-595465,2019,-2.18645,2.08979,168
pitcher-595798,2019,-2.43679,0.99493,134
pitcher-595881,2019,0.32447,0.66893,1031
pitcher-595897,2019,3.99003,2.16281,75
pitcher-595918,2019,2.19307,1.15865,216
pitcher-595928,2019,0.07141,0.17342,27
pitcher-595939,2019,-1.14885,0.99191,11
pitcher-596001,2019,0.44559,0.48838,1509
pitcher-596027,2019,-2.63245,0.98659,142
pitcher-596035,2019,-1.80994,1.02326,193
pitcher-596043,2019,0.87366,0.85854,573
pitcher-596057,2019,0.23279,0.62098,1164
pitcher-596071,2019,-0.04882,1.10271,630
pitcher-596074,2019,-0.47135,1.4179,114
pitcher-596101,2019,-0.30238,0.93933,356
pitcher-596112,2019,0.48046,0.89965,455
pitcher-596133,2019,1.40093,1.05045,531
pitcher-596451,2019,-0.53888,0.57092,37
pitcher-596720,2019,-1.72739,1.1307,105
pitcher-597113,2019,-0.78407,0.74032,238
pitcher-598264,2019,2.08749,0.87464,672
pitcher-598271,2019,0.66683,0.97943,416
pitcher-598286,2019,0.87378,0.85589,665
pitcher-598287,2019,0.68378,0.77868,591
pitcher-600858,2019,0.8154,0.62095,12
pitcher-600887,2019,-2.26674,1.05811,92
pitcher-600917,2019,0.85829,0.67152,672
pitcher-600968,2019,-1.64147,1.13493,103
pitcher-600986,2019,0.33886,1.65794,86
pitcher-601713,2019,-1.08181,0.68663,819
pitcher-602922,2019,-0.2564,0.26461,3
pitcher-605121,2019,-1.2987,1.03454,455
pitcher-605130,2019,-1.07728,1.02586,648
pitcher-605135,2019,-1.99988,0.62549,1228
pitcher-605143,2019,-0.91377,1.24325,129
pitcher-605151,2019,1.45178,0.83909,657
pitcher-605154,2019,-0.12137,0.98129,583
pitcher-605155,2019,0.76001,1.03962,541
pitcher-605156,2019,0.76452,0.67565,977
pitcher-605164,2019,-0.48279,0.5263,1342
pitcher-605170,2019,1.64894,0.98759,17
pitcher-605177,2019,0.3781,0.83636,394
pitcher-605182,2019,-0.15205,0.61772,1060
pitcher-605195,2019,-0.49862,0.89211,489
pitcher-605200,2019,2.09161,0.57984,1448
pitcher-605218,2019,-1.48355,0.64529,166
pitcher-605240,2019,-1.7673,0.69425,572
pitcher-605260,2019,0.02334,1.0066,269
pitcher-605276,2019,0.85016,0.77088,694
pitcher-605280,2019,-0.38821,1.00325,506
pitcher-605288,2019,0.38429,0.76496,960
pitcher-605301,2019,-2.60858,0.83342,102
pitcher-605309,2019,0.1126,0.83829,267
pitcher-605347,2019,0.45326,0.79464,1069
pitcher-605359,2019,0.47471,0.86525,425
pitcher-605361,2019,1.13118,0.91204,13
pitcher-605388,2019,-0.42076,1.2373,209
pitcher-605397,2019,-0.87277,0.76156,1223
pitcher-605400,2019,1.22627,0.61712,1784
pitcher-605441,2019,-0.61095,0.80724,99
pitcher-605446,2019,0.43111,0.78592,871
pitcher-605447,2019,-2.14593,0.92162,154
pitcher-605452,2019,-0.70232,0.82659,581
pitcher-605463,2019,-0.16826,0.9511,183
pitcher-605469,2019,-0.58672,0.70121,158
pitcher-605479,2019,-0.96698,1.12304,168
pitcher-605482,2019,-0.66434,0.73505,154
pitcher-605483,2019,-0.29784,0.61351,872
pitcher-605488,2019,-1.52588,0.69121,351
pitcher-605498,2019,-1.9781,0.95472,261
pitcher-605501,2019,0.71812,0.86556,294
pitcher-605513,2019,-0.95987,0.73656,1325
pitcher-605521,2019,-0.97901,0.60236,37
pitcher-605525,2019,0.78233,1.10119,238
pitcher-605538,2019,-1.28468,0.6395,425
pitcher-605540,2019,0.77543,0.89377,938
pitcher-605541,2019,-0.43871,0.92312,283
pitcher-606131,2019,2.35413,0.76749,516
pitcher-606149,2019,3.06575,0.84196,534
pitcher-606160,2019,1.01767,1.04878,237
pitcher-606162,2019,-0.20668,0.97012,238
pitcher-606167,2019,0.87342,0.92249,322
pitcher-606273,2019,-0.03093,0.94247,389
pitcher-606299,2019,-0.18572,0.13053,6
pitcher-606303,2019,-1.12906,0.64519,42
pitcher-606424,2019,-0.19142,1.08817,385
pitcher-606478,2019,0.13255,0.13646,9
pitcher-606625,2019,-0.0966,0.85894,566
pitcher-606930,2019,2.05558,0.85749,354
pitcher-606959,2019,0.93479,0.50711,91
pitcher-606965,2019,0.49806,0.6548,565
pitcher-607074,2019,0.343,0.58853,352
pitcher-607188,2019,0.24919,1.22228,212
pitcher-607192,2019,-0.63813,0.82345,487
pitcher-607200,2019,-1.30838,0.85301,701
pitcher-607215,2019,-1.86954,1.29398,190
pitcher-607219,2019,-1.24245,1.13139,140
pitcher-607223,2019,-0.17826,0.13925,6
pitcher-607229,2019,-0.26335,1.06497,535
pitcher-607231,2019,-1.02813,0.8517,521
pitcher-607237,2019,-0.51154,0.73799,480
pitcher-607352,2019,0.16361,0.76834,550
pitcher-607374,2019,0.71043,0.46721,143
pitcher-607391,2019,0.05017,0.67815,138
pitcher-607455,2019,-0.92921,0.61365,27
pitcher-607457,2019,-0.99324,0.92293,368
pitcher-607473,2019,0.85394,0.74236,120
pitcher-607481,2019,-1.11138,0.71731,526
pitcher-607536,2019,1.77386,0.75071,890
pitcher-607555,2019,-0.65159,1.15382,101
pitcher-607560,2019,0.40151,0.9025,410
pitcher-607572,2019,-0.9171,0.83635,172
pitcher-607625,2019,0.95277,0.84473,674
pitcher-607644,2019,1.59313,0.58464,1338
pitcher-607732,2019,0.03229,0.03416,2
pitcher-607755,2019,-0.18211,0.13892,7
pitcher-608032,2019,-0.78763,0.75329,601
pitcher-608328,2019,-0.7802,0.57334,25
pitcher-608331,2019,-0.83376,0.56564,1345
pitcher-608334,2019,1.11105,1.15178,267
pitcher-608337,2019,-0.59375,0.5249,1358
pitcher-608344,2019,0.83702,1.05557,299
pitcher-608371,2019,-0.61631,0.7564,384
pitcher-608379,2019,0.84091,0.62082,1099
pitcher-608566,2019,0.38357,0.57354,1237
pitcher-608596,2019,0.18853,0.19656,16
pitcher-608638,2019,1.90514,0.79018,146
pitcher-608648,2019,-0.43209,0.8792,462
pitcher-608652,2019,-2.00645,0.87869,117
pitcher-608678,2019,0.07121,0.90275,317
pitcher-608700,2019,1.10463,0.9585,8
pitcher-608716,2019,0.20778,1.04686,125
pitcher-608717,2019,0.48411,0.69057,616
pitcher-608718,2019,-1.2979,0.56981,106
pitcher-608723,2019,-1.47547,0.50391,339
pitcher-612434,2019,0.42456,0.79627,654
pitcher-612672,2019,0.62472,0.68891,539
pitcher-613317,2019,-2.19961,1.27337,138
pitcher-613534,2019,-1.34368,0.97204,285
pitcher-614179,2019,0.07521,0.72263,362
pitcher-615698,2019,-0.16168,0.65153,858
pitcher-620446,2019,0.71003,0.55934,15
pitcher-620454,2019,0.76386,0.59964,11
pitcher-620982,2019,-2.31324,1.70012,21
pitcher-621002,2019,0.26394,0.23418,2
pitcher-621052,2019,-1.40353,1.06769,40
pitcher-621056,2019,0.33495,1.10386,358
pitcher-621058,2019,1.53198,0.98103,43
pitcher-621078,2019,-0.30122,0.24389,22
pitcher-621086,2019,1.90251,0.92557,153
pitcher-621097,2019,-1.46328,0.7622,647
pitcher-621107,2019,1.21859,0.92472,1303
pitcher-621111,2019,-0.14725,0.72879,1352
pitcher-621112,2019,-1.46503,1.12079,114
pitcher-621114,2019,-0.10107,1.09455,188
pitcher-621141,2019,1.2064,1.19423,185
pitcher-621142,2019,-1.28973,0.65715,607
pitcher-621199,2019,1.82401,1.1165,291
pitcher-621219,2019,1.64509,0.71798,272
pitcher-621237,2019,-0.46312,0.8312,310
pitcher-621242,2019,-0.19693,0.72784,501
pitcher-621244,2019,0.11471,0.51226,1544
pitcher-621249,2019,0.20739,1.53903,101
pitcher-621261,2019,-0.08505,0.97804,79
pitcher-621289,2019,-2.08213,0.80453,47
pitcher-621294,2019,-0.73749,0.99048,61
pitcher-621295,2019,0.25565,0.76791,503
pitcher-621345,2019,0.29883,0.77695,287
pitcher-621350,2019,1.15992,0.6998,34
pitcher-621363,2019,0.40643,0.73354,385
pitcher-621366,2019,-0.82126,1.17469,89
pitcher-621368,2019,-1.82231,1.40674,25
pitcher-621381,2019,-0.3434,1.00272,856
pitcher-621385,2019,-0.22415,0.91253,274
pitcher-621389,2019,-1.03793,1.04342,263
pitcher-621397,2019,-1.19194,1.00062,290
pitcher-621592,2019,-0.16285,1.0561,95
pitcher-622065,2019,0.94774,0.89817,659
pitcher-622072,2019,-0.36247,1.24274,278
pitcher-622075,2019,-0.2307,1.11319,298
pitcher-622092,2019,-2.76213,0.92648,209
pitcher-622103,2019,-1.03317,0.92938,213
pitcher-622250,2019,1.83868,1.08836,85
pitcher-622251,2019,1.01642,0.76516,185
pitcher-622253,2019,-0.00957,1.23814,195
pitcher-622259,2019,0.39901,0.73661,454
pitcher-622446,2019,-2.59284,0.83403,396
pitcher-622491,2019,0.64237,0.58868,1557
pitcher-622492,2019,-0.15076,0.12405,12
pitcher-622505,2019,-0.04594,1.03941,320
pitcher-622554,2019,0.87412,1.36828,229
pitcher-622608,2019,-0.36,0.7617,1141
pitcher-622663,2019,1.29533,0.83349,112
pitcher-622694,2019,-0.31806,0.81164,714
pitcher-622766,2019,-0.52524,0.46556,56
pitcher-622772,2019,-2.82302,1.34248,246
pitcher-622774,2019,0.30701,0.21804,43
pitcher-622783,2019,-0.2273,0.20183,4
pitcher-622786,2019,-1.22737,1.06168,315
pitcher-622795,2019,0.65697,0.49047,65
pitcher-622797,2019,-2.59084,0.81443,226
pitcher-622864,2019,-0.56411,0.84018,148
pitcher-623149,2019,-0.47558,1.0693,170
pitcher-623167,2019,1.0288,1.5476,152
pitcher-623184,2019,1.17435,0.82866,437
pitcher-623352,2019,-1.1553,0.85394,460
pitcher-623354,2019,-0.27076,1.12396,87
pitcher-623364,2019,0.89345,0.9483,323
pitcher-623381,2019,0.70335,0.86028,633
pitcher-623402,2019,0.12523,1.54865,69
pitcher-623430,2019,-0.1191,0.56486,134
pitcher-623433,2019,-0.13823,0.83265,473
pitcher-623439,2019,-0.96608,0.51593,32
pitcher-623454,2019,-1.03312,0.49445,53
pitcher-623465,2019,0.36324,0.9382,292
pitcher-623470,2019,3.3213,1.06004,265
pitcher-623474,2019,0.67099,0.39447,39
pitcher-623913,2019,-0.58804,0.99508,271
pitcher-624133,2019,-0.48352,0.57948,389
pitcher-624586,2019,-0.35364,1.02888,62
pitcher-625643,2019,-0.68998,0.62012,1553
pitcher-626929,2019,-0.50755,0.96684,245
pitcher-628317,2019,0.19788,0.53974,1194
pitcher-628333,2019,-0.906,0.58064,140
pitcher-628452,2019,0.20564,0.80457,554
pitcher-628711,2019,-0.73099,0.58504,627
pitcher-630023,2019,-0.01157,0.63341,935
pitcher-630263,2019,0.85967,0.66774,21
pitcher-639373,2019,0.16624,0.99783,103
pitcher-640451,2019,1.76386,0.5769,68
pitcher-640455,2019,0.64316,0.75096,224
pitcher-640462,2019,-0.09058,1.15907,105
pitcher-640464,2019,0.96081,0.75465,191
pitcher-640470,2019,1.98387,1.80277,113
pitcher-641149,2019,0.2754,0.69094,321
pitcher-641154,2019,-0.95693,0.80759,868
pitcher-641302,2019,-0.35379,1.18174,427
pitcher-641312,2019,-0.6918,0.68649,781
pitcher-641341,2019,-1.79024,1.15024,205
pitcher-641438,2019,1.9226,0.98666,80
pitcher-641482,2019,0.33658,0.83596,683
pitcher-641525,2019,1.98164,1.17088,14
pitcher-641541,2019,-1.178,0.81501,354
pitcher-641571,2019,-0.16669,0.84654,244
pitcher-641627,2019,2.80458,1.07664,461
pitcher-641712,2019,-1.20204,0.59241,1495
pitcher-641729,2019,-1.23679,0.84799,510
pitcher-641743,2019,-1.16013,1.03694,119
pitcher-641745,2019,-1.04685,0.59305,1347
pitcher-641755,2019,1.04678,1.01894,430
pitcher-641778,2019,-1.6321,0.77383,1257
pitcher-641793,2019,-1.31195,1.40792,251
pitcher-641816,2019,1.28443,0.60416,1114
pitcher-641835,2019,-0.59323,0.77593,442
pitcher-641838,2019,0.01478,0.93685,404
pitcher-641851,2019,-1.36178,0.89715,155
pitcher-641853,2019,-0.56018,1.12152,273
pitcher-641871,2019,-0.23332,1.03694,72
pitcher-641941,2019,-0.28984,0.72775,463
pitcher-642003,2019,-0.78796,0.57666,32
pitcher-642008,2019,-1.2638,1.1654,64
pitcher-642028,2019,0.65971,0.89716,139
pitcher-642067,2019,1.37654,1.28214,236
pitcher-642073,2019,1.75606,1.12441,172
pitcher-642083,2019,-0.41075,0.3458,14
pitcher-642098,2019,0.94919,0.87358,1114
pitcher-642100,2019,1.18424,1.6598,84
pitcher-642121,2019,-0.12383,1.14583,67
pitcher-642152,2019,-0.7038,0.9309,464
pitcher-642207,2019,-0.04851,0.68712,125
pitcher-642226,2019,-3.90221,1.8513,50
pitcher-642231,2019,-0.24927,1.02793,431
pitcher-642232,2019,0.08741,0.63482,1005
pitcher-642233,2019,2.28997,1.44686,92
pitcher-642397,2019,-2.71558,0.7736,566
pitcher-642528,2019,-2.08078,1.07483,310
pitcher-642545,2019,-0.73421,0.56724,803
pitcher-642546,2019,1.44264,0.91678,193
pitcher-642547,2019,-2.23997,0.6776,782
pitcher-642558,2019,0.18748,1.05472,1047
pitcher-642578,2019,0.311,1.20662,163
pitcher-642607,2019,-0.93424,0.81077,589
pitcher-642701,2019,0.42886,0.28684,50
pitcher-642770,2019,-2.31272,0.98035,67
pitcher-642840,2019,0.60798,0.78155,198
pitcher-643230,2019,-0.3516,0.76944,1034
pitcher-643256,2019,-0.44535,1.06892,386
pitcher-643290,2019,0.881,0.78963,89
pitcher-643316,2019,0.22259,0.73834,588
pitcher-643327,2019,-1.1402,0.78607,781
pitcher-643338,2019,-0.70716,0.69652,630
pitcher-643354,2019,-0.2605,0.93644,56
pitcher-643466,2019,-0.15868,0.46704,105
pitcher-643478,2019,0.4096,2.11238,175
pitcher-643493,2019,1.36256,0.72774,362
pitcher-643511,2019,-1.38182,1.27021,125
pitcher-643603,2019,0.2178,0.40169,61
pitcher-643615,2019,1.58569,1.00594,217
pitcher-643617,2019,1.08587,0.88456,283
pitcher-643778,2019,-2.26593,0.96982,452
pitcher-644364,2019,-1.20794,0.82603,30
pitcher-645261,2019,-0.37557,0.66653,1496
pitcher-645801,2019,4.45854,3.2655,23
pitcher-647336,2019,-0.09265,0.76264,1260
pitcher-650382,2019,-1.44948,0.64986,391
pitcher-650530,2019,-0.51626,1.29311,63
pitcher-650556,2019,0.09682,0.46081,81
pitcher-650633,2019,-1.76218,1.28846,22
pitcher-650644,2019,0.62474,0.99782,464
pitcher-650671,2019,-1.60058,1.00505,345
pitcher-650738,2019,-0.81734,0.59311,16
pitcher-650813,2019,0.08759,0.94768,50
pitcher-650893,2019,0.73776,1.51641,190
pitcher-650895,2019,-0.45183,0.60767,578
pitcher-656186,2019,-1.04388,0.94773,123
pitcher-656222,2019,-0.27251,0.53922,891
pitcher-656257,2019,-0.74204,0.97749,337
pitcher-656271,2019,-0.53265,0.83401,255
pitcher-656288,2019,1.38028,0.82968,793
pitcher-656302,2019,1.65263,0.78749,721
pitcher-656322,2019,-2.81107,0.79766,232
pitcher-656354,2019,-1.21435,0.91595,206
pitcher-656427,2019,0.60979,0.45351,1580
pitcher-656464,2019,-1.08555,0.84457,192
pitcher-656546,2019,-1.46369,0.63797,627
pitcher-656547,2019,-0.85641,0.87433,334
pitcher-656605,2019,0.62353,0.88803,330
pitcher-656685,2019,-0.88499,0.70636,449
pitcher-656686,2019,-1.04576,0.71494,221
pitcher-656713,2019,0.62616,0.71055,438
pitcher-656725,2019,-0.52851,1.07469,255
pitcher-656756,2019,-1.94772,1.31605,37
pitcher-656794,2019,-1.20048,0.72679,611
pitcher-656803,2019,-2.29218,0.88829,107
pitcher-656814,2019,0.1878,0.19479,47
pitcher-656887,2019,-0.55821,0.88978,299
pitcher-656945,2019,-0.53291,0.97627,220
pitcher-656954,2019,0.25333,0.70525,334
pitcher-656970,2019,-1.40447,1.23882,353
pitcher-656977,2019,-0.62707,0.91995,276
pitcher-657024,2019,-0.4332,1.1434,486
pitcher-657031,2019,0.08161,0.63615,397
pitcher-657053,2019,0.44414,0.82994,423
pitcher-657097,2019,-0.19715,0.70007,255
pitcher-657117,2019,-0.19935,0.19752,12
pitcher-657140,2019,0.10009,0.9934,193
pitcher-657141,2019,-0.67604,0.75397,728
pitcher-657228,2019,0.9143,0.93575,196
pitcher-657277,2019,1.01503,0.55931,368
pitcher-657566,2019,-0.10108,0.79116,164
pitcher-657571,2019,0.42931,0.91219,408
pitcher-657585,2019,-0.01695,0.64284,172
pitcher-657610,2019,0.61697,0.82091,165
pitcher-657612,2019,-0.86684,1.04317,323
pitcher-657624,2019,-0.63652,1.02274,587
pitcher-657766,2019,-0.02834,0.71649,76
pitcher-658305,2019,0.63249,1.03063,360
pitcher-658551,2019,0.26249,1.01516,111
pitcher-658648,2019,-1.91701,1.21539,44
pitcher-658791,2019,0.48002,0.74359,55
pitcher-658792,2019,0.84889,0.87473,179
pitcher-659275,2019,0.25275,0.49184,625
pitcher-660494,2019,-1.11159,0.47111,171
pitcher-660546,2019,-0.27831,0.24197,19
pitcher-660623,2019,1.6724,0.95153,32
pitcher-660761,2019,-0.6329,0.84529,736
pitcher-660813,2019,0.20641,0.77741,67
pitcher-660853,2019,-0.93992,1.44006,89
pitcher-660896,2019,0.19124,0.20737,14
pitcher-661255,2019,-0.87337,0.8555,435
pitcher-661403,2019,-2.57324,1.40857,174
pitcher-662253,2019,-1.08306,1.06107,202
pitcher-663423,2019,-0.74023,0.50243,1459
pitcher-663432,2019,-1.0363,0.91377,453
pitcher-663465,2019,-1.41223,1.10646,432
pitcher-663531,2019,0.66047,1.15711,215
pitcher-663567,2019,-0.24172,0.71078,797
pitcher-663776,2019,-1.64691,0.73331,376
pitcher-663855,2019,-1.65808,0.87011,248
pitcher-663978,2019,-1.01644,0.8077,1045
pitcher-663992,2019,0.88419,1.21996,197
pitcher-664034,2019,1.24284,1.02902,16
pitcher-664042,2019,0.38857,1.24123,210
pitcher-664045,2019,-0.58459,1.17917,312
pitcher-664054,2019,0.04073,0.93244,153
pitcher-664062,2019,0.03304,0.61356,345
pitcher-664092,2019,-1.04011,0.36061,80
pitcher-664126,2019,-1.24327,0.84376,188
pitcher-664129,2019,-3.01847,1.42064,310
pitcher-664139,2019,-1.11079,1.26779,141
pitcher-664157,2019,2.37161,0.94278,208
pitcher-664180,2019,0.82874,1.12622,290
pitcher-664192,2019,0.86777,0.60615,1327
pitcher-664196,2019,0.66718,0.69305,214
pitcher-664199,2019,-0.3104,0.68747,720
pitcher-664208,2019,-1.88644,0.67834,285
pitcher-664238,2019,0.63689,0.45947,17
pitcher-664285,2019,-3.1565,0.64715,612
pitcher-664353,2019,-0.44492,1.01359,365
pitcher-664854,2019,-0.45109,1.06016,255
pitcher-664856,2019,1.52461,0.86466,266
pitcher-664871,2019,1.96019,0.62755,234
pitcher-664918,2019,0.10794,0.72948,98
pitcher-665001,2019,-2.14955,1.2389,92
pitcher-665093,2019,1.62719,1.00145,160
pitcher-665120,2019,-2.05015,0.82825,54
pitcher-666200,2019,-0.3584,1.08487,96
pitcher-667498,2019,0.07424,1.55336,289
pitcher-668665,2019,2.04796,1.20732,75
pitcher-668676,2019,0.5663,0.67583,952
pitcher-668678,2019,-0.66398,0.78827,711
pitcher-668683,2019,-1.24013,1.56352,87
pitcher-669060,2019,0.24597,1.10951,184
pitcher-669160,2019,-1.42522,0.69106,292
pitcher-669203,2019,-2.38925,0.96521,426
pitcher-669214,2019,-1.0381,0.59983,177
pitcher-669270,2019,-1.3545,0.48437,79
pitcher-669456,2019,1.69735,0.65508,1581
pitcher-670036,2019,0.52644,0.94519,200
pitcher-670167,2019,2.27528,1.20271,133
pitcher-670280,2019,-0.31805,1.28167,99
pitcher-670329,2019,0.52549,0.73594,56
pitcher-670426,2019,0.73869,0.92356,66
pitcher-670456,2019,0.65972,0.55883,182
pitcher-670712,2019,1.29969,1.38269,36
pitcher-670950,2019,-0.56803,0.60391,1107
pitcher-670970,2019,-0.12335,0.85117,74
pitcher-671790,2019,-2.41801,0.90141,194
pitcher-672335,2019,0.84627,1.42809,84
pitcher-672773,2019,1.0405,0.95782,297
pitcher-673258,2019,1.012,1.24417,256
pitcher-673633,2019,1.15962,0.86164,421
pitcher-675916,2019,1.06285,0.67697,41
pitcher-676606,2019,-1.44502,0.86066,483
pitcher-677976,2019,-0.19539,1.01509,187
umpire-427013,2020,0.40952,0.76263,1485
umpire-427019,2020,0.1641,0.86629,1976
umpire-427044,2020,0.52851,0.72994,1646
umpire-427053,2020,-1.30178,0.46801,1558
umpire-427113,2020,0.04622,0.73132,1799
umpire-427128,2020,0.84747,0.61827,2085
umpire-427139,2020,3.19242,0.68222,2168
umpire-427164,2020,-0.00838,0.60172,1760
umpire-427168,2020,0.89502,0.42259,1476
umpire-427197,2020,-1.06604,0.63794,1905
umpire-427220,2020,0.58409,0.50112,1873
umpire-427224,2020,2.33207,0.47725,1794
umpire-427243,2020,-0.17445,0.56709,2287
umpire-427248,2020,0.55643,0.7195,1689
umpire-427286,2020,-0.51669,0.64583,1905
umpire-427292,2020,1.75381,0.46124,1744
umpire-427315,2020,-2.55604,0.4231,2196
umpire-427339,2020,0.19336,0.65297,1965
umpire-427344,2020,2.02066,0.4581,2278
umpire-427361,2020,1.74993,0.55828,1295
umpire-427362,2020,-0.73065,0.41435,1390
umpire-427424,2020,-0.73263,0.60913,1767
umpire-427509,2020,-1.2273,0.67934,1495
umpire-427520,2020,1.16083,1.04891,1192
umpire-427533,2020,-1.27309,1.03268,1526
umpire-427534,2020,-0.12522,0.55498,1452
umpire-427537,2020,0.55358,0.61062,1215
umpire-427538,2020,-0.92372,1.08457,1423
umpire-427554,2020,1.9219,0.79684,337
umpire-428442,2020,-0.26861,0.58261,1779
umpire-429805,2020,-1.12555,0.57784,1522
umpire-431232,2020,0.27019,0.74166,1687
umpire-482620,2020,-0.0464,0.84411,1739
umpire-482631,2020,-0.9528,0.54339,1590
umpire-482641,2020,-0.32132,0.4531,2180
umpire-482663,2020,1.04291,0.75085,1591
umpire-482666,2020,-0.98896,0.4951,1912
umpire-483561,2020,3.12851,0.6036,2004
umpire-483564,2020,0.8234,0.5394,1692
umpire-483569,2020,1.9404,0.65351,1409
umpire-483630,2020,-0.42921,0.3902,1634
umpire-483912,2020,2.12783,0.4063,2089
umpire-483919,2020,-0.0564,0.57121,2021
umpire-484183,2020,-0.72088,0.42398,2010
umpire-484198,2020,-0.15961,0.75791,1389
umpire-484499,2020,0.17625,0.93426,1518
umpire-486200,2020,-1.06727,0.76788,439
umpire-489985,2020,0.43061,0.36794,1562
umpire-490319,2020,-0.99913,0.52535,1861
umpire-503077,2020,3.10762,0.73648,2006
umpire-503490,2020,-0.53147,0.57932,1615
umpire-503493,2020,0.20648,0.41576,1730
umpire-503502,2020,0.14299,0.50364,1893
umpire-503586,2020,1.42661,0.51507,1783
umpire-504381,2020,0.25277,0.43981,2068
umpire-511890,2020,1.45622,0.64622,1702
umpire-521051,2020,3.0524,0.43535,1596
umpire-521251,2020,-0.52546,0.48853,1661
umpire-521889,2020,0.81604,0.60156,1876
umpire-524988,2020,-0.60964,0.64569,1425
umpire-544728,2020,1.06862,0.833,1570
umpire-545402,2020,-1.51916,0.63658,758
umpire-547380,2020,-1.43307,0.52793,1882
umpire-554242,2020,-1.5858,0.64232,2427
umpire-573596,2020,-2.1329,0.55246,1579
umpire-573597,2020,1.20686,0.58058,1844
umpire-573769,2020,0.84823,0.77629,345
umpire-575629,2020,0.0528,0.59416,1071
umpire-577468,2020,-1.16234,1.03596,1012
umpire-594151,2020,-0.49931,0.5683,1897
umpire-596740,2020,-0.77971,0.8767,1587
umpire-596805,2020,-1.89879,0.48518,1925
umpire-596809,2020,-0.40947,0.66537,1509
umpire-598411,2020,-1.11791,0.72919,472
umpire-605670,2020,-1.17528,0.66992,334
umpire-605672,2020,-0.58171,0.45037,1964
umpire-605673,2020,0.57814,0.97541,910
umpire-605674,2020,-1.01122,1.00898,272
umpire-607884,2020,-0.46888,0.62378,745
umpire-607886,2020,-0.34244,0.37385,176
umpire-608093,2020,-1.57873,0.60252,664
umpire-608158,2020,-1.40175,0.54225,481
umpire-622329,2020,2.16253,1.30705,961
umpire-623938,2020,-0.75921,0.68678,979
umpire-623946,2020,-2.56882,0.65409,706
umpire-623949,2020,0.595,0.54258,451
umpire-639723,2020,-0.71687,0.81877,1195
umpire-644661,2020,0.473,0.68083,732
umpire-644760,2020,-1.73905,0.79712,682
umpire-664265,2020,-1.97504,1.07352,1448
catcher-425772,2020,0.13216,0.63503,1606
catcher-425784,2020,-1.02376,0.63516,57
catcher-425877,2020,0.24624,0.43202,2894
catcher-435559,2020,-1.12651,0.64182,2221
catcher-444489,2020,1.75221,0.76352,928
catcher-446308,2020,-0.5502,0.47281,887
catcher-452095,2020,0.65659,0.68732,1522
catcher-455117,2020,-0.8249,0.49494,3480
catcher-455139,2020,-1.15054,0.44594,1914
catcher-456124,2020,0.17537,0.70535,593
catcher-460077,2020,-0.23847,0.60781,1032
catcher-465041,2020,-0.38839,0.91858,1075
catcher-467092,2020,-0.4012,0.52612,2856
catcher-488671,2020,-1.18347,0.583,1219
catcher-488771,2020,0.75575,0.63426,1724
catcher-506702,2020,1.27644,0.52767,1562
catcher-518595,2020,0.79863,0.47424,2659
catcher-518735,2020,1.78752,0.42222,2547
catcher-518960,2020,0.44479,0.28775,17
catcher-519222,2020,-0.20152,0.49723,2825
catcher-519390,2020,0.805,0.51231,1517
catcher-521692,2020,0.62108,0.52365,2436
catcher-542963,2020,-2.38029,1.48755,76
catcher-543228,2020,-0.76295,0.74264,2099
catcher-543309,2020,2.49059,0.59633,856
catcher-543376,2020,-0.26012,0.85183,225
catcher-543432,2020,-1.42171,1.55782,240
catcher-543510,2020,1.87431,0.41754,2015
catcher-543592,2020,0.47016,0.48849,3082
catcher-543877,2020,1.21051,0.49033,3288
catcher-545358,2020,0.6393,0.56314,2012
catcher-547172,2020,-0.95172,0.58538,2328
catcher-547379,2020,1.09136,0.59732,1961
catcher-553869,2020,0.34451,0.81316,1083
catcher-553882,2020,1.52329,0.4535,2514
catcher-553902,2020,0.96791,0.56023,298
catcher-571466,2020,1.44766,0.40353,2487
catcher-571974,2020,0.62642,0.63342,1429
catcher-572033,2020,0.06227,0.83825,148
catcher-572180,2020,-0.49899,0.4035,70
catcher-572287,2020,-0.70927,0.72907,1731
catcher-572863,2020,-0.32023,0.72711,1046
catcher-575929,2020,0.80197,0.5247,2749
catcher-591712,2020,-0.86671,1.12825,98
catcher-592200,2020,0.77374,0.50913,1860
catcher-592407,2020,0.08496,0.86329,520
catcher-592663,2020,0.66,0.4401,2518
catcher-593993,2020,-0.4314,0.38162,106
catcher-595284,2020,-1.21282,0.53592,1504
catcher-595453,2020,0.19322,0.80888,979
catcher-595751,2020,-1.78196,0.61286,1799
catcher-595956,2020,0.43801,0.46664,1384
catcher-595978,2020,0.64755,0.58801,1824
catcher-596117,2020,0.89855,0.67309,197
catcher-596142,2020,0.2907,0.44574,2722
catcher-600474,2020,-0.45444,0.4985,2393
catcher-605131,2020,1.88064,0.67829,1843
catcher-605170,2020,1.29007,0.5944,1458
catcher-605421,2020,-0.41963,0.52255,1737
catcher-606988,2020,-0.69042,0.74274,1241
catcher-606992,2020,0.60311,0.61405,339
catcher-607333,2020,1.00075,1.06054,502
catcher-607345,2020,-2.19626,0.87798,649
catcher-607732,2020,1.17945,0.36378,3214
catcher-608348,2020,1.09529,0.48487,2576
catcher-608700,2020,-2.04963,0.61857,1492
catcher-620443,2020,-1.27623,0.61746,1475
catcher-620453,2020,-0.08053,0.34511,54
catcher-621512,2020,1.96653,0.91171,537
catcher-621529,2020,-1.93336,0.85285,520
catcher-621532,2020,1.05662,0.67057,1249
catcher-623168,2020,-1.28593,0.6963,1045
catcher-624407,2020,0.15344,0.11171,9
catcher-624431,2020,0.99934,0.57987,1366
catcher-624512,2020,-0.33103,0.64201,910
catcher-640459,2020,-0.83093,1.29517,157
catcher-641470,2020,-1.52437,1.00545,67
catcher-641598,2020,-0.18001,0.43379,1422
catcher-641680,2020,0.15162,0.56874,689
catcher-641924,2020,0.88792,0.80565,1197
catcher-641929,2020,-0.91981,0.64987,1099
catcher-642082,2020,-1.95786,0.71888,1585
catcher-642336,2020,-1.1778,0.87891,796
catcher-643376,2020,-0.41669,0.5094,3189
catcher-644433,2020,0.46891,0.53762,1431
catcher-645305,2020,0.038,0.77933,272
catcher-650619,2020,-0.16298,0.57227,746
catcher-656577,2020,0.10573,1.51812,155
catcher-660688,2020,-0.98487,1.65116,160
catcher-661388,2020,0.63426,0.58996,208
catcher-662139,2020,0.6389,0.91347,543
catcher-663698,2020,0.02198,0.49887,2095
catcher-663886,2020,-0.69789,0.75947,180
catcher-664119,2020,0.77459,0.60456,670
catcher-665561,2020,-0.40579,0.43794,228
catcher-668800,2020,-0.79863,0.9882,368
catcher-669087,2020,-1.79971,0.85825,723
catcher-669221,2020,0.41877,0.5512,2837
catcher-669257,2020,-0.38264,0.57714,2112
catcher-672386,2020,-1.44597,0.63344,514
catcher-680777,2020,0.73517,0.56415,1371
pitcher-424144,2020,0.40665,1.1047,149
pitcher-425794,2020,1.5027,0.86249,478
pitcher-425844,2020,1.51477,1.06175,597
pitcher-430935,2020,-0.46553,0.48256,25
pitcher-433589,2020,1.44552,0.99753,141
pitcher-434378,2020,1.13206,0.81544,36
pitcher-434671,2020,-0.6693,0.83563,478
pitcher-435522,2020,0.37569,0.33354,9
pitcher-444468,2020,-2.73251,1.17201,199
pitcher-445213,2020,2.61304,1.06067,183
pitcher-445276,2020,-0.93345,0.82014,200
pitcher-445926,2020,0.55227,1.17918,176
pitcher-446321,2020,-1.25663,0.91913,151
pitcher-446372,2020,-0.08191,0.0953,10
pitcher-448179,2020,-1.81638,0.67295,350
pitcher-448281,2020,2.03495,1.11425,50
pitcher-448855,2020,-0.89659,0.70886,183
pitcher-450172,2020,-0.58622,0.46713,64
pitcher-450203,2020,-2.10118,1.23214,304
pitcher-451584,2020,-0.39399,0.86967,65
pitcher-452657,2020,1.71321,0.78764,528
pitcher-453172,2020,-2.01612,1.62159,209
pitcher-453178,2020,0.36919,0.59098,119
pitcher-453192,2020,1.18577,0.82935,114
pitcher-453265,2020,0.25799,0.71258,140
pitcher-453268,2020,-0.12955,1.16734,200
pitcher-453281,2020,-1.65127,1.63184,191
pitcher-453284,2020,1.06496,0.99693,162
pitcher-453286,2020,1.51079,0.87292,576
pitcher-453343,2020,2.34288,1.14758,154
pitcher-453562,2020,-0.19062,1.10543,401
pitcher-453943,2020,0.94348,0.81188,8
pitcher-455119,2020,0.20576,1.26448,131
pitcher-456124,2020,0.25702,0.34718,18
pitcher-456501,2020,0.89507,0.70977,581
pitcher-456701,2020,-1.96282,0.89219,65
pitcher-457915,2020,1.43374,1.2565,141
pitcher-457918,2020,1.12913,0.87426,393
pitcher-458676,2020,-0.44862,0.86394,423
pitcher-458677,2020,0.75128,1.00615,171
pitcher-458681,2020,-0.65687,1.11119,682
pitcher-458708,2020,-0.40371,1.30364,278
pitcher-459429,2020,-1.6535,1.19846,135
pitcher-460077,2020,1.37505,1.1124,13
pitcher-461325,2020,1.66956,1.16771,212
pitcher-461829,2020,1.77889,0.88759,340
pitcher-465657,2020,-0.08307,0.73343,191
pitcher-467008,2020,0.04031,1.06648,35
pitcher-467100,2020,0.92049,1.50159,139
pitcher-468504,2020,0.67578,0.56442,53
pitcher-471911,2020,-0.94716,1.01025,530
pitcher-472610,2020,-2.59179,0.69954,103
pitcher-474463,2020,-1.20412,0.49521,385
pitcher-475054,2020,-0.31731,0.79221,86
pitcher-475479,2020,1.02729,1.07949,194
pitcher-476454,2020,-3.49111,1.21026,154
pitcher-476594,2020,0.0505,1.10727,141
pitcher-477132,2020,0.93234,0.99627,418
pitcher-488748,2020,0.2296,1.14958,63
pitcher-488984,2020,0.25998,0.83782,214
pitcher-489119,2020,1.03119,0.60855,149
pitcher-489265,2020,2.98154,0.8215,190
pitcher-489334,2020,-0.61289,0.94707,194
pitcher-489446,2020,1.69703,0.83111,53
pitcher-491624,2020,-1.9263,0.98083,99
pitcher-493603,2020,0.08721,1.03567,196
pitcher-500610,2020,1.58413,0.92375,58
pitcher-500779,2020,0.69295,1.44862,98
pitcher-501303,2020,-0.8187,0.75049,7
pitcher-501381,2020,-2.48733,0.79277,198
pitcher-501593,2020,2.24239,0.91616,93
pitcher-501625,2020,0.05707,0.34145,64
pitcher-501789,2020,-0.96578,1.18436,159
pitcher-501985,2020,1.07824,0.58866,515
pitcher-502026,2020,0.38528,0.75175,200
pitcher-502043,2020,1.1089,0.82966,616
pitcher-502154,2020,-0.5092,1.44348,147
pitcher-502171,2020,0.17895,1.01478,425
pitcher-502179,2020,0.20994,0.46097,53
pitcher-502188,2020,0.34818,0.59279,158
pitcher-502202,2020,-1.56539,1.02805,189
pitcher-502239,2020,0.93165,1.42357,248
pitcher-502578,2020,-0.63749,0.48953,20
pitcher-502624,2020,-1.16028,0.6769,338
pitcher-502706,2020,0.10166,0.72283,391
pitcher-502748,2020,0.16701,1.12706,34
pitcher-503285,2020,1.36745,0.89529,138
pitcher-503569,2020,0.72937,1.28714,217
pitcher-504379,2020,-0.40163,0.72045,25
pitcher-506433,2020,-1.93792,0.85114,561
pitcher-516969,2020,-0.42413,0.32109,21
pitcher-517008,2020,-1.4569,0.72567,155
pitcher-518397,2020,-0.99025,0.76886,101
pitcher-518489,2020,-1.58725,0.94788,186
pitcher-518516,2020,2.08683,1.26409,343
pitcher-518553,2020,0.67686,0.58073,214
pitcher-518586,2020,-0.03333,0.02452,1
pitcher-518617,2020,1.81038,1.05249,190
pitcher-518633,2020,-1.01654,0.91945,481
pitcher-518649,2020,-2.58164,1.15232,36
pitcher-518693,2020,-1.48818,1.26493,56
pitcher-518715,2020,-0.62964,0.4687,17
pitcher-518748,2020,0.94702,1.07738,68
pitcher-518774,2020,1.07186,0.50861,138
pitcher-518813,2020,-0.54253,0.93003,229
pitcher-518858,2020,1.39086,0.8437,153
pitcher-518876,2020,-0.74,0.80407,251
pitcher-518886,2020,1.00713,1.09351,175
pitcher-519008,2020,1.56692,0.99616,174
pitcher-519141,2020,2.14106,1.12857,170
pitcher-519144,2020,2.02022,1.07412,494
pitcher-519151,2020,1.91496,1.0439,156
pitcher-519293,2020,0.12788,0.69916,125
pitcher-519326,2020,-1.04101,0.67843,26
pitcher-519381,2020,-0.56716,0.76973,30
pitcher-519393,2020,-0.42,0.73288,133
pitcher-519443,2020,0.65786,0.77141,210
pitcher-519455,2020,-1.23431,1.62464,52
pitcher-520980,2020,0.01003,0.9811,153
pitcher-521230,2020,-0.29876,1.15805,153
pitcher-521655,2020,-0.643,0.96579,182
pitcher-523253,2020,0.76064,0.54343,11
pitcher-523260,2020,-0.68607,0.74176,96
pitcher-527048,2020,0.81901,0.87402,565
pitcher-527054,2020,-0.37975,1.15211,300
pitcher-528748,2020,-1.88269,0.95338,107
pitcher-532077,2020,-0.51891,0.57963,27
pitcher-533167,2020,-0.46027,1.00057,223
pitcher-534910,2020,-0.04593,0.86249,162
pitcher-541640,2020,1.39895,0.89496,100
pitcher-542585,2020,0.42894,0.79245,248
pitcher-542881,2020,1.63868,1.15801,489
pitcher-542882,2020,-0.37384,1.15023,249
pitcher-542888,2020,-0.97174,0.7048,112
pitcher-542914,2020,3.46505,1.12215,202
pitcher-542947,2020,0.05265,1.13753,104
pitcher-542960,2020,-0.97536,1.41651,130
pitcher-543022,2020,1.4375,1.25312,165
pitcher-543037,2020,-0.09196,0.68641,583
pitcher-543056,2020,-0.81666,0.91775,25
pitcher-543101,2020,-1.66412,1.37627,314
pitcher-543118,2020,-2.49441,1.0638,86
pitcher-543135,2020,1.05188,1.43552,334
pitcher-543208,2020,-0.82749,0.88895,45
pitcher-543219,2020,0.5613,1.57128,62
pitcher-543243,2020,1.28811,1.17303,537
pitcher-543272,2020,-0.75069,1.201,193
pitcher-543294,2020,-0.6486,0.90148,561
pitcher-543339,2020,-1.24106,1.10552,165
pitcher-543475,2020,0.44275,0.69422,519
pitcher-543483,2020,3.52028,1.10142,96
pitcher-543507,2020,-0.16489,0.83906,211
pitcher-543548,2020,2.7616,0.7043,333
pitcher-543557,2020,1.77102,0.76494,49
pitcher-543606,2020,1.37618,0.81792,141
pitcher-543699,2020,-0.55081,0.62641,470
pitcher-543734,2020,-0.55099,0.39363,33
pitcher-543766,2020,0.00026,1.09793,80
pitcher-543867,2020,-0.53424,0.8194,197
pitcher-543883,2020,-1.02641,1.04597,159
pitcher-543901,2020,0.65989,0.80853,370
pitcher-544727,2020,-0.1666,0.88558,251
pitcher-544928,2020,0.07995,0.11873,14
pitcher-544931,2020,2.06372,1.3205,45
pitcher-545064,2020,-1.52723,0.60468,172
pitcher-545333,2020,1.79985,0.91686,597
pitcher-547179,2020,-0.85051,0.82883,292
pitcher-547888,2020,0.44095,1.29856,354
pitcher-547942,2020,0.96593,0.7323,323
pitcher-547943,2020,-0.70439,0.59362,555
pitcher-547973,2020,2.35015,1.19414,95
pitcher-548384,2020,0.31661,1.25061,159
pitcher-548389,2020,-0.46791,1.0599,447
pitcher-552640,2020,-0.71093,0.88134,51
pitcher-554340,2020,0.0672,1.00566,124
pitcher-554430,2020,-1.08801,0.58643,490
pitcher-554431,2020,2.04184,1.19053,221
pitcher-570240,2020,-1.28173,0.59919,250
pitcher-570257,2020,-0.68514,1.33319,132
pitcher-570488,2020,-0.10414,0.70751,298
pitcher-570560,2020,0.23103,0.22199,6
pitcher-570632,2020,-0.10487,0.48723,196
pitcher-570663,2020,-0.32068,1.01386,161
pitcher-570666,2020,0.51203,0.78049,158
pitcher-571510,2020,-1.1986,1.03775,538
pitcher-571521,2020,0.01551,0.29856,39
pitcher-571578,2020,-0.67218,0.8634,475
pitcher-571602,2020,1.09155,0.54875,18
pitcher-571616,2020,-0.3685,0.31739,4
pitcher-571656,2020,0.74299,0.78193,167
pitcher-571666,2020,-0.6008,1.37514,485
pitcher-571670,2020,4.23794,1.18244,192
pitcher-571676,2020,-0.90624,0.4922,30
pitcher-571704,2020,1.40339,1.11156,32
pitcher-571710,2020,-0.51995,1.01048,203
pitcher-571735,2020,-2.17192,0.95779,137
pitcher-571760,2020,-3.14501,0.86595,506
pitcher-571788,2020,0.37155,0.47328,11
pitcher-571858,2020,-0.20518,0.52475,33
pitcher-571901,2020,0.57459,1.13179,166
pitcher-571927,2020,1.51238,0.96719,322
pitcher-571948,2020,1.07361,1.30531,143
pitcher-571974,2020,-0.05767,0.06691,3
pitcher-572020,2020,0.04466,0.58074,160
pitcher-572021,2020,-1.51214,1.02201,69
pitcher-572070,2020,0.8719,0.9009,387
pitcher-572096,2020,0.02458,1.00064,190
pitcher-572125,2020,1.36166,0.86436,204
pitcher-572143,2020,-0.70317,0.80733,72
pitcher-572193,2020,-0.16772,0.77011,188
pitcher-572362,2020,-0.08211,0.61158,242
pitcher-572383,2020,0.09277,0.90548,68
pitcher-572703,2020,1.70599,0.62948,41
pitcher-572888,2020,0.94491,0.98139,229
pitcher-572955,2020,-0.00343,1.06029,171
pitcher-572971,2020,1.87789,0.91877,496
pitcher-573009,2020,-0.38858,0.57624,32
pitcher-573046,2020,-1.3115,0.78294,22
pitcher-573109,2020,-1.46904,0.79476,34
pitcher-573124,2020,-0.00873,1.32779,174
pitcher-573204,2020,-0.48116,1.05673,170
pitcher-576397,2020,-0.09138,0.09805,7
pitcher-579328,2020,-2.89006,1.01901,401
pitcher-580792,2020,0.54257,1.33618,122
pitcher-592094,2020,-1.08181,0.74196,135
pitcher-592135,2020,2.26763,0.99002,131
pitcher-592145,2020,0.09588,0.09231,11
pitcher-592165,2020,1.42295,1.50613,60
pitcher-592169,2020,-0.53526,0.63915,197
pitcher-592222,2020,0.94161,1.2345,174
pitcher-592229,2020,-0.28114,0.49873,103
pitcher-592233,2020,0.99634,1.11578,213
pitcher-592254,2020,-0.94988,1.25618,84
pitcher-592314,2020,-1.35638,1.04935,41
pitcher-592332,2020,0.61379,0.74048,448
pitcher-592346,2020,-0.72137,0.74451,184
pitcher-592351,2020,0.64596,0.87698,324
pitcher-592390,2020,0.22668,0.73067,172
pitcher-592407,2020,0.32348,0.34654,4
pitcher-592426,2020,0.27172,1.26897,220
pitcher-592454,2020,1.25751,1.09328,11
pitcher-592464,2020,-0.53167,0.87953,119
pitcher-592473,2020,0.91167,1.36341,132
pitcher-592499,2020,0.82921,0.56828,21
pitcher-592612,2020,0.39836,0.95906,144
pitcher-592644,2020,1.50722,1.62798,207
pitcher-592662,2020,-0.80256,0.55962,571
pitcher-592741,2020,1.38401,0.98549,203
pitcher-592761,2020,1.84024,0.93942,147
pitcher-592767,2020,-0.27506,1.06715,237
pitcher-592773,2020,1.43798,1.09827,91
pitcher-592804,2020,-1.52696,0.67769,85
pitcher-592811,2020,0.37814,1.19241,104
pitcher-592826,2020,-1.00466,0.74108,319
pitcher-592833,2020,0.00953,0.55647,20
pitcher-592836,2020,0.61222,1.451,485
pitcher-592858,2020,-0.7673,0.58784,147
pitcher-592865,2020,0.84363,0.8871,145
pitcher-592866,2020,0.43529,0.7811,482
pitcher-592879,2020,-0.84095,0.90283,352
pitcher-593140,2020,1.3271,1.04819,37
pitcher-593144,2020,0.01834,0.69389,199
pitcher-593372,2020,1.22019,0.61421,205
pitcher-593423,2020,-0.10206,0.86557,492
pitcher-593576,2020,1.10911,0.8159,197
pitcher-593619,2020,0.74332,0.73227,41
pitcher-593833,2020,0.82106,0.90006,166
pitcher-593974,2020,-1.23521,0.88175,237
pitcher-594577,2020,0.26166,1.07046,267
pitcher-594795,2020,1.74748,1.11263,242
pitcher-594798,2020,0.6769,0.89152,509
pitcher-594835,2020,0.75263,0.88469,532
pitcher-594840,2020,-1.21114,0.76957,16
pitcher-594965,2020,-0.54491,1.03084,337
pitcher-594986,2020,4.82156,1.02991,145
pitcher-594987,2020,-0.87544,1.18657,183
pitcher-595001,2020,2.41255,1.17083,191
pitcher-595014,2020,-0.60227,0.9448,180
pitcher-595411,2020,-1.57331,1.34018,65
pitcher-595465,2020,-2.49918,1.43851,151
pitcher-595897,2020,-1.76693,1.22687,25
pitcher-595918,2020,0.42687,1.13306,188
pitcher-595928,2020,0.23762,1.06541,165
pitcher-596001,2020,-0.53905,1.03562,195
pitcher-596027,2020,-1.41815,1.04892,29
pitcher-596035,2020,0.4098,0.73437,47
pitcher-596043,2020,1.53468,0.92496,115
pitcher-596057,2020,-1.67421,0.68613,241
pitcher-596071,2020,1.10707,0.91566,16
pitcher-596101,2020,-2.27395,0.71022,56
pitcher-596112,2020,-0.45078,0.68553,86
pitcher-596133,2020,1.21267,0.59109,488
pitcher-596295,2020,-1.50469,0.81326,288
pitcher-596720,2020,0.95308,0.87203,175
pitcher-598264,2020,0.33172,1.13279,241
pitcher-598286,2020,3.27822,1.35896,100
pitcher-598287,2020,-0.71124,1.07827,177
pitcher-600887,2020,0.22677,0.99797,60
pitcher-600917,2020,-0.2251,1.02702,30
pitcher-600968,2020,-1.01431,0.88443,46
pitcher-601713,2020,-0.51427,0.7172,147
pitcher-605130,2020,0.28683,0.86211,248
pitcher-605135,2020,-1.93318,1.22627,494
pitcher-605138,2020,0.69735,0.90102,184
pitcher-605143,2020,0.66163,0.65157,40
pitcher-605151,2020,1.75978,1.04942,145
pitcher-605155,2020,0.23361,1.27391,235
pitcher-605164,2020,-0.70703,0.83597,524
pitcher-605177,2020,0.92052,1.64936,105
pitcher-605182,2020,-0.63353,1.15143,327
pitcher-605195,2020,1.81359,0.79639,69
pitcher-605200,2020,3.04795,0.88059,596
pitcher-605218,2020,-0.75273,0.55839,30
pitcher-605240,2020,-1.10346,1.12959,185
pitcher-605242,2020,-0.80379,0.88181,291
pitcher-605276,2020,-1.4262,0.77455,52
pitcher-605280,2020,1.7229,1.42572,12
pitcher-605288,2020,-0.24502,1.24022,445
pitcher-605309,2020,-0.40911,0.53747,26
pitcher-605335,2020,0.28037,0.80612,74
pitcher-605347,2020,0.53791,0.81749,340
pitcher-605359,2020,-0.0202,1.05375,183
pitcher-605388,2020,2.38094,0.98658,107
pitcher-605397,2020,0.04924,0.9932,342
pitcher-605400,2020,0.71493,0.86276,579
pitcher-605441,2020,-1.95366,1.24931,32
pitcher-605446,2020,1.34166,0.69325,48
pitcher-605447,2020,-1.06404,1.05941,120
pitcher-605479,2020,0.34942,0.27303,27
pitcher-605482,2020,0.2762,0.99416,171
pitcher-605483,2020,-0.27236,0.76585,426
pitcher-605488,2020,-0.1736,0.99534,192
pitcher-605498,2020,-1.03138,0.82774,88
pitcher-605501,2020,-0.64561,1.08258,101
pitcher-605513,2020,-1.60205,0.63611,528
pitcher-605525,2020,-0.19554,0.86193,220
pitcher-605538,2020,-0.97996,0.97004,228
pitcher-605540,2020,0.25962,1.12597,597
pitcher-606115,2020,0.07277,0.21012,16
pitcher-606131,2020,0.00686,0.69135,150
pitcher-606149,2020,1.34411,0.99274,88
pitcher-606160,2020,5.02754,1.96188,149
pitcher-606299,2020,-0.78203,0.76018,8
pitcher-606303,2020,-0.56258,0.31852,37
pitcher-606424,2020,-1.07328,1.65278,163
pitcher-606930,2020,2.28434,1.68224,143
pitcher-606944,2020,0.14759,0.48973,47
pitcher-606965,2020,-0.43324,0.41798,49
pitcher-606996,2020,0.04375,1.31224,152
pitcher-607067,2020,-1.69566,0.95074,122
pitcher-607074,2020,0.65395,0.5436,70
pitcher-607179,2020,-1.03958,0.84887,122
pitcher-607192,2020,1.32606,0.85739,485
pitcher-607200,2020,-0.46184,0.87447,471
pitcher-607219,2020,0.02295,0.91768,7
pitcher-607229,2020,-0.93433,0.89062,142
pitcher-607231,2020,0.42087,0.9348,123
pitcher-607237,2020,-0.55402,0.78369,161
pitcher-607352,2020,0.10731,0.8168,67
pitcher-607374,2020,0.66742,0.9983,121
pitcher-607391,2020,-3.29645,1.0878,270
pitcher-607455,2020,1.87895,1.85412,80
pitcher-607481,2020,1.34775,1.56952,92
pitcher-607536,2020,-0.30512,0.89555,588
pitcher-607555,2020,-1.88638,0.9583,72
pitcher-607560,2020,-1.08982,1.36987,195
pitcher-607572,2020,0.13445,1.12563,173
pitcher-607625,2020,0.38965,0.85607,304
pitcher-607644,2020,0.96392,1.14917,356
pitcher-608032,2020,0.61462,1.00125,211
pitcher-608328,2020,1.33117,1.44271,73
pitcher-608331,2020,0.02233,0.78421,444
pitcher-608334,2020,1.22794,1.06945,91
pitcher-608335,2020,-1.36427,1.42038,167
pitcher-608337,2020,0.09897,0.61075,571
pitcher-608344,2020,0.09284,0.65912,37
pitcher-608348,2020,0.13199,0.15285,7
pitcher-608349,2020,-0.17287,1.08152,156
pitcher-608371,2020,-0.20367,0.88913,264
pitcher-608379,2020,-0.52062,1.03295,284
pitcher-608566,2020,-0.72369,0.91174,581
pitcher-608648,2020,1.87803,0.94255,181
pitcher-608652,2020,-1.90977,0.88784,68
pitcher-608665,2020,1.95712,1.11768,196
pitcher-608678,2020,1.5233,0.861,84
pitcher-608700,2020,0.15344,0.11171,9
pitcher-608717,2020,2.00615,0.98583,265
pitcher-608718,2020,0.37859,1.33215,264
pitcher-608723,2020,-1.15396,1.10792,444
pitcher-611093,2020,-0.40487,0.26559,12
pitcher-612434,2020,-0.31926,0.9023,237
pitcher-613534,2020,0.55993,0.48175,48
pitcher-614179,2020,0.24518,0.77457,31
pitcher-615698,2020,2.25383,1.20429,260
pitcher-620445,2020,0.71608,0.65827,38
pitcher-621005,2020,-0.74839,0.64849,5
pitcher-621011,2020,-0.52514,0.41699,4
pitcher-621052,2020,-1.72969,0.79746,191
pitcher-621076,2020,2.66759,1.76389,34
pitcher-621078,2020,0.20753,0.99042,157
pitcher-621097,2020,-0.15093,1.17268,196
pitcher-621107,2020,1.06215,1.11948,453
pitcher-621111,2020,0.1053,1.56836,307
pitcher-621112,2020,0.21682,0.22764,28
pitcher-621121,2020,1.02355,1.06643,488
pitcher-621129,2020,1.08328,1.31074,204
pitcher-621139,2020,1.17327,1.36154,61
pitcher-621141,2020,-1.30851,1.24684,104
pitcher-621142,2020,0.45626,1.05539,204
pitcher-621219,2020,-0.77135,1.01718,502
pitcher-621237,2020,2.47795,1.11591,105
pitcher-621242,2020,0.53879,0.86758,237
pitcher-621244,2020,-0.44577,0.52644,566
pitcher-621249,2020,-0.02844,0.96726,167
pitcher-621261,2020,2.52334,1.14805,115
pitcher-621290,2020,-0.73474,1.09692,113
pitcher-621294,2020,0.6113,0.61479,58
pitcher-621295,2020,0.29697,1.03499,187
pitcher-621345,2020,0.65865,1.17856,189
pitcher-621366,2020,2.65812,1.04136,176
pitcher-621368,2020,0.86727,1.18587,191
pitcher-621381,2020,-2.4406,1.29601,156
pitcher-621532,2020,-0.20257,0.23177,8
pitcher-621593,2020,0.13489,0.11864,9
pitcher-622065,2020,-0.78305,0.67286,387
pitcher-622072,2020,-0.64438,0.98416,137
pitcher-622075,2020,1.27199,0.99102,223
pitcher-622088,2020,-0.9627,0.94351,333
pitcher-622092,2020,-2.43811,1.0602,189
pitcher-622098,2020,-1.13007,1.18269,53
pitcher-622250,2020,-1.694,0.89937,12
pitcher-622251,2020,0.6657,0.94941,251
pitcher-622253,2020,-0.49359,0.68612,162
pitcher-622256,2020,-1.08292,0.7347,20
pitcher-622490,2020,-0.05979,0.59029,89
pitcher-622491,2020,-0.79605,0.62908,552
pitcher-622492,2020,0.09647,0.87017,79
pitcher-622503,2020,-0.71012,0.64934,50
pitcher-622608,2020,1.48591,0.90287,584
pitcher-622694,2020,-1.62633,1.21298,214
pitcher-622772,2020,0.00623,0.98536,198
pitcher-622780,2020,-2.20452,1.05561,47
pitcher-622786,2020,1.69551,1.39817,83
pitcher-623149,2020,-2.1968,1.16451,68
pitcher-623168,2020,-0.90743,0.88354,2
pitcher-623352,2020,1.45458,1.02832,196
pitcher-623364,2020,0.78842,0.64111,14
pitcher-623433,2020,1.47766,1.02973,88
pitcher-623437,2020,-0.43232,0.80653,54
pitcher-623454,2020,-0.41041,0.39864,25
pitcher-623465,2020,1.44834,1.10072,159
pitcher-623470,2020,0.70086,0.66973,207
pitcher-623474,2020,-1.31154,0.77265,192
pitcher-623485,2020,0.83892,0.6983,52
pitcher-624133,2020,-2.49065,1.11124,47
pitcher-624407,2020,-0.7141,0.65414,10
pitcher-624418,2020,-1.00201,0.72133,411
pitcher-624586,2020,0.1732,0.65227,118
pitcher-624647,2020,1.49353,1.11544,136
pitcher-625643,2020,-0.0744,0.45375,268
pitcher-626929,2020,0.51441,0.71585,144
pitcher-628317,2020,1.58634,0.72196,455
pitcher-628452,2020,-0.20806,1.38536,150
pitcher-628711,2020,-2.00045,1.07317,429
pitcher-629498,2020,0.10396,0.59576,26
pitcher-630023,2020,0.83254,1.4261,84
pitcher-630263,2020,-0.23984,0.60488,39
pitcher-640444,2020,-2.26017,0.87525,113
pitcher-640448,2020,0.60951,1.17101,211
pitcher-640451,2020,0.73056,0.91169,70
pitcher-640455,2020,0.09739,1.1284,405
pitcher-640470,2020,-1.82281,0.59491,209
pitcher-641154,2020,0.38729,1.14605,422
pitcher-641302,2020,2.01517,1.29008,306
pitcher-641312,2020,0.12904,1.13063,152
pitcher-641341,2020,-0.78894,1.25389,67
pitcher-641360,2020,0.06708,0.10672,11
pitcher-641401,2020,0.65675,1.09586,86
pitcher-641420,2020,-0.26131,1.39693,76
pitcher-641447,2020,-0.96799,1.21548,228
pitcher-641482,2020,-0.73454,1.35631,96
pitcher-641513,2020,0.24681,0.17406,8
pitcher-641540,2020,1.58164,0.90551,311
pitcher-641576,2020,1.8708,1.24784,11
pitcher-641582,2020,2.673,1.1235,215
pitcher-641627,2020,0.11774,1.06814,127
pitcher-641645,2020,-0.02818,0.04314,4
pitcher-641656,2020,-0.98499,0.48161,50
pitcher-641672,2020,1.74486,0.95105,213
pitcher-641712,2020,0.51062,0.60874,293
pitcher-641726,2020,1.03418,0.6903,27
pitcher-641729,2020,0.92817,0.86616,179
pitcher-641739,2020,1.1483,1.11499,49
pitcher-641743,2020,-1.11522,0.85605,213
pitcher-641745,2020,-1.07597,0.48156,431
pitcher-641755,2020,0.34304,1.25579,177
pitcher-641771,2020,-1.087,0.66857,448
pitcher-641778,2020,-2.26738,0.94532,133
pitcher-641793,2020,-1.47361,0.69357,53
pitcher-641816,2020,-0.37711,0.71021,438
pitcher-641838,2020,-0.50065,0.53199,51
pitcher-641851,2020,-1.04929,1.64815,94
pitcher-641853,2020,-0.59889,0.5926,10
pitcher-641871,2020,-0.01169,0.64382,104
pitcher-641907,2020,-0.08642,1.0822,55
pitcher-641941,2020,0.32545,1.13905,185
pitcher-641995,2020,-0.11664,0.31894,15
pitcher-642003,2020,1.34696,0.95403,145
pitcher-642083,2020,-2.58829,0.94551,168
pitcher-642092,2020,0.47235,1.31239,144
pitcher-642098,2020,0.36673,0.82147,39
pitcher-642100,2020,1.82029,0.7806,73
pitcher-642121,2020,-0.0237,0.87895,199
pitcher-642130,2020,0.21026,0.94457,181
pitcher-642152,2020,-1.29743,1.02478,186
pitcher-642203,2020,0.84858,1.43287,188
pitcher-642207,2020,0.52254,1.00238,229
pitcher-642231,2020,-2.93911,1.57581,32
pitcher-642232,2020,-0.66733,0.78074,372
pitcher-642233,2020,1.45734,1.17187,220
pitcher-642397,2020,-0.25136,1.0511,221
pitcher-642528,2020,0.57404,0.76931,196
pitcher-642545,2020,-1.06748,1.31202,250
pitcher-642546,2020,0.58908,0.68401,262
pitcher-642547,2020,0.31592,0.9874,294
pitcher-642558,2020,0.05183,0.2172,39
pitcher-642578,2020,-0.45701,0.39249,21
pitcher-642584,2020,-0.64204,0.76385,124
pitcher-642701,2020,-0.87494,0.76984,154
pitcher-642770,2020,2.07925,1.50814,113
pitcher-642840,2020,0.34571,0.43218,26
pitcher-643230,2020,1.26466,0.67933,422
pitcher-643256,2020,-0.94023,1.26251,77
pitcher-643290,2020,1.37316,1.01838,447
pitcher-643316,2020,1.29803,1.27358,206
pitcher-643327,2020,0.63631,0.65854,291
pitcher-643338,2020,1.79851,0.8135,196
pitcher-643478,2020,-0.50154,0.46345,36
pitcher-643511,2020,-0.53426,1.28253,245
pitcher-643532,2020,1.32383,0.53752,65
pitcher-643615,2020,1.61876,0.80579,103
pitcher-643778,2020,-3.58585,1.03811,154
pitcher-645261,2020,-1.48999,1.04824,330
pitcher-645307,2020,-0.85484,1.53341,65
pitcher-647336,2020,-1.04886,0.49237,100
pitcher-650382,2020,0.17838,1.06589,89
pitcher-650530,2020,-0.30876,0.81048,160
pitcher-650556,2020,-0.76208,0.45625,56
pitcher-650633,2020,-0.13127,1.13294,253
pitcher-650644,2020,0.20015,1.00932,625
pitcher-650668,2020,0.91877,0.76243,97
pitcher-650671,2020,1.17076,0.48644,44
pitcher-650893,2020,-0.98833,0.6615,231
pitcher-650895,2020,-0.60784,1.0637,170
pitcher-656004,2020,-1.14541,0.9651,32
pitcher-656061,2020,-0.23749,0.33508,21
pitcher-656186,2020,-0.37436,0.65859,199
pitcher-656222,2020,2.14157,0.77151,142
pitcher-656232,2020,0.15394,1.08657,303
pitcher-656240,2020,2.17781,1.46724,31
pitcher-656257,2020,-1.55194,1.21959,12
pitcher-656288,2020,-0.7558,0.86872,500
pitcher-656302,2020,-1.08171,0.72801,601
pitcher-656322,2020,-1.53643,0.89409,161
pitcher-656353,2020,-1.92039,1.33283,34
pitcher-656354,2020,-0.13351,0.44727,61
pitcher-656382,2020,-2.00626,0.74599,43
pitcher-656420,2020,-1.23038,0.76468,74
pitcher-656427,2020,1.52707,0.82112,375
pitcher-656464,2020,0.71777,0.88054,173
pitcher-656492,2020,-0.19259,0.19236,10
pitcher-656546,2020,0.47712,0.86445,192
pitcher-656547,2020,-0.58976,0.87402,196
pitcher-656548,2020,0.49019,0.5124,11
pitcher-656557,2020,-1.32125,1.38002,141
pitcher-656605,2020,-0.05462,1.11239,216
pitcher-656685,2020,-0.0903,1.37643,101
pitcher-656725,2020,-1.24273,1.2279,17
pitcher-656756,2020,-1.16457,0.6857,347
pitcher-656793,2020,-0.85036,0.85723,189
pitcher-656794,2020,2.91908,1.48198,168
pitcher-656803,2020,1.595,0.86733,14
pitcher-656849,2020,0.20783,0.51753,438
pitcher-656876,2020,1.67039,1.1439,159
pitcher-656887,2020,-1.1003,1.19535,69
pitcher-656913,2020,0.39707,0.39676,27
pitcher-656945,2020,-1.82294,1.19502,180
pitcher-656954,2020,-1.00033,0.85383,464
pitcher-656970,2020,0.76094,1.14072,141
pitcher-656977,2020,-0.78257,1.00062,41
pitcher-657024,2020,0.05908,1.15449,75
pitcher-657031,2020,-0.1248,0.93595,76
pitcher-657044,2020,-2.89876,1.60629,229
pitcher-657053,2020,0.09796,1.00149,266
pitcher-657097,2020,0.24881,1.21819,81
pitcher-657140,2020,-0.11231,0.78107,347
pitcher-657141,2020,1.59391,0.82555,136
pitcher-657240,2020,-0.23191,1.1769,116
pitcher-657277,2020,1.20248,0.70931,550
pitcher-657376,2020,-2.80929,1.92527,65
pitcher-657571,2020,-1.75502,1.0887,121
pitcher-657611,2020,0.06373,0.60518,155
pitcher-657612,2020,0.04591,1.14087,184
pitcher-657624,2020,0.52042,0.55616,209
pitcher-658305,2020,0.11342,0.41802,40
pitcher-658431,2020,-0.61834,0.55487,38
pitcher-658551,2020,0.50312,0.92125,33
pitcher-659275,2020,1.15188,1.03031,528
pitcher-660271,2020,-1.62583,0.78945,50
pitcher-660422,2020,0.43783,0.40645,11
pitcher-660431,2020,-0.98213,0.70175,20
pitcher-660600,2020,-0.76895,0.88303,199
pitcher-660623,2020,-1.62445,1.11113,197
pitcher-660761,2020,-0.24826,0.7615,41
pitcher-660813,2020,1.38276,1.10901,141
pitcher-660896,2020,0.3018,1.29093,210
pitcher-661255,2020,-0.10088,0.92753,135
pitcher-661440,2020,-0.31887,0.28083,18
pitcher-663366,2020,0.70955,0.38917,54
pitcher-663399,2020,-0.50371,0.94541,33
pitcher-663423,2020,-1.0217,0.90542,58
pitcher-663432,2020,-0.16513,0.83992,129
pitcher-663460,2020,-0.50152,0.83744,498
pitcher-663465,2020,-0.81442,0.78379,343
pitcher-663474,2020,-2.00934,0.73174,276
pitcher-663531,2020,-0.73373,1.22844,107
pitcher-663554,2020,-1.07061,0.75109,275
pitcher-663734,2020,-3.22363,1.41827,69
pitcher-663765,2020,-0.79725,1.6673,187
pitcher-663770,2020,-0.83247,1.4775,26
pitcher-663776,2020,0.03219,0.7155,293
pitcher-663878,2020,0.05479,1.35886,180
pitcher-663903,2020,1.35932,0.9048,597
pitcher-663978,2020,1.01533,1.12878,489
pitcher-663992,2020,-0.55,0.48986,9
pitcher-664042,2020,-2.44262,1.08303,236
pitcher-664045,2020,-1.09073,0.72156,272
pitcher-664054,2020,1.59487,1.14941,105
pitcher-664062,2020,1.91618,0.85552,316
pitcher-664069,2020,1.48658,0.88855,89
pitcher-664074,2020,2.12013,1.33691,147
pitcher-664076,2020,0.04635,0.05552,2
pitcher-664092,2020,0.27582,0.66682,83
pitcher-664126,2020,-0.6312,0.93835,228
pitcher-664129,2020,-2.47984,1.07808,210
pitcher-664139,2020,-1.41387,1.09941,125
pitcher-664141,2020,-0.28289,0.94309,408
pitcher-664157,2020,1.5993,0.90604,114
pitcher-664180,2020,1.30766,0.64029,116
pitcher-664192,2020,0.03846,0.40129,56
pitcher-664199,2020,0.9554,1.21988,372
pitcher-664208,2020,-0.66214,0.76711,186
pitcher-664285,2020,-0.80303,0.65238,547
pitcher-664299,2020,-0.55221,1.22431,494
pitcher-664337,2020,-2.04465,1.1091,59
pitcher-664350,2020,0.31549,0.94525,255
pitcher-664353,2020,1.00054,1.71706,197
pitcher-664682,2020,-1.32126,0.71472,32
pitcher-664714,2020,-0.11466,1.12628,115
pitcher-664854,2020,-0.95949,0.74842,91
pitcher-664856,2020,1.91337,1.04514,89
pitcher-664918,2020,-1.9075,1.01251,26
pitcher-664948,2020,-1.01771,1.10441,163
pitcher-664977,2020,-0.21512,1.01477,39
pitcher-665001,2020,-0.57705,1.21865,44
pitcher-665093,2020,-2.07927,1.22469,121
pitcher-665152,2020,-3.8889,1.19533,187
pitcher-665620,2020,-0.66206,0.7175,242
pitcher-665621,2020,0.3284,0.75379,221
pitcher-665733,2020,-0.885,0.65242,67
pitcher-665759,2020,0.50362,1.13776,94
pitcher-666120,2020,-0.2155,0.79598,292
pitcher-666129,2020,2.85607,1.38227,74
pitcher-666200,2020,-0.68041,0.8132,485
pitcher-666204,2020,-1.71796,0.92638,24
pitcher-666622,2020,-0.06132,0.13244,20
pitcher-666674,2020,-0.61371,0.50111,13
pitcher-667463,2020,0.87713,0.67404,95
pitcher-667465,2020,1.59557,1.10825,79
pitcher-667498,2020,-0.29093,0.48121,109
pitcher-668338,2020,-0.87868,0.67453,38
pitcher-668676,2020,-0.94205,0.99692,349
pitcher-668678,2020,0.52838,0.63687,607
pitcher-668687,2020,-1.72064,1.54176,256
pitcher-668941,2020,-1.48592,0.91614,75
pitcher-669060,2020,-0.70961,1.33567,160
pitcher-669064,2020,-0.70758,1.07519,47
pitcher-669145,2020,-0.15565,0.29984,51
pitcher-669160,2020,-1.94284,0.88757,435
pitcher-669203,2020,1.24487,0.92317,519
pitcher-669211,2020,0.75508,1.23799,246
pitcher-669214,2020,0.17263,0.87768,84
pitcher-669270,2020,0.44528,0.71948,38
pitcher-669289,2020,0.34284,0.22287,18
pitcher-669373,2020,-1.78384,0.88637,280
pitcher-669424,2020,-0.71105,0.48552,19
pitcher-669432,2020,-2.11031,1.41212,287
pitcher-669456,2020,1.55494,0.97062,620
pitcher-669459,2020,-0.38365,0.29877,10
pitcher-669952,2020,0.22997,0.34367,19
pitcher-670056,2020,-1.4097,0.91486,164
pitcher-670167,2020,1.21395,0.81694,153
pitcher-670280,2020,-1.13068,0.9265,45
pitcher-670329,2020,-0.46079,0.75804,83
pitcher-670426,2020,3.26072,1.34516,61
pitcher-670550,2020,0.42466,0.87097,100
pitcher-670712,2020,0.06302,0.05483,3
pitcher-670912,2020,0.93488,0.67412,237
pitcher-670950,2020,-0.09683,1.47111,261
pitcher-670970,2020,0.24985,1.12455,164
pitcher-670990,2020,-0.48018,0.89513,243
pitcher-671790,2020,-1.57293,1.30931,36
pitcher-672335,2020,-0.16727,1.22091,68
pitcher-672578,2020,-1.05803,0.94025,124
pitcher-672715,2020,-0.98048,0.51717,181
pitcher-672911,2020,0.06086,0.12699,18
pitcher-673258,2020,0.93925,0.73764,46
pitcher-673633,2020,-0.89763,0.92938,121
pitcher-675916,2020,0.37737,0.79665,263
pitcher-675921,2020,-1.36496,0.8045,220
pitcher-676051,2020,0.18895,1.05444,190
pitcher-676220,2020,0.36269,1.00214,127
pitcher-676596,2020,-1.59841,0.9301,232
pitcher-676604,2020,-0.58687,1.10316,238
pitcher-676606,2020,0.99572,0.60828,367
pitcher-676831,2020,0.84861,0.65137,41
pitcher-676886,2020,-0.18038,0.14182,8
pitcher-676979,2020,-0.76143,0.42202,42
pitcher-677651,2020,0.34533,0.71333,109
pitcher-677976,2020,0.09957,0.89481,371
pitcher-680692,2020,0.17375,0.5004,71
pitcher-680702,2020,-0.89397,1.14308,123
pitcher-681911,2020,-0.82593,1.00046,69
pitcher-683232,2020,-0.88538,0.72786,63
pitcher-685493,2020,-0.2522,1.02871,231
umpire-427013,2021,-0.91305,0.42077,4193
umpire-427019,2021,1.08898,0.52682,4280
umpire-427044,2021,0.17048,0.38107,4025
umpire-427053,2021,0.1447,0.42824,3773
umpire-427090,2021,0.47325,0.41147,2903
umpire-427093,2021,1.77658,0.41352,4043
umpire-427095,2021,0.27941,0.45652,2131
umpire-427103,2021,-1.45333,0.53287,1445
umpire-427113,2021,1.00708,0.52159,4009
umpire-427128,2021,1.47766,0.4677,3826
umpire-427129,2021,0.68946,0.41786,4349
umpire-427139,2021,4.40956,0.47635,4109
umpire-427164,2021,-0.22966,0.36894,2951
umpire-427168,2021,-1.31675,0.66457,1078
umpire-427184,2021,-0.65555,0.38572,4417
umpire-427192,2021,1.7193,0.49948,2441
umpire-427197,2021,0.15155,0.30524,4036
umpire-427206,2021,-0.79982,0.39809,3579
umpire-427220,2021,0.07159,0.40387,4464
umpire-427224,2021,-0.51196,0.4826,2716
umpire-427235,2021,0.09378,0.35448,4239
umpire-427243,2021,-0.74322,0.40005,4463
umpire-427248,2021,0.16791,0.34383,4660
umpire-427286,2021,0.79908,0.4675,3457
umpire-427292,2021,1.62519,0.39672,3876
umpire-427299,2021,-1.21724,1.03155,757
umpire-427315,2021,-1.46811,0.41957,4149
umpire-427339,2021,-0.18411,0.40676,4556
umpire-427344,2021,2.25456,0.43972,4154
umpire-427362,2021,0.46731,0.35846,4279
umpire-427366,2021,1.66794,0.38178,3613
umpire-427413,2021,-0.17932,0.38503,3861
umpire-427424,2021,-0.55706,0.52736,3151
umpire-427509,2021,-0.7059,0.39528,4579
umpire-427520,2021,-1.33921,0.47821,3835
umpire-427533,2021,-1.26338,0.47055,2665
umpire-427534,2021,0.54888,0.69781,2660
umpire-427537,2021,0.6786,0.3289,3669
umpire-427538,2021,-0.2285,0.47788,4574
umpire-427554,2021,0.73282,0.34742,4133
umpire-428442,2021,-0.41017,0.39949,4546
umpire-429805,2021,-1.21751,0.35107,4091
umpire-431232,2021,0.11927,0.35913,4423
umpire-482608,2021,-0.27819,0.35948,4234
umpire-482620,2021,-0.44057,0.25939,4312
umpire-482631,2021,1.17226,0.55893,4498
umpire-482641,2021,-1.62152,0.39566,3551
umpire-482663,2021,-1.26021,0.38805,3886
umpire-482666,2021,-0.72444,0.40573,4163
umpire-483561,2021,2.38893,0.43124,4277
umpire-483564,2021,-1.52325,0.44158,4360
umpire-483569,2021,1.80776,0.42881,4488
umpire-483630,2021,1.17237,0.29491,2819
umpire-483912,2021,-0.95747,0.33548,4343
umpire-483919,2021,1.15851,0.31493,3749
umpire-484183,2021,0.25309,0.3832,3827
umpire-484198,2021,-0.87761,0.31174,4097
umpire-484499,2021,-0.04179,0.44831,3636
umpire-489985,2021,-0.1268,0.57869,4070
umpire-490319,2021,-0.40506,0.34949,4110
umpire-503077,2021,1.56039,0.46097,4269
umpire-503490,2021,0.10216,0.45726,4417
umpire-503493,2021,0.48003,0.34438,4568
umpire-503502,2021,0.72143,0.3663,4494
umpire-503586,2021,0.31922,0.43601,4247
umpire-504381,2021,0.42564,0.38728,3963
umpire-511890,2021,0.48224,0.45194,3471
umpire-521051,2021,1.02724,0.4328,4350
umpire-521251,2021,0.35643,0.35755,4845
umpire-521889,2021,-0.63115,0.31028,3992
umpire-544728,2021,-0.18258,0.50381,3755
umpire-545402,2021,-0.23481,0.59421,1531
umpire-547380,2021,-2.19837,0.28976,4344
umpire-554242,2021,-1.85724,0.47339,5020
umpire-573596,2021,0.28059,0.38837,4284
umpire-573597,2021,0.57741,0.47723,4660
umpire-573769,2021,1.0499,0.49844,4405
umpire-575629,2021,-0.70087,0.53609,3197
umpire-577468,2021,1.85261,0.40278,4327
umpire-594151,2021,1.0722,0.50022,4038
umpire-596740,2021,-0.91842,0.29907,4345
umpire-596805,2021,-1.15178,0.31252,4775
umpire-596809,2021,0.26303,0.2895,5009
umpire-598411,2021,0.08368,0.4017,3809
umpire-605670,2021,0.52751,0.63244,3223
umpire-605671,2021,-1.48752,1.10612,322
umpire-605672,2021,-0.02341,0.39494,4227
umpire-605673,2021,-0.55118,0.87707,1278
umpire-605674,2021,-1.46633,0.44705,3337
umpire-607884,2021,-0.59931,1.1869,1172
umpire-607886,2021,-2.50891,1.41495,138
umpire-608093,2021,-1.17066,0.76005,2180
umpire-608158,2021,0.29013,0.2796,145
umpire-623938,2021,0.692,0.64622,2514
umpire-623946,2021,0.46537,0.90712,1191
umpire-639723,2021,-1.1273,0.94574,1416
umpire-644661,2021,-2.62517,0.85799,319
umpire-644760,2021,-0.41049,0.56994,3656
umpire-664265,2021,0.29342,0.42707,2435
catcher-425772,2021,1.48435,0.78386,229
catcher-425784,2021,-0.50414,0.67376,1817
catcher-425877,2021,0.06297,0.30271,8567
catcher-435559,2021,-1.09802,0.3551,4974
catcher-444489,2021,0.81121,0.37509,3689
catcher-446653,2021,-2.49716,1.26594,261
catcher-455117,2021,0.45575,0.33619,8585
catcher-455139,2021,0.37607,0.56185,1712
catcher-457763,2021,0.59402,0.33071,6922
catcher-460077,2021,-3.55958,0.71358,883
catcher-467092,2021,-1.2108,0.55697,2367
catcher-488671,2021,-0.80172,0.52927,1829
catcher-488771,2021,-0.01816,0.45117,3046
catcher-506702,2021,0.43912,0.47697,3400
catcher-518595,2021,0.96436,0.42336,3742
catcher-518735,2021,0.45584,0.36997,5176
catcher-518960,2021,-1.50542,0.58853,394
catcher-519222,2021,-0.81206,0.4985,1237
catcher-519390,2021,0.26324,0.33198,4059
catcher-521692,2021,-1.18021,0.33191,8791
catcher-542963,2021,0.83835,0.92465,286
catcher-543089,2021,1.96972,0.80423,167
catcher-543228,2021,-0.14727,0.34319,6519
catcher-543308,2021,-0.8983,0.79269,386
catcher-543309,2021,1.74367,0.40211,4037
catcher-543432,2021,-0.28555,0.94085,534
catcher-543510,2021,-0.0934,0.35117,6693
catcher-543592,2021,0.1081,0.4959,3317
catcher-543877,2021,-0.15011,0.31518,9085
catcher-545358,2021,1.42512,0.38997,5961
catcher-547172,2021,1.68241,0.74296,512
catcher-547379,2021,0.12656,0.49733,2925
catcher-553869,2021,0.35967,0.345,6481
catcher-553882,2021,0.98964,0.32639,7690
catcher-553902,2021,-0.93057,1.42234,362
catcher-571466,2021,0.60099,0.3153,7475
catcher-571912,2021,-0.36863,0.78213,567
catcher-572287,2021,1.04504,0.29844,6633
catcher-572863,2021,0.28908,0.6295,1321
catcher-575929,2021,-0.54761,0.29906,7947
catcher-592200,2021,0.30423,0.42898,3824
catcher-592407,2021,-2.50081,0.84275,724
catcher-592663,2021,1.05907,0.37227,8071
catcher-593590,2021,0.1088,0.55102,1408
catcher-595284,2021,0.13186,0.43294,2665
catcher-595453,2021,0.34957,0.64957,1262
catcher-595751,2021,1.13627,0.56124,3924
catcher-595956,2021,1.5624,0.45322,2533
catcher-595978,2021,1.00689,0.33872,5992
catcher-596117,2021,-0.16403,0.7353,593
catcher-596142,2021,0.09609,0.30356,7168
catcher-600474,2021,-0.7867,0.32259,7648
catcher-602080,2021,-2.35575,0.86798,169
catcher-605131,2021,1.33173,0.4569,3297
catcher-605170,2021,-0.47685,0.3499,6737
catcher-605244,2021,0.38241,0.61655,1846
catcher-605421,2021,-0.18745,0.32,4221
catcher-606213,2021,0.99005,0.79387,14
catcher-606988,2021,-0.6693,0.52647,1858
catcher-606992,2021,-0.82435,0.31778,4534
catcher-607345,2021,0.54225,0.57669,1961
catcher-607732,2021,1.16026,0.35453,7468
catcher-608348,2021,0.09221,0.47207,5933
catcher-608422,2021,-0.90576,0.92422,766
catcher-608596,2021,-0.06105,0.39668,5860
catcher-608700,2021,0.57491,0.48309,2711
catcher-620443,2021,-1.79769,0.50312,2305
catcher-621493,2021,-2.30177,1.64965,23
catcher-621512,2021,1.87711,0.46848,2975
catcher-621532,2021,1.10342,0.4861,548
catcher-624419,2021,-2.15212,0.8177,142
catcher-624431,2021,1.66087,0.36259,6003
catcher-624512,2021,1.32475,0.38912,4443
catcher-624513,2021,0.39334,0.38227,5122
catcher-641470,2021,-2.25902,0.37441,4293
catcher-641598,2021,0.22603,0.40542,3627
catcher-641680,2021,1.50008,0.38446,5183
catcher-641924,2021,-1.08265,0.49172,221
catcher-641929,2021,0.20091,0.20403,14
catcher-642082,2021,-2.34275,0.6685,1497
catcher-642336,2021,-0.43926,0.38551,4434
catcher-642851,2021,-1.63617,0.41018,3168
catcher-643376,2021,0.2987,0.3888,4137
catcher-644433,2021,0.29189,0.99443,337
catcher-645305,2021,0.8307,0.47644,64
catcher-650968,2021,-0.2726,0.37467,161
catcher-656180,2021,-2.2252,0.596,2060
catcher-656494,2021,-0.14318,0.12916,10
catcher-656577,2021,-0.46291,0.62244,2541
catcher-656883,2021,0.44708,0.38006,10
catcher-657136,2021,-0.47285,0.74709,235
catcher-660688,2021,0.14117,0.70601,1677
catcher-661388,2021,-0.78661,0.41681,3340
catcher-662139,2021,-0.78788,0.46241,2711
catcher-663698,2021,0.35641,0.27334,68
catcher-663728,2021,0.83516,0.53546,2641
catcher-663743,2021,-2.85527,1.36455,371
catcher-663886,2021,0.62936,0.46616,5087
catcher-664119,2021,0.39445,0.6297,127
catcher-664731,2021,1.0772,0.84215,349
catcher-664850,2021,0.7075,0.8503,1274
catcher-664874,2021,0.64682,0.51787,2051
catcher-665066,2021,0.14404,0.11111,23
catcher-665561,2021,-1.29304,0.84633,993
catcher-665861,2021,-0.72011,1.00722,944
catcher-666163,2021,0.94539,0.62557,2212
catcher-667674,2021,0.71231,0.54959,11
catcher-668663,2021,1.2564,0.59109,1945
catcher-668670,2021,-0.66819,0.43593,2559
catcher-668721,2021,2.01483,0.70144,311
catcher-668800,2021,-0.8529,0.48377,3420
catcher-669134,2021,0.56854,1.35976,649
catcher-669221,2021,0.99903,0.38374,7331
catcher-669257,2021,0.97952,0.38316,7898
catcher-672386,2021,0.23544,0.46335,2689
catcher-680777,2021,0.3746,0.35619,5247
pitcher-424144,2021,-0.8997,0.66904,26
pitcher-425794,2021,0.77974,0.68549,1646
pitcher-425844,2021,0.98679,0.71329,1300
pitcher-429722,2021,1.66879,0.7489,492
pitcher-431148,2021,-0.48055,0.60962,101
pitcher-433589,2021,1.6828,0.85888,506
pitcher-444482,2021,0.25,0.22649,13
pitcher-445213,2021,2.32234,1.24341,258
pitcher-445276,2021,-0.94844,0.87819,499
pitcher-445926,2021,0.09581,1.10613,291
pitcher-446099,2021,0.3452,0.28458,11
pitcher-446321,2021,0.22827,0.93462,463
pitcher-446372,2021,-0.40758,0.69188,677
pitcher-448179,2021,0.07976,0.57507,1316
pitcher-448281,2021,0.18667,0.9802,389
pitcher-448855,2021,-0.84293,0.62776,637
pitcher-450203,2021,-0.80307,0.72611,1553
pitcher-451584,2021,-0.8885,0.92658,362
pitcher-452027,2021,-0.58933,1.07666,197
pitcher-452657,2021,0.20952,0.46689,1218
pitcher-452678,2021,1.22121,1.13413,9
pitcher-453178,2021,-0.27557,0.8355,400
pitcher-453192,2021,2.24478,0.90562,343
pitcher-453265,2021,-1.56993,0.7733,435
pitcher-453268,2021,0.22305,0.97401,637
pitcher-453281,2021,1.22601,1.61099,407
pitcher-453284,2021,1.26971,0.92623,335
pitcher-453286,2021,1.33412,0.59391,1326
pitcher-453343,2021,2.46781,1.10789,521
pitcher-453562,2021,-0.31356,0.59904,936
pitcher-455119,2021,0.19213,1.07753,289
pitcher-456034,2021,-0.59163,0.83087,577
pitcher-456501,2021,-0.5178,0.7453,903
pitcher-456713,2021,1.07198,1.10384,39
pitcher-457759,2021,0.44008,0.45687,4
pitcher-457915,2021,-0.98623,0.89602,65
pitcher-457918,2021,0.93559,0.68399,1323
pitcher-458676,2021,0.67158,0.92969,185
pitcher-458677,2021,-0.58493,0.84893,305
pitcher-458681,2021,-0.64524,0.65533,1210
pitcher-458708,2021,0.20688,1.03101,359
pitcher-459429,2021,0.99994,0.93434,366
pitcher-461325,2021,0.07835,1.19754,208
pitcher-461865,2021,-0.32885,0.27957,9
pitcher-461872,2021,-0.11192,0.9863,95
pitcher-465657,2021,0.7066,0.83824,280
pitcher-467008,2021,-0.52396,0.44143,27
pitcher-468504,2021,-2.43766,1.03029,534
pitcher-471911,2021,-0.46754,0.83184,409
pitcher-472551,2021,-1.86474,1.14083,160
pitcher-472610,2021,0.86961,0.74412,240
pitcher-474463,2021,-0.09849,0.64641,825
pitcher-475054,2021,0.08877,0.12024,14
pitcher-475479,2021,0.35638,0.95438,110
pitcher-476454,2021,-0.08451,0.10525,14
pitcher-476594,2021,0.31074,1.04823,98
pitcher-476595,2021,0.98741,0.74475,560
pitcher-477132,2021,0.88408,0.66795,805
pitcher-488748,2021,-0.08112,0.91355,162
pitcher-488984,2021,-0.75065,0.83347,52
pitcher-489119,2021,2.7663,0.7142,1257
pitcher-489265,2021,2.20199,0.82755,570
pitcher-489334,2021,0.82486,1.04837,654
pitcher-491624,2021,-0.6496,0.91161,336
pitcher-491703,2021,1.09242,1.23751,27
pitcher-493603,2021,1.53925,0.82726,657
pitcher-500610,2021,0.55352,0.75079,524
pitcher-500779,2021,1.58683,0.73105,604
pitcher-501381,2021,2.29625,0.88532,771
pitcher-501593,2021,1.30898,1.02943,59
pitcher-501625,2021,-0.83361,0.82304,498
pitcher-501789,2021,-2.10194,1.82822,60
pitcher-501925,2021,-0.99866,1.17606,322
pitcher-501985,2021,0.93803,0.64546,1284
pitcher-502042,2021,2.66835,1.18336,166
pitcher-502043,2021,1.43638,0.62414,1508
pitcher-502085,2021,1.58911,0.87241,114
pitcher-502154,2021,0.48847,1.41625,161
pitcher-502171,2021,0.3608,0.82041,831
pitcher-502179,2021,-0.04043,0.77714,901
pitcher-502202,2021,1.77788,0.76448,567
pitcher-502210,2021,-0.10184,0.08737,8
pitcher-502239,2021,-0.32771,0.78543,341
pitcher-502273,2021,0.87472,0.8206,4
pitcher-502327,2021,0.64283,0.78374,242
pitcher-502522,2021,-1.88907,0.94008,143
pitcher-502593,2021,-1.88199,0.87687,75
pitcher-502624,2021,-0.45902,0.80971,432
pitcher-502706,2021,0.35159,0.74819,414
pitcher-502748,2021,0.22658,0.53708,50
pitcher-503285,2021,-0.07626,1.07719,99
pitcher-503449,2021,0.02476,0.7529,793
pitcher-503556,2021,0.3116,0.27211,6
pitcher-503569,2021,1.45207,0.88599,319
pitcher-505447,2021,1.20165,1.09208,20
pitcher-506433,2021,0.58776,0.70215,1392
pitcher-506702,2021,-1.51711,1.08541,41
pitcher-517008,2021,2.9149,0.83396,481
pitcher-518397,2021,-2.15261,1.2042,127
pitcher-518435,2021,0.20139,1.75575,21
pitcher-518489,2021,0.64421,0.8089,94
pitcher-518516,2021,0.35167,0.6509,1147
pitcher-518553,2021,1.91609,0.81824,713
pitcher-518586,2021,-0.09262,0.10479,7
pitcher-518617,2021,-0.11531,0.75218,602
pitcher-518633,2021,-1.30444,0.78091,498
pitcher-518774,2021,-1.39172,0.92251,1114
pitcher-518813,2021,-0.35545,0.72813,472
pitcher-518858,2021,0.88362,1.31371,136
pitcher-518876,2021,0.42254,0.67005,1179
pitcher-518886,2021,1.00748,0.77822,515
pitcher-519008,2021,1.80488,1.37674,249
pitcher-519043,2021,0.81135,0.75293,634
pitcher-519048,2021,1.02256,0.91303,9
pitcher-519076,2021,-0.93365,0.96909,296
pitcher-519141,2021,2.45782,0.80716,236
pitcher-519151,2021,2.45187,0.80918,446
pitcher-519203,2021,0.22813,0.34092,12
pitcher-519242,2021,0.59146,0.60947,370
pitcher-519293,2021,1.07596,0.75309,519
pitcher-519299,2021,0.38304,0.3443,33
pitcher-519326,2021,0.37421,0.72046,484
pitcher-519443,2021,1.37253,0.82801,276
pitcher-519455,2021,-0.68615,1.13735,38
pitcher-520980,2021,-0.76345,0.53668,27
pitcher-521230,2021,-0.12326,0.68881,427
pitcher-523260,2021,-0.40631,0.95773,397
pitcher-527048,2021,1.69859,0.60082,954
pitcher-527054,2021,0.31639,0.34576,47
pitcher-528748,2021,0.02251,0.97241,396
pitcher-533167,2021,-0.41889,0.77427,510
pitcher-534812,2021,0.4911,0.42932,11
pitcher-534910,2021,1.22513,0.49897,53
pitcher-541640,2021,-1.76567,0.82371,186
pitcher-541650,2021,-1.10597,0.7406,5
pitcher-542585,2021,0.02304,0.88057,565
pitcher-542881,2021,-1.25274,0.81827,1155
pitcher-542882,2021,0.02649,0.91228,402
pitcher-542888,2021,-1.39812,1.02163,332
pitcher-542914,2021,2.00428,0.71779,493
pitcher-542947,2021,0.23054,1.12834,279
pitcher-542960,2021,1.34995,1.25547,307
pitcher-542992,2021,0.41633,0.38139,12
pitcher-543022,2021,-0.22694,1.09408,329
pitcher-543037,2021,0.35332,0.77322,1456
pitcher-543045,2021,0.7973,0.78407,140
pitcher-543056,2021,-0.38247,1.11857,228
pitcher-543101,2021,-0.69958,0.54405,1256
pitcher-543135,2021,0.11016,0.65677,1339
pitcher-543238,2021,1.3463,1.02589,51
pitcher-543243,2021,1.48051,0.57625,1188
pitcher-543258,2021,-0.59626,0.99712,17
pitcher-543272,2021,-0.29061,0.77947,591
pitcher-543278,2021,-1.12656,0.86782,16
pitcher-543294,2021,0.65374,0.58172,1381
pitcher-543339,2021,-0.23087,0.96066,386
pitcher-543351,2021,0.64222,1.02264,210
pitcher-543456,2021,0.17759,0.16211,19
pitcher-543475,2021,-0.24438,0.62768,1443
pitcher-543507,2021,0.8433,0.75118,525
pitcher-543521,2021,0.46602,0.72257,479
pitcher-543548,2021,2.37823,1.2784,108
pitcher-543594,2021,0.03524,0.85468,253
pitcher-543606,2021,-0.1093,0.85582,898
pitcher-543699,2021,-0.37737,0.40861,70
pitcher-543766,2021,0.01158,0.72224,663
pitcher-543883,2021,-1.22071,0.57135,83
pitcher-543901,2021,0.59401,0.44658,87
pitcher-544727,2021,-0.63981,0.83518,501
pitcher-544931,2021,-0.80049,0.95357,222
pitcher-545333,2021,0.63549,0.63357,948
pitcher-545343,2021,0.38135,0.92912,262
pitcher-546991,2021,1.2554,1.06862,15
pitcher-547001,2021,-1.67533,0.66383,286
pitcher-547176,2021,-1.55028,1.73291,81
pitcher-547179,2021,1.53275,1.08871,234
pitcher-547942,2021,0.56893,0.66844,933
pitcher-547943,2021,0.10861,0.59371,1372
pitcher-547973,2021,-1.40072,0.80005,514
pitcher-548384,2021,-0.23612,0.68371,440
pitcher-548389,2021,-1.14831,0.86164,844
pitcher-552640,2021,1.83974,0.86771,416
pitcher-553902,2021,0.56711,0.33325,35
pitcher-554340,2021,-1.88065,0.91731,459
pitcher-554430,2021,0.12247,0.66199,1492
pitcher-554431,2021,-0.62802,0.6713,509
pitcher-570240,2021,-1.15608,0.81385,32
pitcher-570257,2021,-0.08448,1.04812,380
pitcher-570488,2021,0.53403,0.71497,376
pitcher-570632,2021,-0.49359,0.8201,860
pitcher-570663,2021,0.52615,0.66119,584
pitcher-570666,2021,0.20843,0.85271,471
pitcher-571479,2021,0.20789,0.3965,34
pitcher-571510,2021,0.12617,0.83724,597
pitcher-571521,2021,-0.09221,0.80629,518
pitcher-571578,2021,-0.61559,0.94958,1307
pitcher-571656,2021,0.93074,0.76501,375
pitcher-571666,2021,0.67861,0.54425,77
pitcher-571670,2021,0.67991,0.96219,543
pitcher-571676,2021,-1.4707,0.75475,123
pitcher-571710,2021,0.51332,0.73305,481
pitcher-571735,2021,0.00054,0.80591,231
pitcher-571760,2021,0.388,0.61974,1118
pitcher-571788,2021,1.54074,1.21476,7
pitcher-571800,2021,-2.25944,0.87827,162
pitcher-571871,2021,-0.58297,0.89035,172
pitcher-571882,2021,0.84222,1.13694,144
pitcher-571901,2021,-2.20319,0.948,436
pitcher-571912,2021,-0.09168,0.07942,9
pitcher-571927,2021,-0.37125,0.52672,1323
pitcher-571945,2021,-0.19874,0.87262,354
pitcher-571946,2021,-0.79734,1.09071,144
pitcher-571948,2021,-1.10842,1.23314,204
pitcher-571951,2021,0.43513,0.67635,32
pitcher-572020,2021,-0.9354,0.79178,12
pitcher-572070,2021,0.80126,0.52381,1111
pitcher-572125,2021,-0.09745,1.11856,246
pitcher-572143,2021,1.33203,1.00805,342
pitcher-572193,2021,1.38477,0.80942,451
pitcher-572761,2021,1.07839,0.79707,17
pitcher-572888,2021,-1.17784,1.35802,254
pitcher-572955,2021,0.28333,0.78144,546
pitcher-572971,2021,1.5427,0.69424,1397
pitcher-573009,2021,-0.2204,1.36905,310
pitcher-573062,2021,-0.02706,1.03499,70
pitcher-573109,2021,-1.33592,0.60565,33
pitcher-573124,2021,1.37912,1.01482,311
pitcher-573127,2021,-1.26077,0.51735,19
pitcher-573131,2021,-0.56159,0.51495,9
pitcher-573186,2021,-0.61182,0.84762,1336
pitcher-573204,2021,-0.13424,0.82176,514
pitcher-573668,2021,1.32914,1.03386,311
pitcher-579328,2021,-1.93713,0.62781,1251
pitcher-591720,2021,2.12222,1.52343,16
pitcher-592094,2021,-1.30476,1.6957,112
pitcher-592135,2021,-0.05594,1.08168,235
pitcher-592145,2021,-0.43906,1.02577,106
pitcher-592165,2021,-2.38147,1.93731,21
pitcher-592169,2021,-1.10475,0.83022,146
pitcher-592222,2021,2.2531,0.81656,318
pitcher-592233,2021,0.64593,1.39842,209
pitcher-592254,2021,0.78538,0.86212,174
pitcher-592273,2021,0.25306,0.17344,12
pitcher-592288,2021,2.71956,1.48325,136
pitcher-592314,2021,-0.34688,0.81392,1133
pitcher-592332,2021,0.29435,0.64906,1335
pitcher-592346,2021,0.55013,0.67153,798
pitcher-592351,2021,-0.24604,0.64188,1303
pitcher-592390,2021,0.68808,0.84222,551
pitcher-592407,2021,-0.37991,0.34931,10
pitcher-592426,2021,-0.67063,0.72444,506
pitcher-592464,2021,0.45059,0.3637,19
pitcher-592473,2021,0.89596,1.1532,108
pitcher-592612,2021,-0.56611,0.96695,116
pitcher-592644,2021,-0.1435,0.75748,514
pitcher-592662,2021,0.05776,0.55085,1449
pitcher-592716,2021,-0.06889,0.53807,256
pitcher-592717,2021,0.29009,1.27068,319
pitcher-592741,2021,-0.35495,0.86664,438
pitcher-592761,2021,-7e-05,0.58612,1068
pitcher-592767,2021,0.99463,0.87713,980
pitcher-592773,2021,0.07041,0.77966,577
pitcher-592789,2021,-0.44818,1.0356,12
pitcher-592791,2021,-0.5706,0.59582,1107
pitcher-592826,2021,-1.32557,0.78049,878
pitcher-592831,2021,2.79643,1.08158,127
pitcher-592836,2021,0.32257,0.77519,1311
pitcher-592858,2021,0.91276,0.99924,229
pitcher-592859,2021,0.42642,0.37576,5
pitcher-592865,2021,0.22912,1.27086,110
pitcher-592866,2021,1.13887,0.75759,735
pitcher-592879,2021,0.13495,0.14062,46
pitcher-593140,2021,0.48296,0.75118,172
pitcher-593144,2021,0.43126,0.98593,435
pitcher-593334,2021,-0.31052,0.88736,759
pitcher-593372,2021,-0.16786,0.77774,667
pitcher-593423,2021,1.0505,0.68285,1402
pitcher-593576,2021,0.42955,0.99402,586
pitcher-593604,2021,0.53242,0.91886,110
pitcher-593619,2021,-0.14615,1.0368,288
pitcher-593643,2021,-0.01076,0.01484,1
pitcher-593833,2021,0.46327,0.98424,368
pitcher-593958,2021,1.26162,0.63988,1350
pitcher-593974,2021,0.18967,0.65984,362
pitcher-594056,2021,0.51244,1.24474,114
pitcher-594311,2021,-1.73939,1.12796,148
pitcher-594577,2021,1.66504,0.73477,632
pitcher-594580,2021,-0.8175,1.3528,104
pitcher-594694,2021,0.36199,0.29613,33
pitcher-594795,2021,0.11899,0.83543,110
pitcher-594798,2021,3.75758,1.23813,529
pitcher-594809,2021,-0.76569,0.65166,11
pitcher-594835,2021,0.54167,0.62583,1167
pitcher-594965,2021,-0.92134,1.13723,337
pitcher-594985,2021,-0.15712,0.95269,112
pitcher-594986,2021,-1.42992,1.31493,135
pitcher-594987,2021,1.02303,0.90067,312
pitcher-595014,2021,-0.44288,0.80421,528
pitcher-595191,2021,0.33735,0.6432,172
pitcher-595263,2021,-0.25918,0.3076,47
pitcher-595284,2021,-0.04449,0.03939,2
pitcher-595345,2021,-1.07539,1.1418,306
pitcher-595411,2021,-0.61802,0.68311,150
pitcher-595465,2021,-1.27226,0.9607,389
pitcher-595798,2021,0.4929,0.44128,43
pitcher-595881,2021,-0.00184,0.03501,13
pitcher-595918,2021,-1.26953,0.71546,49
pitcher-595928,2021,-0.33725,1.24351,332
pitcher-595939,2021,-1.33065,0.4636,247
pitcher-595943,2021,-0.0605,0.07229,1
pitcher-596001,2021,0.23643,0.90778,332
pitcher-596027,2021,-0.37487,0.65881,353
pitcher-596049,2021,0.06643,1.32476,100
pitcher-596056,2021,1.13026,0.83171,12
pitcher-596057,2021,0.43318,0.92464,496
pitcher-596071,2021,0.70472,0.68797,204
pitcher-596082,2021,0.70796,0.94753,85
pitcher-596103,2021,-0.7634,0.53363,5
pitcher-596112,2021,0.48851,1.08928,387
pitcher-596133,2021,1.7046,0.73081,521
pitcher-596295,2021,0.97732,0.63593,944
pitcher-596825,2021,-2.22407,1.8248,15
pitcher-597113,2021,-0.01342,0.56146,38
pitcher-598264,2021,1.98649,0.99707,447
pitcher-598286,2021,0.03373,0.78134,153
pitcher-598287,2021,-0.04395,0.79192,300
pitcher-600887,2021,0.91217,0.41778,40
pitcher-600921,2021,-1.95948,0.77322,320
pitcher-600944,2021,-0.06279,0.14186,16
pitcher-601713,2021,0.4319,0.68111,1346
pitcher-605130,2021,0.60154,0.7423,597
pitcher-605135,2021,-2.51272,0.6779,1211
pitcher-605138,2021,-1.32471,0.74145,228
pitcher-605151,2021,0.54972,0.66271,463
pitcher-605154,2021,2.48815,1.3727,145
pitcher-605155,2021,-0.66596,0.52036,17
pitcher-605164,2021,0.34941,0.72683,797
pitcher-605177,2021,1.10516,1.11342,441
pitcher-605194,2021,-0.03426,1.06355,262
pitcher-605195,2021,-1.83099,0.90241,251
pitcher-605200,2021,1.08763,0.62258,1387
pitcher-605218,2021,0.69476,0.43455,61
pitcher-605240,2021,-0.09228,0.95115,73
pitcher-605242,2021,0.90357,0.60085,573
pitcher-605276,2021,1.089,1.07614,174
pitcher-605280,2021,1.32539,0.75103,626
pitcher-605288,2021,-0.50629,0.68939,1226
pitcher-605309,2021,-1.72615,1.18073,112
pitcher-605347,2021,-1.28481,0.66099,1141
pitcher-605359,2021,0.71309,0.8325,221
pitcher-605388,2021,0.99245,0.8045,228
pitcher-605397,2021,-1.06508,0.698,1447
pitcher-605400,2021,1.07828,0.65327,1474
pitcher-605441,2021,-0.34965,0.83902,246
pitcher-605447,2021,0.22574,0.72684,500
pitcher-605452,2021,-0.70417,0.76953,890
pitcher-605483,2021,0.87932,0.69236,1167
pitcher-605488,2021,0.36818,0.86577,384
pitcher-605501,2021,-0.40503,0.34732,11
pitcher-605507,2021,0.70136,0.75469,596
pitcher-605513,2021,-0.6506,0.64861,378
pitcher-605521,2021,-1.54549,0.76804,152
pitcher-605525,2021,-1.57228,0.90696,376
pitcher-605538,2021,-0.63438,0.83713,429
pitcher-605540,2021,0.2082,0.58604,1338
pitcher-605541,2021,-1.58621,1.06073,176
pitcher-605612,2021,-0.28394,0.16935,22
pitcher-606149,2021,1.69238,0.6517,559
pitcher-606160,2021,0.24868,0.72284,410
pitcher-606162,2021,-0.22404,0.21296,9
pitcher-606213,2021,-0.05853,0.13276,21
pitcher-606303,2021,-1.52959,0.89082,398
pitcher-606424,2021,0.27068,0.81819,510
pitcher-606625,2021,0.24209,0.45113,27
pitcher-606930,2021,1.01573,0.84518,283
pitcher-606965,2021,0.14373,0.62807,73
pitcher-607054,2021,-0.17646,0.54769,23
pitcher-607067,2021,0.74062,0.50509,45
pitcher-607074,2021,1.86652,0.58062,1045
pitcher-607179,2021,-0.27235,1.05208,69
pitcher-607188,2021,-0.16184,0.96866,340
pitcher-607192,2021,-0.5869,0.60999,648
pitcher-607200,2021,-0.00702,0.70286,1295
pitcher-607216,2021,-2.31478,1.27322,68
pitcher-607219,2021,-1.45391,1.0765,241
pitcher-607229,2021,-2.05367,1.29042,205
pitcher-607231,2021,0.05349,0.52336,1009
pitcher-607237,2021,0.61894,1.08771,422
pitcher-607352,2021,0.14404,0.11111,23
pitcher-607359,2021,1.46655,0.8624,374
pitcher-607374,2021,-0.63831,1.40716,64
pitcher-607391,2021,-1.52175,1.34316,198
pitcher-607455,2021,-0.38786,1.0602,297
pitcher-607457,2021,-0.45211,0.94383,141
pitcher-607468,2021,-1.09666,0.74251,39
pitcher-607481,2021,-0.22853,0.82005,529
pitcher-607536,2021,1.27118,0.65816,967
pitcher-607560,2021,-1.39101,1.02515,267
pitcher-607572,2021,0.9232,0.80369,429
pitcher-607625,2021,0.80733,1.05978,366
pitcher-607644,2021,0.83747,0.42922,1120
pitcher-607680,2021,-0.06664,0.05231,3
pitcher-607755,2021,-0.62963,0.51455,12
pitcher-608032,2021,-0.05314,0.73612,490
pitcher-608328,2021,0.63132,0.84987,388
pitcher-608331,2021,-0.30283,0.69397,1228
pitcher-608334,2021,-0.57941,0.94961,228
pitcher-608335,2021,0.14156,0.69644,610
pitcher-608337,2021,0.5778,0.46551,1384
pitcher-608344,2021,-0.13965,0.69151,1237
pitcher-608349,2021,0.60447,0.64875,199
pitcher-608371,2021,-0.05746,0.83006,437
pitcher-608379,2021,-0.30489,0.76155,854
pitcher-608566,2021,-0.64414,0.58579,1372
pitcher-608638,2021,1.76535,0.98327,450
pitcher-608648,2021,1.05359,0.69484,553
pitcher-608650,2021,0.53929,0.62825,151
pitcher-608652,2021,-1.576,0.94539,250
pitcher-608665,2021,3.01021,0.75253,450
pitcher-608678,2021,1.16541,0.82959,410
pitcher-608686,2021,0.81428,0.89193,2
pitcher-608700,2021,-0.49019,0.42024,8
pitcher-608716,2021,1.77077,0.8759,484
pitcher-608717,2021,0.55371,0.91408,668
pitcher-608718,2021,1.94578,0.75508,599
pitcher-608723,2021,-0.02145,0.90109,495
pitcher-612434,2021,-0.71708,0.69563,678
pitcher-613534,2021,1.75767,0.78907,536
pitcher-614179,2021,2.07591,0.875,509
pitcher-615698,2021,-0.01467,0.56495,1142
pitcher-617228,2021,0.49388,0.62324,459
pitcher-620396,2021,1.31101,0.86038,49
pitcher-621002,2021,-0.07795,0.07889,5
pitcher-621011,2021,0.38244,0.33852,6
pitcher-621052,2021,-1.0462,0.75274,637
pitcher-621056,2021,1.12677,0.8383,36
pitcher-621057,2021,-0.1388,0.63938,277
pitcher-621074,2021,0.86554,0.6367,236
pitcher-621076,2021,1.23594,0.74467,1066
pitcher-621078,2021,-0.18592,0.32239,13
pitcher-621098,2021,1.17292,1.15723,87
pitcher-621107,2021,0.7873,0.86286,787
pitcher-621111,2021,0.8651,0.54608,1557
pitcher-621112,2021,0.43072,0.69658,378
pitcher-621114,2021,-2.41802,1.12878,308
pitcher-621121,2021,-0.90349,0.60687,1546
pitcher-621129,2021,-0.99607,0.8663,100
pitcher-621139,2021,-0.00719,0.49796,91
pitcher-621219,2021,-0.00334,0.58136,991
pitcher-621237,2021,0.59494,0.67987,579
pitcher-621242,2021,0.02607,0.8189,479
pitcher-621244,2021,1.63047,0.81939,1545
pitcher-621248,2021,-0.00074,0.75221,258
pitcher-621249,2021,1.11351,0.73333,576
pitcher-621259,2021,-1.26802,2.05804,34
pitcher-621261,2021,0.69604,0.5812,66
pitcher-621295,2021,0.30019,0.66754,522
pitcher-621345,2021,-0.98039,0.7893,426
pitcher-621348,2021,-0.9697,0.96578,418
pitcher-621366,2021,-2.13446,0.75671,201
pitcher-621368,2021,-0.58733,0.58371,883
pitcher-621381,2021,-0.86177,1.40845,55
pitcher-621433,2021,0.34334,0.28712,14
pitcher-621500,2021,0.87519,0.81973,4
pitcher-621532,2021,-0.075,0.081,11
pitcher-621593,2021,-1.16582,1.33221,240
pitcher-622065,2021,-1.08171,0.93333,422
pitcher-622072,2021,0.45163,0.75901,1106
pitcher-622075,2021,0.76338,0.7059,460
pitcher-622088,2021,-0.42079,0.74071,301
pitcher-622092,2021,-0.45663,0.90023,489
pitcher-622098,2021,-0.11698,0.91078,289
pitcher-622110,2021,-0.25081,0.1981,4
pitcher-622250,2021,0.4666,0.80028,505
pitcher-622251,2021,1.05105,0.72565,572
pitcher-622253,2021,0.05793,0.9016,535
pitcher-622256,2021,0.01888,0.80671,61
pitcher-622446,2021,-1.32829,0.71416,209
pitcher-622491,2021,0.19711,0.46538,1553
pitcher-622492,2021,-0.34016,0.37394,27
pitcher-622503,2021,-0.15671,0.71203,661
pitcher-622554,2021,-0.71135,0.70291,6
pitcher-622608,2021,-0.36915,0.54371,1196
pitcher-622663,2021,1.38016,0.52219,51
pitcher-622694,2021,-0.27981,0.94229,375
pitcher-622766,2021,3.1205,1.01021,381
pitcher-622780,2021,0.14067,0.97861,199
pitcher-622786,2021,-0.49001,0.48368,14
pitcher-623149,2021,-1.4068,0.81363,544
pitcher-623167,2021,0.26196,0.564,1343
pitcher-623352,2021,1.20171,0.83042,456
pitcher-623354,2021,-0.38399,0.56283,37
pitcher-623364,2021,-1.56932,1.16203,172
pitcher-623433,2021,-1.76885,0.87781,47
pitcher-623437,2021,0.97482,1.21269,45
pitcher-623454,2021,0.81844,1.00134,182
pitcher-623465,2021,-0.68675,0.84755,105
pitcher-623470,2021,0.47721,0.54694,47
pitcher-623474,2021,0.20218,1.23121,165
pitcher-623485,2021,-0.8625,1.00506,281
pitcher-624133,2021,1.12222,0.76482,829
pitcher-624414,2021,-0.35607,0.30589,10
pitcher-624418,2021,-0.91356,0.69938,36
pitcher-624427,2021,-0.71835,0.51412,36
pitcher-624522,2021,-0.27378,0.76205,473
pitcher-624586,2021,-0.2893,0.94061,96
pitcher-624647,2021,-2.04469,1.06819,280
pitcher-625643,2021,-0.94202,0.76237,466
pitcher-626929,2021,-2.15624,0.96327,131
pitcher-628317,2021,0.2395,0.81025,847
pitcher-628345,2021,-1.41273,0.44285,60
pitcher-628452,2021,1.37352,0.99536,468
pitcher-628711,2021,-0.07821,0.60732,1307
pitcher-630105,2021,0.08115,0.06964,3
pitcher-640444,2021,-0.57346,0.6139,1103
pitcher-640448,2021,0.26989,0.91218,608
pitcher-640451,2021,-0.26476,0.83634,65
pitcher-640455,2021,-1.41463,0.67858,1411
pitcher-640462,2021,0.81627,1.08038,128
pitcher-640464,2021,0.33272,1.11019,128
pitcher-640470,2021,-1.32497,0.70818,947
pitcher-641154,2021,-0.79752,0.83588,792
pitcher-641302,2021,-0.91398,0.88031,797
pitcher-641312,2021,-1.46292,0.7078,208
pitcher-641329,2021,0.00293,0.06252,9
pitcher-641360,2021,-1.75304,0.8497,374
pitcher-641384,2021,-0.22912,0.21753,9
pitcher-641386,2021,0.68549,0.91328,345
pitcher-641394,2021,1.37202,0.63605,582
pitcher-641401,2021,-0.96739,0.68324,422
pitcher-641420,2021,0.40444,0.77698,82
pitcher-641447,2021,-1.61218,1.09024,161
pitcher-641482,2021,0.0846,0.97612,776
pitcher-641540,2021,-0.52769,0.76163,973
pitcher-641541,2021,-2.99888,0.94077,146
pitcher-641576,2021,-0.16977,0.15963,7
pitcher-641582,2021,0.35307,0.81812,355
pitcher-641632,2021,-0.22917,1.32444,203
pitcher-641645,2021,0.00321,0.0709,9
pitcher-641672,2021,0.65662,1.2173,73
pitcher-641682,2021,0.04278,0.8426,298
pitcher-641703,2021,0.26773,0.61334,39
pitcher-641712,2021,-0.3456,0.4214,66
pitcher-641726,2021,-0.72961,0.52216,106
pitcher-641729,2021,-0.54716,0.761,415
pitcher-641743,2021,-0.37632,0.87649,319
pitcher-641745,2021,1.11735,0.62701,1163
pitcher-641755,2021,0.38254,0.81433,505
pitcher-641771,2021,-0.67989,0.53995,785
pitcher-641778,2021,-1.06749,0.71979,973
pitcher-641793,2021,-0.40286,0.77865,455
pitcher-641816,2021,0.2603,0.69971,1677
pitcher-641835,2021,0.31007,0.88861,434
pitcher-641851,2021,-1.85708,0.87776,271
pitcher-641871,2021,-2.04141,1.11196,235
pitcher-641907,2021,0.25931,1.13846,249
pitcher-641927,2021,2.09154,0.78267,716
pitcher-641941,2021,0.76706,1.01987,491
pitcher-641995,2021,-0.91681,0.74419,9
pitcher-642003,2021,-0.67417,1.31169,83
pitcher-642028,2021,2.4034,1.00663,267
pitcher-642048,2021,-0.38588,1.14671,213
pitcher-642068,2021,1.58502,1.04549,231
pitcher-642073,2021,2.3398,0.70461,129
pitcher-642083,2021,0.38449,0.86601,279
pitcher-642092,2021,-0.24859,1.14125,543
pitcher-642100,2021,-2.0832,1.28413,50
pitcher-642121,2021,0.81649,0.76016,494
pitcher-642130,2021,1.95843,0.85801,397
pitcher-642152,2021,0.1259,0.82989,601
pitcher-642162,2021,-0.04231,0.03769,1
pitcher-642203,2021,0.24928,0.85283,630
pitcher-642207,2021,0.05077,0.82395,512
pitcher-642232,2021,-0.01467,0.71707,1226
pitcher-642233,2021,0.96328,0.97294,182
pitcher-642336,2021,1.03135,0.83244,13
pitcher-642397,2021,0.25633,0.73694,576
pitcher-642528,2021,-0.90147,0.89804,472
pitcher-642545,2021,0.64262,1.05848,472
pitcher-642547,2021,-0.80964,0.53724,1218
pitcher-642659,2021,-0.41221,0.346,17
pitcher-642701,2021,0.13526,0.88591,451
pitcher-642727,2021,-0.04281,0.03789,1
pitcher-642758,2021,-0.62596,0.59501,78
pitcher-642759,2021,-0.47935,0.53325,60
pitcher-642770,2021,-0.99049,0.67368,30
pitcher-642851,2021,0.90998,0.80912,5
pitcher-643230,2021,0.68573,0.7839,236
pitcher-643256,2021,-3.83084,0.95302,492
pitcher-643290,2021,-2.28259,1.17446,437
pitcher-643316,2021,-0.03734,0.7682,500
pitcher-643327,2021,-0.53422,0.47918,49
pitcher-643338,2021,0.22696,0.82517,601
pitcher-643377,2021,-0.15155,0.86831,676
pitcher-643400,2021,-0.32039,0.43731,100
pitcher-643493,2021,-0.67576,0.99901,43
pitcher-643511,2021,-0.34034,0.9729,542
pitcher-643565,2021,1.08486,0.88386,10
pitcher-643615,2021,-1.41219,0.63862,138
pitcher-643778,2021,1.70073,0.8994,206
pitcher-645261,2021,-0.65528,0.74699,1377
pitcher-646242,2021,-0.37384,0.51893,121
pitcher-647315,2021,-0.82311,0.92976,470
pitcher-649144,2021,0.97543,1.03162,422
pitcher-650347,2021,1.21066,1.53213,116
pitcher-650382,2021,-1.2438,0.95232,433
pitcher-650496,2021,0.4116,0.9319,496
pitcher-650530,2021,0.99639,0.71539,368
pitcher-650556,2021,-0.44603,0.97581,346
pitcher-650633,2021,-0.54016,0.75758,513
pitcher-650644,2021,0.54128,0.83762,943
pitcher-650668,2021,-0.48257,0.63857,203
pitcher-650671,2021,1.02095,0.96421,263
pitcher-650828,2021,1.29677,1.11032,287
pitcher-650893,2021,0.16023,0.65782,581
pitcher-650895,2021,0.32473,0.76934,463
pitcher-650911,2021,0.05856,0.86013,96
pitcher-650959,2021,-1.39981,0.99039,269
pitcher-655889,2021,-1.60364,0.69859,154
pitcher-656061,2021,1.59871,0.73631,328
pitcher-656186,2021,0.99581,0.62746,10
pitcher-656212,2021,-1.76169,1.08321,348
pitcher-656232,2021,0.15676,0.88383,417
pitcher-656240,2021,-0.87196,0.79603,45
pitcher-656266,2021,-0.66191,1.08521,142
pitcher-656288,2021,0.15072,0.89177,510
pitcher-656290,2021,-0.75532,0.85246,37
pitcher-656302,2021,0.75008,0.65092,1488
pitcher-656322,2021,-1.28105,0.96692,347
pitcher-656353,2021,-0.76616,1.05165,144
pitcher-656354,2021,0.23426,0.97759,246
pitcher-656420,2021,0.56945,0.99818,479
pitcher-656427,2021,-0.18437,0.85792,697
pitcher-656457,2021,0.59602,0.87522,279
pitcher-656458,2021,0.05534,0.71546,378
pitcher-656464,2021,-1.92573,1.10949,278
pitcher-656529,2021,-1.37488,0.67321,628
pitcher-656546,2021,0.16289,0.69302,689
pitcher-656548,2021,0.15662,0.81586,367
pitcher-656557,2021,0.69966,0.58003,587
pitcher-656578,2021,0.09083,0.26298,92
pitcher-656605,2021,-1.53113,0.68594,915
pitcher-656620,2021,0.78148,0.83481,84
pitcher-656629,2021,-0.44948,0.65447,585
pitcher-656638,2021,1.04459,0.92431,292
pitcher-656641,2021,0.25626,0.2757,38
pitcher-656669,2021,0.08657,0.07903,11
pitcher-656685,2021,2.12789,1.03164,382
pitcher-656686,2021,-1.66079,0.7179,180
pitcher-656725,2021,0.54013,0.34904,17
pitcher-656730,2021,0.36699,0.85243,233
pitcher-656731,2021,-0.76216,0.6982,753
pitcher-656756,2021,-0.12967,0.5712,1197
pitcher-656793,2021,-0.6957,0.89283,164
pitcher-656794,2021,-0.62849,0.7812,341
pitcher-656803,2021,0.24392,1.06024,46
pitcher-656818,2021,1.53742,0.88417,127
pitcher-656849,2021,0.55972,0.98736,569
pitcher-656876,2021,1.42846,0.73544,607
pitcher-656887,2021,1.5832,1.00805,194
pitcher-656945,2021,1.37495,0.83413,515
pitcher-656954,2021,1.66218,0.84661,753
pitcher-656970,2021,0.35232,0.2734,22
pitcher-656981,2021,0.45864,1.06894,126
pitcher-657006,2021,-1.93783,0.7062,504
pitcher-657024,2021,-0.7787,1.04694,246
pitcher-657031,2021,-0.29816,0.63671,365
pitcher-657044,2021,-1.25668,1.24741,237
pitcher-657053,2021,-0.48416,1.15454,444
pitcher-657093,2021,0.77619,0.69959,497
pitcher-657097,2021,0.82824,1.16565,237
pitcher-657140,2021,-1.12101,0.47875,73
pitcher-657141,2021,-0.27317,1.07318,51
pitcher-657228,2021,-0.37546,0.81018,101
pitcher-657240,2021,0.69903,1.13592,106
pitcher-657248,2021,-0.1232,1.06105,212
pitcher-657277,2021,-1.00795,0.71796,1147
pitcher-657376,2021,1.44969,0.79613,64
pitcher-657508,2021,-0.30748,0.81939,95
pitcher-657610,2021,1.32273,1.00684,36
pitcher-657612,2021,-3.47387,0.84141,491
pitcher-657624,2021,-0.22756,0.40201,38
pitcher-657697,2021,-0.3937,0.31735,14
pitcher-657746,2021,1.8573,0.64173,189
pitcher-657756,2021,0.33191,0.27002,23
pitcher-658069,2021,-0.03253,0.05349,5
pitcher-658305,2021,1.99773,1.08223,145
pitcher-658431,2021,-1.26716,0.72262,75
pitcher-658551,2021,0.57954,1.43588,182
pitcher-658648,2021,0.00309,0.18475,45
pitcher-659275,2021,-0.56101,0.8668,401
pitcher-660271,2021,-0.85088,0.77396,1016
pitcher-660365,2021,-1.08774,1.10435,269
pitcher-660422,2021,-0.56291,0.49774,32
pitcher-660546,2021,0.44196,0.82167,235
pitcher-660600,2021,-2.97494,1.11701,150
pitcher-660620,2021,-0.14458,0.13158,5
pitcher-660623,2021,1.03068,0.77889,730
pitcher-660761,2021,0.99759,0.63303,800
pitcher-660813,2021,-1.42078,0.73014,248
pitcher-660825,2021,0.19412,0.16821,28
pitcher-660853,2021,-0.76372,0.92997,301
pitcher-660896,2021,-1.0478,0.89352,385
pitcher-660906,2021,-0.49056,0.74251,67
pitcher-661255,2021,-0.68836,0.79594,99
pitcher-661269,2021,0.05863,0.54502,920
pitcher-661383,2021,-0.6631,1.68269,76
pitcher-661403,2021,-0.87103,0.94293,453
pitcher-661440,2021,0.20818,0.70208,78
pitcher-661527,2021,-0.125,0.83833,35
pitcher-661563,2021,-1.2829,0.64189,275
pitcher-662253,2021,-0.7167,0.65952,12
pitcher-663366,2021,-1.22343,1.33309,135
pitcher-663372,2021,-1.05248,0.56258,81
pitcher-663378,2021,0.75003,0.49576,49
pitcher-663399,2021,-0.14187,0.89819,115
pitcher-663423,2021,0.35341,0.86427,455
pitcher-663432,2021,-1.98973,1.09649,315
pitcher-663460,2021,-0.4563,0.53769,1158
pitcher-663465,2021,0.2385,0.65462,1009
pitcher-663474,2021,-0.53067,0.68244,975
pitcher-663531,2021,0.42484,0.77615,446
pitcher-663554,2021,0.5858,0.55636,1234
pitcher-663556,2021,-0.21341,0.66638,906
pitcher-663558,2021,1.32628,1.24404,71
pitcher-663559,2021,0.50501,0.9756,278
pitcher-663567,2021,-0.85721,0.43014,63
pitcher-663574,2021,-1.18776,1.41216,409
pitcher-663734,2021,1.74849,0.8009,304
pitcher-663738,2021,0.01086,1.27072,603
pitcher-663753,2021,-1.05812,0.9628,252
pitcher-663765,2021,0.04124,0.71315,607
pitcher-663770,2021,0.5998,1.22799,259
pitcher-663776,2021,0.41957,0.55591,732
pitcher-663804,2021,1.42643,1.05726,342
pitcher-663853,2021,0.02443,0.03039,1
pitcher-663855,2021,-1.46604,1.37293,121
pitcher-663878,2021,0.36656,1.05808,180
pitcher-663903,2021,0.9437,0.574,1224
pitcher-663959,2021,-0.54821,0.35017,41
pitcher-663978,2021,-0.22664,0.75606,899
pitcher-663986,2021,-1.74007,0.93813,620
pitcher-663992,2021,-2.11014,0.97999,162
pitcher-664042,2021,-1.3886,1.06108,268
pitcher-664045,2021,-3.57217,1.30391,241
pitcher-664054,2021,0.25116,0.61675,142
pitcher-664062,2021,0.99374,0.9418,503
pitcher-664074,2021,-0.30711,0.92287,341
pitcher-664076,2021,0.68016,0.89215,205
pitcher-664092,2021,-0.27996,0.85812,228
pitcher-664123,2021,2.18861,0.81515,119
pitcher-664126,2021,-0.66738,0.90208,386
pitcher-664129,2021,-0.81122,0.37761,118
pitcher-664139,2021,-0.72001,0.84161,41
pitcher-664141,2021,1.03052,0.73333,955
pitcher-664157,2021,-1.2036,0.96517,102
pitcher-664192,2021,0.74229,0.95352,338
pitcher-664196,2021,0.08315,0.12896,31
pitcher-664199,2021,0.73523,0.89036,346
pitcher-664208,2021,-1.45459,0.60969,577
pitcher-664285,2021,-2.56783,0.66053,1107
pitcher-664294,2021,0.1324,0.39109,24
pitcher-664299,2021,0.17555,0.64529,934
pitcher-664337,2021,-1.19073,0.74095,126
pitcher-664353,2021,-1.32439,0.75171,749
pitcher-664584,2021,-0.27718,0.73415,35
pitcher-664682,2021,-0.10227,0.60045,75
pitcher-664714,2021,-0.00403,1.08894,118
pitcher-664776,2021,2.13459,0.8481,295
pitcher-664789,2021,0.38875,0.29395,11
pitcher-664852,2021,0.2811,0.25615,30
pitcher-664854,2021,-1.38245,0.7492,410
pitcher-664875,2021,-1.09927,1.17972,208
pitcher-664901,2021,0.8351,0.73771,5
pitcher-664918,2021,-1.85257,1.19555,320
pitcher-664948,2021,1.61352,0.87922,394
pitcher-665152,2021,-1.89098,0.91993,505
pitcher-665155,2021,-0.0155,0.02115,1
pitcher-665620,2021,-0.60928,0.53696,80
pitcher-665621,2021,-0.5093,0.33348,36
pitcher-665625,2021,-1.91936,1.51798,34
pitcher-665645,2021,-1.48671,0.6614,99
pitcher-665661,2021,-1.04299,0.91023,46
pitcher-665665,2021,-1.81935,1.35588,94
pitcher-665733,2021,-0.80381,0.92797,99
pitcher-665759,2021,-1.13277,1.38519,70
pitcher-665795,2021,1.42913,1.08542,237
pitcher-665854,2021,-0.23617,0.82585,316
pitcher-665896,2021,-1.0504,1.07545,50
pitcher-666120,2021,0.57716,0.8079,1077
pitcher-666129,2021,0.9447,1.6181,305
pitcher-666159,2021,-1.44068,0.77414,723
pitcher-666168,2021,-0.40302,1.30379,233
pitcher-666200,2021,1.00597,0.78528,857
pitcher-666201,2021,-1.1157,0.83666,917
pitcher-666205,2021,0.10959,0.83147,336
pitcher-666619,2021,-1.28789,0.76689,32
pitcher-666808,2021,0.38337,0.77633,245
pitcher-666818,2021,-0.22099,0.27641,37
pitcher-667297,2021,0.76095,1.02334,245
pitcher-667373,2021,-0.38714,1.02109,14
pitcher-667376,2021,-1.77268,0.84858,197
pitcher-667463,2021,0.28912,1.25267,329
pitcher-667465,2021,0.85321,0.67874,43
pitcher-667498,2021,0.76863,1.55467,233
pitcher-667725,2021,0.7363,0.87921,96
pitcher-668665,2021,1.61832,1.27002,24
pitcher-668670,2021,-1.02598,0.83298,7
pitcher-668676,2021,0.70763,0.79058,1040
pitcher-668678,2021,0.67544,0.7898,1105
pitcher-668687,2021,-0.38938,1.13237,211
pitcher-668820,2021,-0.35307,0.9619,295
pitcher-668941,2021,-0.62481,0.79448,81
pitcher-668968,2021,-2.64345,1.11098,63
pitcher-669060,2021,-0.33569,0.71541,533
pitcher-669135,2021,-0.16131,0.79076,98
pitcher-669145,2021,0.60165,1.11839,553
pitcher-669160,2021,1.46292,1.60192,188
pitcher-669169,2021,-0.05469,0.43556,133
pitcher-669203,2021,1.06509,0.57446,1268
pitcher-669211,2021,0.97568,0.71598,855
pitcher-669212,2021,0.12893,0.92563,674
pitcher-669214,2021,-0.22075,1.53022,108
pitcher-669276,2021,0.18331,0.20564,10
pitcher-669294,2021,1.45406,1.09887,232
pitcher-669302,2021,-0.00649,0.74125,978
pitcher-669330,2021,-0.10881,0.82766,382
pitcher-669358,2021,-1.14329,1.18248,92
pitcher-669373,2021,-0.30027,0.66098,1237
pitcher-669395,2021,-1.25418,0.95328,49
pitcher-669424,2021,-0.67996,0.71415,115
pitcher-669432,2021,-0.95409,0.76072,1050
pitcher-669456,2021,0.15278,0.82021,751
pitcher-669459,2021,-1.39437,0.75619,96
pitcher-669618,2021,1.39739,1.18851,210
pitcher-669622,2021,0.81961,0.67458,563
pitcher-669674,2021,0.66073,0.91023,357
pitcher-669735,2021,0.07097,0.87645,270
pitcher-669912,2021,1.53749,1.25893,58
pitcher-669935,2021,-0.21635,1.20483,228
pitcher-669952,2021,-0.83172,0.93991,371
pitcher-670050,2021,-0.07383,0.46941,40
pitcher-670056,2021,-0.75943,0.73861,182
pitcher-670057,2021,1.84709,1.34828,24
pitcher-670087,2021,0.07673,0.45263,33
pitcher-670090,2021,-1.31826,1.81303,132
pitcher-670167,2021,-0.10779,0.17954,31
pitcher-670280,2021,0.23051,0.60878,417
pitcher-670456,2021,-0.45195,0.8828,234
pitcher-670550,2021,-1.15925,1.32579,67
pitcher-670766,2021,-0.11016,0.33061,90
pitcher-670912,2021,-0.55298,0.90275,562
pitcher-670950,2021,0.61796,0.69327,528
pitcher-670955,2021,1.44812,0.81955,180
pitcher-670970,2021,-0.44896,0.431,40
pitcher-670990,2021,1.0481,0.8111,223
pitcher-671345,2021,0.19684,0.98731,113
pitcher-671790,2021,-0.37292,0.27213,54
pitcher-672282,2021,-2.81957,0.91164,186
pitcher-672335,2021,-1.92045,1.13424,253
pitcher-672391,2021,-0.99692,0.95937,5
pitcher-672578,2021,-0.32441,0.59481,705
pitcher-672582,2021,0.09397,0.20227,35
pitcher-672710,2021,-0.77183,0.53602,23
pitcher-672715,2021,-1.25565,0.84102,634
pitcher-672851,2021,1.97414,1.35285,50
pitcher-674944,2021,-1.93148,1.19956,174
pitcher-675911,2021,-0.46,0.29213,14
pitcher-675912,2021,1.4128,0.84113,298
pitcher-675916,2021,0.14342,0.6992,543
pitcher-675921,2021,-1.53349,0.87125,498
pitcher-675971,2021,-1.18636,0.99819,10
pitcher-676050,2021,0.06639,0.85891,195
pitcher-676051,2021,-0.8723,0.83657,468
pitcher-676083,2021,-0.41357,0.88571,123
pitcher-676103,2021,-0.8456,0.73798,8
pitcher-676220,2021,0.69387,1.10572,125
pitcher-676265,2021,-0.86834,0.9138,178
pitcher-676424,2021,0.17855,0.65771,99
pitcher-676477,2021,0.60717,0.73981,558
pitcher-676596,2021,1.28888,0.82383,804
pitcher-676604,2021,0.70717,0.91416,273
pitcher-676606,2021,0.86611,0.39713,130
pitcher-676617,2021,0.20873,0.17404,23
pitcher-676684,2021,1.27976,0.70578,299
pitcher-676709,2021,1.48992,1.00088,73
pitcher-676710,2021,-0.06753,0.13572,21
pitcher-676755,2021,0.25973,0.48412,47
pitcher-676766,2021,-0.6002,0.84553,30
pitcher-676831,2021,0.35044,0.93514,181
pitcher-676840,2021,-0.4881,0.81809,661
pitcher-676879,2021,0.04263,0.69618,267
pitcher-676886,2021,-1.27633,0.8028,92
pitcher-676969,2021,0.66976,0.81989,498
pitcher-676979,2021,-1.67191,0.99408,486
pitcher-677651,2021,-0.61505,0.88548,1246
pitcher-677865,2021,-0.66089,1.04383,119
pitcher-677960,2021,0.59712,1.04996,861
pitcher-677976,2021,-0.65507,0.87335,386
pitcher-680430,2021,-0.03187,0.05933,9
pitcher-680686,2021,2.33403,0.75302,582
pitcher-680692,2021,-0.67346,0.6724,9
pitcher-680704,2021,-1.91665,0.96075,353
pitcher-681806,2021,1.05242,0.76676,245
pitcher-681810,2021,1.05509,0.99678,144
pitcher-681867,2021,0.69119,0.47107,21
pitcher-681911,2021,-1.01285,1.36908,329
pitcher-683232,2021,0.53483,0.9903,219
pitcher-685503,2021,0.12343,0.96432,377
umpire-427013,2022,-0.96777,0.54453,3907
umpire-427019,2022,1.10429,0.35841,4378
umpire-427044,2022,-0.06784,0.35402,4164
umpire-427053,2022,-0.15656,0.36658,4356
umpire-427093,2022,2.22783,0.37071,4230
umpire-427113,2022,0.22965,0.44903,4375
umpire-427128,2022,0.72226,0.43983,3040
umpire-427129,2022,0.89274,0.5677,3857
umpire-427139,2022,1.85917,0.51195,4008
umpire-427144,2022,-0.80047,0.42338,3868
umpire-427164,2022,-0.01783,0.34041,4113
umpire-427168,2022,0.80239,1.16474,1560
umpire-427184,2022,0.65142,1.04246,1366
umpire-427197,2022,-0.32457,0.47489,4388
umpire-427206,2022,-0.72999,0.56814,1488
umpire-427220,2022,-0.21083,0.44342,4211
umpire-427224,2022,-0.4922,0.64226,2719
umpire-427243,2022,0.23315,0.37719,4055
umpire-427248,2022,0.9936,0.42249,4457
umpire-427286,2022,-0.31668,0.4051,4099
umpire-427292,2022,0.79889,0.57499,2974
umpire-427299,2022,0.0908,0.44029,2714
umpire-427315,2022,-2.18042,0.36173,4014
umpire-427339,2022,0.28724,0.55494,3907
umpire-427344,2022,1.94421,0.32239,4494
umpire-427362,2022,0.68112,0.56118,3858
umpire-427366,2022,2.19897,0.44123,2806
umpire-427424,2022,-0.79942,0.56535,3068
umpire-427520,2022,-0.74058,0.39171,4001
umpire-427533,2022,-0.87544,0.35655,3265
umpire-427534,2022,0.09806,0.5012,2987
umpire-427537,2022,0.35092,0.47353,4045
umpire-427554,2022,1.4494,0.41953,2442
umpire-428442,2022,-0.10009,0.36123,4251
umpire-429805,2022,-1.93669,0.30537,3781
umpire-431232,2022,-0.21963,0.36062,3981
umpire-482608,2022,-1.1859,0.44407,3459
umpire-482620,2022,0.48574,0.44801,4185
umpire-482631,2022,0.96795,0.78468,1708
umpire-482641,2022,-1.38558,0.50629,4412
umpire-482663,2022,-1.00318,0.37749,3953
umpire-482666,2022,0.24935,0.41249,3992
umpire-483561,2022,3.13987,0.4822,3906
umpire-483564,2022,-1.06022,0.37916,4663
umpire-483569,2022,0.25232,0.4079,4348
umpire-483630,2022,0.25058,0.44132,4289
umpire-483912,2022,-0.19203,0.34597,3885
umpire-483919,2022,0.55574,0.28258,4296
umpire-484183,2022,0.57285,0.48967,3981
umpire-484198,2022,-2.34012,0.36404,4449
umpire-484499,2022,-0.25257,0.43213,4204
umpire-486200,2022,-0.92952,0.55936,262
umpire-489985,2022,-0.04814,0.34091,4208
umpire-490319,2022,-1.06033,0.37122,4720
umpire-503077,2022,0.28385,0.37231,4333
umpire-503490,2022,-0.31225,0.28271,4747
umpire-503493,2022,0.10445,0.28482,4292
umpire-503502,2022,1.05583,0.43577,4652
umpire-503586,2022,-1.13736,0.46688,4523
umpire-504381,2022,0.17905,0.31975,4218
umpire-511890,2022,0.70845,0.51158,3538
umpire-521051,2022,2.03616,0.44139,5261
umpire-521251,2022,-0.32843,0.28992,4241
umpire-521889,2022,0.68685,0.28432,4046
umpire-544728,2022,-0.47102,0.35377,4307
umpire-545402,2022,-0.65145,0.64414,1725
umpire-547380,2022,-1.93513,0.33739,4541
umpire-554242,2022,-1.68412,0.33238,5223
umpire-573596,2022,-0.65177,0.37547,4078
umpire-573597,2022,0.53637,0.34435,4510
umpire-573769,2022,1.54537,0.4209,4036
umpire-575629,2022,-1.41057,0.42243,5229
umpire-577468,2022,0.34551,0.46391,4169
umpire-594151,2022,0.67744,0.42003,4217
umpire-596740,2022,-0.92399,0.33446,4501
umpire-596805,2022,-0.96735,0.28191,4678
umpire-596809,2022,-1.06593,0.37521,4084
umpire-598411,2022,0.74457,0.36523,4690
umpire-605670,2022,0.95952,0.37729,4524
umpire-605671,2022,-1.22775,0.42156,3322
umpire-605672,2022,0.00942,0.32493,3702
umpire-605673,2022,-0.13086,0.45644,3311
umpire-605674,2022,0.26972,0.34038,4609
umpire-607884,2022,0.25041,0.25461,174
umpire-607886,2022,-0.49215,1.45624,278
umpire-608093,2022,1.55165,0.39099,4945
umpire-608158,2022,-1.37697,0.45914,2159
umpire-622329,2022,0.07177,1.08622,442
umpire-623938,2022,0.46205,0.43844,4098
umpire-623945,2022,-0.9037,0.67236,878
umpire-623946,2022,1.3791,0.50917,3518
umpire-623949,2022,-0.88473,0.46268,4132
umpire-639723,2022,-0.7729,0.74396,2168
umpire-644760,2022,0.14837,0.34065,4712
umpire-664265,2022,-0.5319,0.90425,897
umpire-665576,2022,0.15767,0.53038,1041
catcher-425877,2022,0.94175,0.36492,5178
catcher-435559,2022,-0.81341,0.53301,2923
catcher-444489,2022,0.02026,1.13264,379
catcher-455117,2022,0.17285,0.43837,7294
catcher-455139,2022,-2.66587,0.372,4324
catcher-488771,2022,-1.18487,0.63072,1531
catcher-506702,2022,0.0322,0.62147,1825
catcher-518595,2022,1.0608,0.36653,7087
catcher-518735,2022,1.37745,0.47664,4458
catcher-519222,2022,-0.3966,0.49566,2930
catcher-519390,2022,-1.24365,0.92416,1060
catcher-521692,2022,-1.52282,0.37154,5424
catcher-542194,2022,0.94556,0.43715,3194
catcher-542963,2022,0.235,0.42103,52
catcher-543228,2022,-0.13235,0.35171,4886
catcher-543309,2022,1.32404,0.33843,4923
catcher-543510,2022,1.01894,0.3158,3643
catcher-543592,2022,-0.7952,0.38165,6709
catcher-543877,2022,0.84486,0.34681,7115
catcher-545358,2022,0.42115,0.37003,6567
catcher-547172,2022,0.81322,0.61156,46
catcher-547379,2022,1.5836,0.69604,1389
catcher-553869,2022,-1.43268,0.33913,7129
catcher-553882,2022,1.2216,0.34128,6046
catcher-571466,2022,0.03952,0.33846,6385
catcher-571912,2022,0.23709,0.39753,3953
catcher-572287,2022,0.9188,0.41457,2204
catcher-572863,2022,-1.9486,0.56866,257
catcher-575929,2022,-0.5394,0.33191,5267
catcher-592200,2022,-0.46431,0.40333,3185
catcher-592663,2022,0.36605,0.35667,9143
catcher-595284,2022,-1.99015,0.69491,978
catcher-595453,2022,0.3737,0.8165,711
catcher-595751,2022,-0.40571,0.41028,4332
catcher-595956,2022,0.64573,0.63491,1000
catcher-595978,2022,0.97935,0.30551,6102
catcher-596117,2022,-1.37581,0.55135,2370
catcher-596142,2022,0.46397,0.32075,5750
catcher-600474,2022,0.19748,1.11755,310
catcher-605131,2022,1.24095,0.3442,3535
catcher-605170,2022,0.82445,0.37635,6073
catcher-605244,2022,0.9139,0.51136,2746
catcher-605421,2022,-0.40288,0.43384,2869
catcher-606213,2022,0.53175,0.3855,10
catcher-606988,2022,0.49212,0.43165,167
catcher-606992,2022,-0.752,0.38583,4891
catcher-607732,2022,-0.0257,0.36611,7089
catcher-608348,2022,-0.00792,0.43534,6295
catcher-608360,2022,-1.1833,1.00423,306
catcher-608422,2022,0.67444,1.11976,474
catcher-608596,2022,-0.02164,1.00626,762
catcher-608700,2022,0.49522,0.41194,3588
catcher-620443,2022,-1.6911,0.49794,2390
catcher-621512,2022,1.37744,0.30426,6018
catcher-621532,2022,-0.12199,0.64436,1156
catcher-623168,2022,1.25438,0.51987,3651
catcher-624431,2022,2.71322,0.29391,6538
catcher-624512,2022,0.76726,0.31483,5461
catcher-624513,2022,-0.9003,0.73947,835
catcher-641470,2022,-1.56263,0.87015,626
catcher-641511,2022,0.88432,0.37285,3741
catcher-641598,2022,-0.48134,0.75684,1125
catcher-641680,2022,1.07146,0.37367,7380
catcher-642020,2022,-0.03379,0.55108,1497
catcher-642136,2022,-0.73373,0.7963,900
catcher-642165,2022,-1.38463,0.99346,24
catcher-642336,2022,-0.60979,0.36898,4863
catcher-642851,2022,0.81597,0.4761,3322
catcher-643348,2022,2.17034,0.87397,337
catcher-643376,2022,-0.14843,0.41509,4012
catcher-644433,2022,-0.80407,0.62015,55
catcher-645444,2022,-0.24311,0.46691,2963
catcher-650619,2022,1.32417,0.59372,1338
catcher-650907,2022,0.92561,0.70163,1626
catcher-656024,2022,-1.06343,1.264,395
catcher-656180,2022,-1.83355,0.45302,3049
catcher-656577,2022,-0.33285,1.27548,206
catcher-656627,2022,-0.44557,1.09,490
catcher-657136,2022,0.24937,0.74492,1195
catcher-657247,2022,-0.17727,0.20015,11
catcher-657709,2022,0.09689,0.41078,2306
catcher-660688,2022,-0.12244,0.35329,7706
catcher-661388,2022,-0.0504,0.42377,4106
catcher-661531,2022,1.65438,0.43672,3921
catcher-662139,2022,-0.66794,0.75246,1478
catcher-663698,2022,-0.21211,0.44648,5752
catcher-663728,2022,0.71894,0.42741,6909
catcher-663743,2022,0.76613,0.50727,3689
catcher-663886,2022,-0.01053,0.50252,3231
catcher-664119,2022,0.31521,0.92212,235
catcher-664731,2022,-0.69855,0.41964,2039
catcher-664848,2022,-1.92621,1.7282,8
catcher-664850,2022,0.64164,0.62455,1491
catcher-664874,2022,1.61658,0.3969,3777
catcher-665154,2022,0.19971,0.2186,9
catcher-665861,2022,1.03923,0.9021,678
catcher-666023,2022,-0.06699,1.06209,162
catcher-666128,2022,0.12103,0.32154,110
catcher-666310,2022,-1.26201,1.25352,110
catcher-668663,2022,-0.26646,0.74215,1331
catcher-668721,2022,0.21278,0.57183,783
catcher-668800,2022,-0.87465,0.38486,5792
catcher-668939,2022,1.23431,0.31461,5914
catcher-669004,2022,-2.34028,0.36366,4996
catcher-669087,2022,0.53978,0.61783,1888
catcher-669127,2022,-0.32029,0.88844,1131
catcher-669134,2022,-0.15162,0.67919,665
catcher-669221,2022,1.20683,0.3563,8296
catcher-669257,2022,0.37525,0.32868,7243
catcher-669450,2022,-3.07724,0.71918,1009
catcher-671056,2022,0.91935,0.74482,495
catcher-672386,2022,1.74654,0.44603,4958
catcher-672515,2022,1.07884,0.54374,1219
catcher-672832,2022,-0.66331,1.32039,293
catcher-673237,2022,-0.02594,0.15427,12
catcher-680777,2022,0.74309,0.3943,3886
catcher-681351,2022,-0.73861,0.64683,305
catcher-681526,2022,-0.93563,0.67622,314
catcher-682626,2022,-0.84869,0.42427,89
catcher-686676,2022,-3.05208,1.15636,492
pitcher-405395,2022,0.90136,0.79593,14
pitcher-424144,2022,-1.39815,1.93367,37
pitcher-425794,2022,-0.09417,0.58147,1684
pitcher-425844,2022,0.4361,0.7542,1139
pitcher-425877,2022,1.48273,1.29717,19
pitcher-434378,2022,1.75749,0.63739,1167
pitcher-434671,2022,0.31489,0.87518,647
pitcher-444876,2022,1.78176,1.61159,14
pitcher-445276,2022,0.0359,0.97239,487
pitcher-445926,2022,0.58081,0.72693,640
pitcher-446321,2022,-0.20992,1.2176,229
pitcher-446372,2022,1.75623,0.64806,1157
pitcher-448179,2022,0.08154,0.653,1032
pitcher-448281,2022,1.06596,0.61838,23
pitcher-450203,2022,-0.20837,0.56766,1510
pitcher-453178,2022,0.4537,1.02351,423
pitcher-453268,2022,0.43582,0.99111,506
pitcher-453286,2022,-0.06051,0.76932,994
pitcher-453343,2022,-1.15822,1.01633,436
pitcher-455119,2022,1.67517,0.76964,382
pitcher-456034,2022,1.42792,0.98112,298
pitcher-456501,2022,0.0782,0.61405,1174
pitcher-456713,2022,3.25023,1.06776,480
pitcher-458677,2022,0.17814,1.0275,29
pitcher-458681,2022,-1.00021,0.63392,940
pitcher-459429,2022,-0.78396,1.00406,285
pitcher-461325,2022,1.479,1.20275,60
pitcher-468504,2022,1.57384,0.86227,401
pitcher-471911,2022,-0.61623,0.48404,1107
pitcher-472610,2022,-0.49376,0.86249,467
pitcher-475479,2022,0.57566,0.84196,651
pitcher-476595,2022,0.36511,0.60059,484
pitcher-477132,2022,1.40151,0.72035,851
pitcher-488984,2022,0.14774,0.69199,154
pitcher-489119,2022,0.98405,0.68215,303
pitcher-489265,2022,-0.3149,0.70803,170
pitcher-489334,2022,0.20222,1.07448,353
pitcher-489446,2022,-1.48988,1.14889,78
pitcher-491624,2022,-0.35147,0.2933,5
pitcher-493603,2022,-0.30193,0.62178,581
pitcher-500779,2022,0.01136,0.6653,1334
pitcher-501303,2022,1.28268,1.13811,9
pitcher-501381,2022,-1.40383,0.88424,344
pitcher-501625,2022,0.90417,1.25061,134
pitcher-501925,2022,-0.28269,1.03908,225
pitcher-501985,2022,0.73457,0.68954,907
pitcher-502042,2022,-0.23487,0.63057,947
pitcher-502043,2022,-0.07903,0.63875,1340
pitcher-502085,2022,1.16911,0.82362,558
pitcher-502154,2022,0.17091,0.92651,31
pitcher-502171,2022,-0.18353,0.77561,1269
pitcher-502179,2022,0.42936,0.62459,990
pitcher-502202,2022,0.65158,0.73236,596
pitcher-502624,2022,0.88134,0.6971,263
pitcher-503285,2022,-1.37308,1.11778,185
pitcher-503449,2022,-0.20288,1.05724,370
pitcher-503556,2022,-0.0444,0.05292,3
pitcher-506433,2022,-0.3511,0.49855,1435
pitcher-506702,2022,-0.05576,0.09759,10
pitcher-517008,2022,0.10752,0.8791,385
pitcher-518397,2022,0.21084,0.93495,103
pitcher-518489,2022,-0.40471,0.79398,425
pitcher-518516,2022,0.17094,0.79801,1354
pitcher-518553,2022,0.38094,0.79539,654
pitcher-518585,2022,0.60904,0.72023,130
pitcher-518586,2022,-0.50414,0.33614,15
pitcher-518617,2022,-0.77449,0.69269,638
pitcher-518748,2022,-0.01017,0.96236,132
pitcher-518813,2022,0.29042,0.6518,45
pitcher-518876,2022,-0.87985,0.61244,1539
pitcher-518886,2022,0.23663,0.73137,561
pitcher-519008,2022,0.24314,0.78644,249
pitcher-519043,2022,-0.46465,0.80229,578
pitcher-519151,2022,0.26881,0.87236,344
pitcher-519242,2022,0.4016,0.68712,60
pitcher-519293,2022,0.11433,0.77969,440
pitcher-519326,2022,1.24815,0.77048,527
pitcher-520980,2022,-0.90936,0.5649,36
pitcher-521230,2022,1.2829,0.88074,457
pitcher-523260,2022,-0.03323,0.98515,382
pitcher-527048,2022,2.41428,0.56459,1596
pitcher-527055,2022,0.39961,0.74085,65
pitcher-528748,2022,-0.81242,1.06255,388
pitcher-541640,2022,0.18344,0.76086,573
pitcher-542194,2022,-0.69112,1.21728,26
pitcher-542585,2022,-1.02111,0.78416,226
pitcher-542881,2022,-0.28743,0.67553,1158
pitcher-542888,2022,-1.43712,0.92132,468
pitcher-542914,2022,1.47666,0.72266,471
pitcher-542947,2022,0.29872,0.81043,329
pitcher-543037,2022,1.38865,0.46907,1630
pitcher-543056,2022,0.76581,1.01338,112
pitcher-543101,2022,-0.57192,0.78595,161
pitcher-543135,2022,0.56786,0.89133,801
pitcher-543238,2022,0.68894,0.62812,202
pitcher-543243,2022,1.8872,0.6936,1002
pitcher-543272,2022,1.64836,0.89325,453
pitcher-543281,2022,1.22334,0.71878,34
pitcher-543294,2022,0.31583,0.8107,710
pitcher-543339,2022,0.27273,0.87555,185
pitcher-543351,2022,-0.17029,0.13787,6
pitcher-543475,2022,1.12195,0.44307,1499
pitcher-543507,2022,-1.28896,0.77952,252
pitcher-543521,2022,1.30515,0.82714,504
pitcher-543548,2022,-0.55685,1.20451,120
pitcher-543606,2022,1.13439,0.93016,864
pitcher-543766,2022,-0.6595,0.653,483
pitcher-543829,2022,1.50266,1.17623,18
pitcher-543901,2022,0.74191,0.55507,69
pitcher-544365,2022,-1.21196,0.6497,355
pitcher-544727,2022,-0.14669,0.62814,439
pitcher-544931,2022,0.7673,0.53599,49
pitcher-545341,2022,0.29134,0.26164,5
pitcher-545343,2022,-1.00576,0.98872,271
pitcher-547001,2022,-1.41664,0.88595,210
pitcher-547179,2022,-0.55887,0.72345,822
pitcher-547184,2022,1.06177,0.53152,32
pitcher-547943,2022,-1.00542,0.9197,208
pitcher-547973,2022,0.76069,0.81949,370
pitcher-548384,2022,1.15221,0.88639,432
pitcher-548389,2022,-0.17122,0.57471,944
pitcher-552640,2022,0.01809,0.92027,95
pitcher-553902,2022,-1.08025,0.68906,17
pitcher-554340,2022,-1.67763,0.73112,531
pitcher-554430,2022,0.02771,0.64128,1122
pitcher-554431,2022,1.61788,0.97774,341
pitcher-570257,2022,-2.90279,0.93054,453
pitcher-570488,2022,-0.73965,1.1553,164
pitcher-570560,2022,-0.20957,0.20278,5
pitcher-570632,2022,-0.35796,0.67367,809
pitcher-570663,2022,0.6668,1.41237,225
pitcher-570666,2022,-0.16043,0.82294,618
pitcher-571439,2022,-0.42488,0.44678,29
pitcher-571446,2022,0.13545,0.94951,87
pitcher-571466,2022,-0.37697,0.39077,3
pitcher-571479,2022,0.41186,0.76489,463
pitcher-571510,2022,2.8682,1.59803,100
pitcher-571578,2022,0.97396,0.70111,1296
pitcher-571616,2022,-0.58024,0.45763,14
pitcher-571656,2022,2.12147,0.82812,430
pitcher-571670,2022,1.24356,0.82335,419
pitcher-571704,2022,-0.10079,0.47203,37
pitcher-571710,2022,0.0237,0.66407,538
pitcher-571760,2022,-1.58548,0.7685,585
pitcher-571800,2022,0.3272,0.70098,858
pitcher-571863,2022,0.1331,0.36671,37
pitcher-571882,2022,0.86049,0.9723,180
pitcher-571901,2022,-0.15364,0.92752,475
pitcher-571917,2022,1.48958,0.82685,42
pitcher-571927,2022,-0.54483,0.68693,424
pitcher-571945,2022,-0.36272,0.50646,1571
pitcher-571946,2022,1.92463,1.31872,72
pitcher-571948,2022,2.82841,0.72779,620
pitcher-571976,2022,1.98727,1.10991,18
pitcher-572008,2022,-0.03252,0.03134,3
pitcher-572070,2022,0.16664,1.08432,339
pitcher-572125,2022,0.71639,0.92131,157
pitcher-572191,2022,2.54311,1.9251,22
pitcher-572193,2022,0.16706,0.80129,440
pitcher-572362,2022,0.00875,0.1955,22
pitcher-572383,2022,-0.78381,0.66047,8
pitcher-572403,2022,-0.21349,0.8548,210
pitcher-572703,2022,-1.2954,0.83757,127
pitcher-572816,2022,-0.91257,0.7746,10
pitcher-572888,2022,-0.84342,0.75597,24
pitcher-572955,2022,0.11787,1.21766,157
pitcher-572971,2022,-0.45222,1.08179,592
pitcher-573009,2022,0.28875,1.01171,398
pitcher-573124,2022,1.08946,0.7526,580
pitcher-573131,2022,0.50263,0.47505,4
pitcher-573186,2022,-0.32398,0.78407,1125
pitcher-573204,2022,0.34749,0.99343,431
pitcher-573668,2022,-1.2033,0.99568,87
pitcher-579328,2022,-2.47879,0.70016,919
pitcher-592094,2022,0.09141,0.76892,450
pitcher-592169,2022,0.62683,0.41163,62
pitcher-592222,2022,-1.31728,1.05691,26
pitcher-592332,2022,1.09041,0.65123,1117
pitcher-592346,2022,0.32822,0.93472,200
pitcher-592351,2022,-0.43652,0.76284,1003
pitcher-592390,2022,-0.40933,0.98719,227
pitcher-592454,2022,-0.30654,0.74347,74
pitcher-592473,2022,0.57481,1.02959,172
pitcher-592662,2022,0.79315,0.59136,1394
pitcher-592712,2022,-0.09245,0.32177,26
pitcher-592716,2022,0.59708,0.79509,851
pitcher-592717,2022,-1.59326,0.77234,503
pitcher-592741,2022,2.71934,1.38747,228
pitcher-592743,2022,0.62685,0.51257,14
pitcher-592761,2022,0.08378,0.58842,617
pitcher-592767,2022,-0.27918,0.6996,774
pitcher-592773,2022,2.13403,1.04046,430
pitcher-592789,2022,0.38826,0.8482,979
pitcher-592791,2022,0.50339,0.69627,1373
pitcher-592804,2022,0.19165,0.95019,197
pitcher-592826,2022,0.03844,0.86736,634
pitcher-592836,2022,-0.40945,0.53788,1259
pitcher-592848,2022,-2.53132,0.96265,106
pitcher-592858,2022,0.49891,0.67614,552
pitcher-592866,2022,1.22994,0.62955,692
pitcher-593140,2022,-0.80683,0.62829,35
pitcher-593160,2022,1.42062,1.31156,4
pitcher-593334,2022,0.54263,0.62934,520
pitcher-593423,2022,-0.74231,0.86347,1041
pitcher-593576,2022,-0.66044,0.84313,474
pitcher-593619,2022,-1.07591,0.7721,183
pitcher-593643,2022,-0.47963,0.9067,78
pitcher-593958,2022,-1.40077,0.60656,755
pitcher-593974,2022,0.83581,0.67756,362
pitcher-594311,2022,-1.15441,0.99278,245
pitcher-594577,2022,-1.02507,0.96311,434
pitcher-594580,2022,-1.60797,0.93911,409
pitcher-594798,2022,3.64531,0.74034,408
pitcher-594835,2022,1.36186,0.64031,1356
pitcher-594838,2022,-0.03946,0.03721,2
pitcher-595014,2022,-0.4518,1.0943,35
pitcher-595191,2022,-0.71005,0.60029,38
pitcher-595345,2022,-0.26879,0.84908,499
pitcher-595881,2022,1.15639,0.88242,561
pitcher-595939,2022,-2.30032,1.46805,48
pitcher-596001,2022,-1.85729,0.57628,940
pitcher-596043,2022,0.95594,0.98331,55
pitcher-596057,2022,-0.62791,0.91427,541
pitcher-596071,2022,-0.31103,1.01107,330
pitcher-596082,2022,-2.11682,1.00644,176
pitcher-596112,2022,-0.48618,0.99889,412
pitcher-596117,2022,-1.55172,1.0579,32
pitcher-596133,2022,-0.61953,1.14064,319
pitcher-596271,2022,1.177,0.80977,136
pitcher-596295,2022,-0.44695,0.68383,982
pitcher-598264,2022,1.59,0.77244,365
pitcher-598265,2022,0.70842,0.6413,17
pitcher-598287,2022,-1.42473,0.8445,426
pitcher-600917,2022,-0.14652,0.83395,371
pitcher-600921,2022,-0.70027,0.87809,480
pitcher-601713,2022,-0.25883,0.5787,1521
pitcher-605130,2022,1.71041,0.78612,591
pitcher-605135,2022,-0.99318,0.39555,1491
pitcher-605151,2022,1.9058,0.88827,155
pitcher-605154,2022,1.03091,0.7113,506
pitcher-605156,2022,2.52284,1.66092,80
pitcher-605164,2022,-1.08672,0.63239,987
pitcher-605170,2022,-0.34644,0.30993,7
pitcher-605177,2022,3.24056,1.03628,425
pitcher-605182,2022,-1.29559,0.53616,937
pitcher-605194,2022,-0.1137,0.67034,345
pitcher-605195,2022,0.21859,1.48683,163
pitcher-605200,2022,0.57452,0.64209,1280
pitcher-605218,2022,0.85509,1.18972,508
pitcher-605242,2022,0.03994,0.80331,547
pitcher-605280,2022,-0.03931,0.71565,489
pitcher-605288,2022,-0.40701,0.77414,991
pitcher-605347,2022,-0.00989,0.77682,580
pitcher-605397,2022,-0.00599,0.47573,1441
pitcher-605400,2022,0.93093,0.63239,1485
pitcher-605446,2022,-1.83554,1.67491,49
pitcher-605447,2022,0.1904,0.81012,458
pitcher-605463,2022,1.30375,1.5242,150
pitcher-605483,2022,-0.19162,0.72248,1123
pitcher-605488,2022,-0.25582,0.58558,1049
pitcher-605507,2022,0.28061,0.58872,1056
pitcher-605521,2022,0.24687,0.8671,346
pitcher-605525,2022,-3.37073,1.36721,248
pitcher-605538,2022,1.60107,0.98055,369
pitcher-605540,2022,-0.13364,0.69735,1244
pitcher-605612,2022,1.04981,1.31159,24
pitcher-606115,2022,-0.25176,0.23038,4
pitcher-606131,2022,0.31637,1.08364,131
pitcher-606149,2022,2.02393,0.96993,434
pitcher-606160,2022,2.41956,0.71139,584
pitcher-606273,2022,0.11272,1.34351,52
pitcher-606303,2022,0.03701,0.83872,465
pitcher-606424,2022,-0.27836,0.98329,491
pitcher-606625,2022,0.95774,0.74388,319
pitcher-606930,2022,-0.10466,0.75836,168
pitcher-606965,2022,1.83175,1.01479,108
pitcher-606993,2022,0.8836,0.73433,10
pitcher-607054,2022,0.18887,0.18285,5
pitcher-607074,2022,1.55571,0.72403,1438
pitcher-607179,2022,0.60609,0.73684,325
pitcher-607192,2022,-1.00774,0.93244,57
pitcher-607200,2022,-0.33764,0.60691,1339
pitcher-607216,2022,1.65213,0.9431,505
pitcher-607229,2022,-0.60972,1.32681,102
pitcher-607237,2022,0.73955,0.82334,418
pitcher-607259,2022,1.52609,0.73431,838
pitcher-607359,2022,2.50332,1.78963,61
pitcher-607391,2022,-2.10341,1.07163,68
pitcher-607455,2022,-1.18653,0.78347,276
pitcher-607457,2022,-0.62964,0.98821,65
pitcher-607481,2022,-1.56801,0.79657,272
pitcher-607536,2022,0.00889,0.63591,1420
pitcher-607572,2022,0.80764,0.8073,35
pitcher-607609,2022,0.35501,0.28598,17
pitcher-607625,2022,-1.1524,0.92217,589
pitcher-607644,2022,-0.13468,0.21956,62
pitcher-607755,2022,1.47292,1.91712,98
pitcher-608032,2022,0.72348,0.8146,494
pitcher-608328,2022,0.44821,0.63722,609
pitcher-608331,2022,-0.16666,0.58901,1353
pitcher-608337,2022,0.38704,0.52825,1351
pitcher-608344,2022,-0.86091,0.60136,1223
pitcher-608348,2022,-0.84038,0.94448,35
pitcher-608349,2022,-1.06083,0.92539,412
pitcher-608371,2022,-0.35567,0.82945,78
pitcher-608379,2022,-0.4135,0.72721,925
pitcher-608566,2022,-1.11369,0.63685,1319
pitcher-608638,2022,-0.38902,0.52887,166
pitcher-608648,2022,1.13235,0.91465,369
pitcher-608652,2022,-0.3799,0.37383,164
pitcher-608665,2022,1.62228,0.80089,540
pitcher-608678,2022,-0.73646,0.89577,326
pitcher-608686,2022,-0.30655,0.28657,9
pitcher-608700,2022,-0.0747,0.0796,7
pitcher-608703,2022,0.02718,0.03246,6
pitcher-608716,2022,-1.70991,0.9245,131
pitcher-608717,2022,0.95503,0.83487,528
pitcher-608718,2022,-0.11816,1.0656,544
pitcher-608723,2022,-0.23569,0.61724,858
pitcher-611093,2022,1.99083,1.90178,30
pitcher-612434,2022,-0.75497,0.95328,288
pitcher-613534,2022,-0.1198,0.66475,31
pitcher-614177,2022,1.02028,0.92546,6
pitcher-614179,2022,1.71904,0.64825,569
pitcher-615698,2022,-0.37329,0.64799,1411
pitcher-617228,2022,0.287,1.0505,408
pitcher-620443,2022,-0.44836,0.33446,14
pitcher-620454,2022,-0.26045,0.24436,6
pitcher-621011,2022,0.04497,0.05581,8
pitcher-621016,2022,-1.7781,1.11387,372
pitcher-621051,2022,1.84504,0.75032,436
pitcher-621074,2022,-0.39052,0.87335,450
pitcher-621076,2022,-0.69462,0.71016,1117
pitcher-621079,2022,0.99496,0.67462,74
pitcher-621082,2022,-0.56413,1.30696,178
pitcher-621107,2022,0.16387,0.94969,588
pitcher-621111,2022,0.46804,0.73489,496
pitcher-621112,2022,0.11874,0.99669,948
pitcher-621114,2022,-0.70422,0.84597,83
pitcher-621121,2022,-0.1916,0.76541,412
pitcher-621219,2022,1.05534,0.3369,144
pitcher-621237,2022,0.77824,0.78831,439
pitcher-621242,2022,1.53338,0.76187,417
pitcher-621244,2022,0.5712,0.64622,1342
pitcher-621248,2022,-0.87374,0.83113,265
pitcher-621249,2022,-1.36713,0.82737,462
pitcher-621295,2022,1.33738,1.3196,247
pitcher-621345,2022,0.21035,0.91613,517
pitcher-621348,2022,-0.76366,1.34898,63
pitcher-621363,2022,0.03874,0.65269,456
pitcher-621366,2022,-2.19253,1.05522,200
pitcher-621368,2022,-0.04027,0.68914,885
pitcher-621381,2022,-1.35386,0.90255,378
pitcher-621383,2022,-0.22121,0.93516,436
pitcher-621389,2022,0.6992,1.30464,322
pitcher-621433,2022,0.762,0.38928,32
pitcher-621593,2022,-0.3273,0.94711,134
pitcher-622065,2022,-0.96102,0.94077,190
pitcher-622072,2022,-0.1337,0.73403,1115
pitcher-622075,2022,2.21289,0.69496,243
pitcher-622098,2022,1.62072,0.9089,388
pitcher-622103,2022,1.81683,0.97742,27
pitcher-622250,2022,2.65818,0.99145,215
pitcher-622251,2022,-0.41409,0.94422,386
pitcher-622253,2022,1.52518,1.02284,526
pitcher-622268,2022,1.60423,1.37351,13
pitcher-622379,2022,1.81328,1.12824,29
pitcher-622491,2022,-0.882,0.62795,1228
pitcher-622503,2022,0.60031,0.70294,516
pitcher-622554,2022,-0.49197,0.75053,405
pitcher-622569,2022,1.05056,0.87054,6
pitcher-622608,2022,-0.78842,0.80243,762
pitcher-622663,2022,-0.21035,0.86415,797
pitcher-622694,2022,-0.94786,0.84716,526
pitcher-622766,2022,-0.74597,0.51223,26
pitcher-622786,2022,1.24605,0.92804,179
pitcher-623149,2022,1.07856,0.92881,481
pitcher-623167,2022,0.41413,0.75365,1060
pitcher-623211,2022,-1.51819,0.80619,311
pitcher-623352,2022,1.11254,0.74646,480
pitcher-623437,2022,0.22817,0.88134,74
pitcher-623451,2022,-0.92094,1.05204,459
pitcher-623465,2022,1.57339,0.85811,479
pitcher-623474,2022,-0.03141,0.73368,524
pitcher-623485,2022,-1.27507,0.90712,185
pitcher-624133,2022,0.62197,0.59221,1334
pitcher-624418,2022,0.37704,1.2144,20
pitcher-624503,2022,-1.14434,0.96026,52
pitcher-624512,2022,0.03708,0.03239,2
pitcher-624522,2022,-0.73618,0.65363,963
pitcher-625643,2022,0.77842,0.74571,461
pitcher-628452,2022,-0.29516,0.91008,451
pitcher-628708,2022,-0.35478,0.81323,417
pitcher-628711,2022,-0.62931,0.54069,1227
pitcher-630023,2022,0.60724,0.67642,46
pitcher-640444,2022,0.04525,0.66385,688
pitcher-640448,2022,0.97735,0.85731,519
pitcher-640451,2022,0.25583,1.03997,319
pitcher-640455,2022,-0.56563,0.78579,1170
pitcher-640461,2022,0.50427,0.4406,16
pitcher-640462,2022,-0.51697,0.88501,538
pitcher-640470,2022,0.40825,1.51268,88
pitcher-641154,2022,1.23615,0.51436,1394
pitcher-641302,2022,-0.08557,0.71187,757
pitcher-641312,2022,-0.05214,0.07854,10
pitcher-641329,2022,2.31399,0.83198,626
pitcher-641360,2022,-0.18317,0.87682,480
pitcher-641394,2022,1.76214,0.93945,99
pitcher-641401,2022,-0.2678,0.77555,319
pitcher-641447,2022,-0.97998,0.53511,249
pitcher-641482,2022,-0.25962,0.54457,1199
pitcher-641501,2022,0.47664,1.06044,362
pitcher-641531,2022,-0.40844,0.47911,14
pitcher-641540,2022,-0.0766,0.74488,1327
pitcher-641582,2022,0.45584,1.12523,356
pitcher-641627,2022,-0.23708,0.76276,399
pitcher-641656,2022,-1.37893,0.954,20
pitcher-641672,2022,-1.45663,0.9985,28
pitcher-641682,2022,0.35953,0.74626,78
pitcher-641712,2022,-1.99292,0.72326,1198
pitcher-641726,2022,-0.73989,0.79682,309
pitcher-641729,2022,-0.41709,0.90427,431
pitcher-641743,2022,0.02071,0.20271,20
pitcher-641745,2022,-1.38264,0.56329,1086
pitcher-641755,2022,-0.44548,1.39234,165
pitcher-641771,2022,-0.28205,0.59871,1235
pitcher-641778,2022,-0.89039,0.68604,1380
pitcher-641793,2022,-0.06478,0.88011,336
pitcher-641816,2022,0.30341,0.74536,1107
pitcher-641835,2022,1.85093,0.96821,378
pitcher-641853,2022,1.04167,1.109,75
pitcher-641871,2022,-0.60395,1.62596,109
pitcher-641907,2022,-2.77045,1.42073,71
pitcher-641914,2022,0.30053,0.963,18
pitcher-641927,2022,-0.04812,0.82973,390
pitcher-641941,2022,0.30059,0.66482,518
pitcher-642028,2022,-0.03441,1.1217,214
pitcher-642048,2022,0.57114,0.73591,22
pitcher-642060,2022,-0.48172,0.37774,31
pitcher-642068,2022,-2.3849,1.25727,19
pitcher-642100,2022,-0.78361,1.1406,156
pitcher-642121,2022,1.73496,0.77694,281
pitcher-642130,2022,0.75593,1.28553,160
pitcher-642152,2022,-0.77217,0.90252,481
pitcher-642165,2022,-0.01134,0.25575,36
pitcher-642203,2022,-0.11698,1.06429,145
pitcher-642207,2022,0.21987,0.923,529
pitcher-642231,2022,0.21443,1.18902,182
pitcher-642232,2022,-1.06344,0.73474,647
pitcher-642239,2022,1.31038,0.75881,31
pitcher-642397,2022,-0.46066,0.64347,546
pitcher-642528,2022,1.04242,0.87582,366
pitcher-642545,2022,0.03612,0.83802,527
pitcher-642546,2022,1.14974,0.72562,264
pitcher-642547,2022,-0.68353,0.70722,727
pitcher-642585,2022,2.16971,0.93198,475
pitcher-642657,2022,1.70077,1.15893,40
pitcher-642659,2022,-0.30048,0.69014,35
pitcher-642701,2022,0.20438,0.89454,520
pitcher-642758,2022,-0.81089,1.00276,436
pitcher-642770,2022,0.45267,1.14977,182
pitcher-642851,2022,-0.22426,0.79356,14
pitcher-643230,2022,-1.96858,1.14973,82
pitcher-643256,2022,-1.14093,0.79598,504
pitcher-643290,2022,0.06919,0.9151,301
pitcher-643316,2022,-0.13081,0.7055,121
pitcher-643338,2022,-1.22932,0.75988,96
pitcher-643361,2022,-0.08539,0.49384,53
pitcher-643377,2022,0.19966,0.84983,556
pitcher-643400,2022,-2.36845,0.99738,89
pitcher-643410,2022,1.09682,0.49448,559
pitcher-643493,2022,2.11222,0.92948,383
pitcher-643511,2022,-1.18298,0.87806,632
pitcher-643524,2022,0.67498,0.69989,16
pitcher-643615,2022,-2.64204,1.01036,137
pitcher-644364,2022,-2.13602,1.14831,300
pitcher-644374,2022,0.20452,0.15636,8
pitcher-644429,2022,1.91696,0.86613,75
pitcher-645261,2022,0.98412,0.56901,1454
pitcher-645801,2022,-0.38067,0.34511,8
pitcher-646242,2022,0.8319,0.75387,129
pitcher-647315,2022,0.4441,0.81238,251
pitcher-649144,2022,-1.6825,0.99103,28
pitcher-650204,2022,0.11598,1.54967,167
pitcher-650339,2022,-0.19825,0.21071,2
pitcher-650382,2022,-1.03966,1.4174,95
pitcher-650496,2022,-1.51125,1.17172,36
pitcher-650530,2022,1.97117,0.74373,164
pitcher-650556,2022,-0.32879,0.74699,484
pitcher-650633,2022,-0.51304,0.93477,408
pitcher-650644,2022,0.09467,0.83402,798
pitcher-650671,2022,0.3361,0.95571,330
pitcher-650893,2022,0.92859,0.88451,355
pitcher-650895,2022,-0.40482,0.78858,407
pitcher-650911,2022,-0.97696,0.76348,334
pitcher-650959,2022,-0.64599,0.43557,67
pitcher-650960,2022,-0.71506,0.39932,39
pitcher-655889,2022,-0.06294,1.12008,102
pitcher-656008,2022,0.51077,0.44748,18
pitcher-656061,2022,2.28606,1.02308,379
pitcher-656222,2022,2.28603,1.0659,477
pitcher-656232,2022,-0.76047,1.25984,121
pitcher-656234,2022,-0.80838,0.76338,419
pitcher-656257,2022,-0.1877,0.98972,216
pitcher-656271,2022,1.27926,1.08892,690
pitcher-656290,2022,0.6283,1.20378,52
pitcher-656302,2022,0.04329,0.58124,1535
pitcher-656322,2022,-1.15521,0.98169,113
pitcher-656353,2022,-4.22172,0.62072,473
pitcher-656354,2022,-0.79734,0.77295,578
pitcher-656412,2022,1.14881,1.01168,492
pitcher-656420,2022,0.7749,1.02827,162
pitcher-656427,2022,-0.68058,0.84484,347
pitcher-656457,2022,-0.97746,0.93757,282
pitcher-656458,2022,0.38553,0.72936,429
pitcher-656464,2022,0.25039,1.00536,250
pitcher-656492,2022,-0.99544,0.87479,61
pitcher-656529,2022,1.17417,0.80474,447
pitcher-656546,2022,0.84928,0.81864,434
pitcher-656548,2022,-0.214,0.25846,30
pitcher-656557,2022,-0.1941,0.93465,474
pitcher-656578,2022,-1.52915,0.53272,67
pitcher-656605,2022,-0.78043,0.54016,1358
pitcher-656629,2022,-0.48286,0.65579,1063
pitcher-656638,2022,-0.00799,0.90598,519
pitcher-656657,2022,-2.49227,1.06444,513
pitcher-656685,2022,0.11459,0.79679,327
pitcher-656686,2022,0.87736,0.7634,233
pitcher-656730,2022,-0.32956,0.8364,354
pitcher-656731,2022,0.21208,0.76494,380
pitcher-656755,2022,1.88147,0.83664,37
pitcher-656756,2022,-0.74313,0.50256,1282
pitcher-656786,2022,-0.28163,0.34034,52
pitcher-656793,2022,-0.53706,1.00333,586
pitcher-656794,2022,-0.7132,1.1399,319
pitcher-656803,2022,-0.92152,0.62266,159
pitcher-656814,2022,-0.70824,0.66645,57
pitcher-656818,2022,0.2154,1.29105,259
pitcher-656820,2022,-0.60908,0.44885,27
pitcher-656849,2022,-0.55592,0.63044,979
pitcher-656876,2022,-0.59334,0.66247,1002
pitcher-656887,2022,-1.60551,0.86122,103
pitcher-656945,2022,-0.40242,0.76395,633
pitcher-656954,2022,-0.79508,1.2164,92
pitcher-656970,2022,0.30597,0.86107,582
pitcher-656986,2022,1.26744,1.13934,172
pitcher-657006,2022,-2.21887,0.57719,1022
pitcher-657024,2022,2.16699,0.74759,395
pitcher-657044,2022,0.49249,1.22809,358
pitcher-657053,2022,-0.31672,1.44364,236
pitcher-657093,2022,0.36279,0.48609,820
pitcher-657140,2022,-1.5689,0.70606,1345
pitcher-657240,2022,2.37395,0.95134,188
pitcher-657248,2022,-0.83387,0.71543,1144
pitcher-657265,2022,0.58722,0.84076,319
pitcher-657272,2022,0.02877,0.9532,256
pitcher-657277,2022,-0.66088,0.63553,1542
pitcher-657376,2022,0.16302,1.05195,475
pitcher-657424,2022,-0.26963,1.02562,90
pitcher-657508,2022,-0.39975,0.90606,270
pitcher-657514,2022,-1.90704,1.08966,20
pitcher-657571,2022,0.18747,0.99011,291
pitcher-657585,2022,1.00519,0.54597,98
pitcher-657612,2022,-1.46691,0.80026,391
pitcher-657649,2022,-0.1507,1.09534,336
pitcher-657697,2022,-0.06588,0.40694,19
pitcher-657745,2022,-0.62815,0.56794,10
pitcher-657746,2022,1.11475,0.52242,1133
pitcher-657756,2022,-1.32361,0.51183,177
pitcher-657766,2022,-0.84308,0.61568,12
pitcher-657770,2022,2.79284,1.33274,253
pitcher-658431,2022,-0.79478,0.9462,203
pitcher-658551,2022,0.57239,0.87833,166
pitcher-658648,2022,-0.56356,0.4645,34
pitcher-659262,2022,-0.31668,0.75449,218
pitcher-659275,2022,0.11683,0.70189,297
pitcher-660271,2022,-0.32022,0.48938,1293
pitcher-660593,2022,-1.727,1.35588,44
pitcher-660600,2022,-0.21955,0.5373,29
pitcher-660623,2022,-0.08533,0.3338,69
pitcher-660636,2022,1.03878,2.16397,36
pitcher-660730,2022,-0.81829,0.89422,282
pitcher-660761,2022,-2.16659,0.61797,835
pitcher-660787,2022,1.38461,1.1162,242
pitcher-660813,2022,0.54824,0.82903,286
pitcher-660825,2022,-1.34535,1.16433,117
pitcher-660853,2022,-0.62577,0.74533,382
pitcher-660896,2022,0.6738,0.66544,23
pitcher-660906,2022,-0.96393,0.98312,95
pitcher-661255,2022,-0.20788,0.4898,93
pitcher-661269,2022,-0.22867,1.16657,367
pitcher-661309,2022,-1.52806,1.07193,513
pitcher-661383,2022,-0.38498,0.95168,257
pitcher-661395,2022,0.40352,0.87949,425
pitcher-661403,2022,0.9065,0.86662,344
pitcher-661440,2022,0.18331,1.00171,152
pitcher-661527,2022,2.2266,1.36315,304
pitcher-661531,2022,0.06866,0.05495,5
pitcher-661563,2022,-0.55892,0.41235,36
pitcher-662253,2022,0.88819,0.73858,448
pitcher-663158,2022,-0.79991,0.98384,397
pitcher-663372,2022,-0.78277,0.75396,874
pitcher-663378,2022,-1.11981,1.008,149
pitcher-663385,2022,-0.45537,0.66592,193
pitcher-663423,2022,0.28929,0.81464,342
pitcher-663432,2022,-2.76477,1.09779,237
pitcher-663436,2022,-0.89452,0.86349,483
pitcher-663455,2022,-2.11358,0.67052,518
pitcher-663460,2022,-0.65025,0.59816,1143
pitcher-663465,2022,1.82632,0.82662,158
pitcher-663474,2022,-0.47358,0.54485,1268
pitcher-663485,2022,1.04077,1.0027,311
pitcher-663531,2022,0.68092,1.19093,88
pitcher-663534,2022,0.04245,0.06207,8
pitcher-663546,2022,-1.44075,1.53663,248
pitcher-663554,2022,0.8658,0.95334,85
pitcher-663556,2022,-0.59164,0.52989,1193
pitcher-663558,2022,-0.04845,0.75103,340
pitcher-663559,2022,2.21272,0.88789,625
pitcher-663562,2022,0.2225,0.18121,20
pitcher-663574,2022,-0.7807,1.01815,204
pitcher-663629,2022,-1.1623,0.81478,70
pitcher-663630,2022,1.07298,0.74087,14
pitcher-663734,2022,0.63269,0.46855,40
pitcher-663738,2022,-0.68903,0.58657,1155
pitcher-663752,2022,-1.19136,0.56527,187
pitcher-663753,2022,0.78537,1.01046,121
pitcher-663765,2022,0.58191,0.68413,339
pitcher-663773,2022,0.57894,0.85391,148
pitcher-663776,2022,-1.2607,0.65031,1201
pitcher-663804,2022,0.23716,0.75601,160
pitcher-663855,2022,-2.13355,0.70072,585
pitcher-663893,2022,0.56779,0.4712,14
pitcher-663903,2022,1.02312,0.64841,1267
pitcher-663947,2022,-0.45303,0.40554,72
pitcher-663975,2022,0.63895,0.55577,9
pitcher-663978,2022,-1.87815,0.99452,165
pitcher-663986,2022,-0.39024,0.79257,478
pitcher-663989,2022,-0.70389,0.73882,216
pitcher-664042,2022,0.20456,0.40398,101
pitcher-664054,2022,1.77017,0.80029,98
pitcher-664062,2022,1.16856,0.72639,942
pitcher-664076,2022,2.04287,1.18084,182
pitcher-664092,2022,-0.62095,0.83389,249
pitcher-664123,2022,0.32394,0.76229,428
pitcher-664126,2022,-0.52702,1.22904,165
pitcher-664139,2022,0.66808,1.09242,365
pitcher-664141,2022,0.39782,0.76754,1187
pitcher-664161,2022,-0.80872,1.01537,333
pitcher-664199,2022,0.46044,0.77016,367
pitcher-664202,2022,-0.78356,1.18413,108
pitcher-664208,2022,0.7438,0.66595,540
pitcher-664285,2022,-2.38379,0.68184,1488
pitcher-664294,2022,0.65162,0.83382,331
pitcher-664299,2022,-0.61875,0.70084,1255
pitcher-664337,2022,-0.0838,0.60683,240
pitcher-664353,2022,0.85619,0.70644,1222
pitcher-664584,2022,0.9142,0.83872,39
pitcher-664670,2022,0.55987,0.51377,10
pitcher-664747,2022,-0.1107,0.65022,519
pitcher-664776,2022,-0.96151,0.74745,145
pitcher-664849,2022,1.4337,0.67446,71
pitcher-664854,2022,0.3193,0.86073,424
pitcher-664871,2022,-1.1269,0.56975,46
pitcher-664875,2022,-0.42993,0.89426,425
pitcher-664942,2022,-0.26432,1.10152,59
pitcher-664944,2022,-0.26909,0.77634,112
pitcher-664948,2022,0.06636,1.19834,232
pitcher-665001,2022,-1.50271,0.90021,256
pitcher-665019,2022,-0.88944,1.52636,33
pitcher-665152,2022,-1.2189,0.50929,921
pitcher-665155,2022,0.05946,0.06771,13
pitcher-665621,2022,-0.87408,1.12477,460
pitcher-665625,2022,-0.55128,1.0193,147
pitcher-665645,2022,0.47188,1.11697,130
pitcher-665665,2022,-1.01036,0.87054,541
pitcher-665795,2022,1.39819,0.85598,635
pitcher-665871,2022,-0.84998,1.32908,356
pitcher-665896,2022,-0.43734,1.28398,160
pitcher-666120,2022,0.85361,0.55572,961
pitcher-666129,2022,-0.3123,0.80494,695
pitcher-666142,2022,-0.89615,0.99582,331
pitcher-666157,2022,-2.31823,1.12236,870
pitcher-666159,2022,-1.83994,0.67083,485
pitcher-666168,2022,-2.2887,0.87997,182
pitcher-666200,2022,2.22247,0.81385,825
pitcher-666201,2022,-1.18844,0.65442,1420
pitcher-666204,2022,2.19393,0.8846,280
pitcher-666205,2022,0.28714,0.28234,115
pitcher-666214,2022,-0.98896,0.70069,298
pitcher-666374,2022,0.59972,0.7083,502
pitcher-666619,2022,-0.98357,0.47737,37
pitcher-666720,2022,-0.39689,0.28174,7
pitcher-666721,2022,1.40429,0.76749,351
pitcher-666808,2022,-1.17208,0.78266,563
pitcher-666818,2022,-2.14731,1.0113,186
pitcher-666974,2022,-0.0265,0.96418,208
pitcher-667297,2022,-1.64172,0.82893,389
pitcher-667373,2022,-0.94717,0.6536,48
pitcher-667376,2022,1.37617,1.2551,110
pitcher-667427,2022,0.35034,1.01237,495
pitcher-667463,2022,-0.34833,0.93131,360
pitcher-667465,2022,0.8451,1.61088,91
pitcher-667498,2022,-0.87195,0.60579,150
pitcher-667725,2022,-1.86543,1.49017,19
pitcher-668338,2022,0.58196,0.74831,120
pitcher-668665,2022,-0.48452,0.86878,176
pitcher-668676,2022,-0.21573,0.78647,986
pitcher-668678,2022,0.43823,0.65021,1466
pitcher-668684,2022,-1.8442,1.35168,57
pitcher-668800,2022,-0.93138,0.75876,4
pitcher-668820,2022,-1.42588,0.87248,43
pitcher-668834,2022,1.26399,1.05649,23
pitcher-668868,2022,0.86666,0.80512,300
pitcher-668873,2022,-0.17019,0.69256,135
pitcher-668881,2022,0.15368,0.65037,1063
pitcher-668933,2022,-0.59706,0.69429,840
pitcher-668941,2022,0.85326,0.90928,149
pitcher-668948,2022,-0.20747,1.12343,274
pitcher-668970,2022,-1.07325,0.9517,80
pitcher-669022,2022,0.65927,0.65146,639
pitcher-669060,2022,-0.06547,0.67599,922
pitcher-669084,2022,0.86281,0.9764,130
pitcher-669093,2022,-1.09382,0.77752,47
pitcher-669145,2022,-1.1717,0.81445,538
pitcher-669160,2022,0.14524,0.62834,244
pitcher-669169,2022,-0.2753,0.50919,917
pitcher-669194,2022,-0.71694,0.57806,138
pitcher-669203,2022,1.0251,0.49544,1665
pitcher-669211,2022,-0.59272,0.64111,563
pitcher-669212,2022,2.21513,0.83623,472
pitcher-669214,2022,-0.38073,0.27027,14
pitcher-669270,2022,-0.04964,0.99444,447
pitcher-669276,2022,-1.16145,0.74383,295
pitcher-669302,2022,-0.56925,0.68637,1433
pitcher-669330,2022,0.03373,0.60381,778
pitcher-669358,2022,-1.92795,0.50512,223
pitcher-669373,2022,0.16909,0.79439,916
pitcher-669395,2022,-2.23104,0.80318,621
pitcher-669424,2022,1.06596,0.91672,395
pitcher-669432,2022,-0.26513,0.8427,951
pitcher-669456,2022,0.42819,0.55942,1362
pitcher-669459,2022,0.82377,1.23596,286
pitcher-669461,2022,-0.72309,1.10258,347
pitcher-669467,2022,-0.45015,0.52658,899
pitcher-669618,2022,0.55387,0.90918,262
pitcher-669622,2022,-0.15976,0.84375,154
pitcher-669674,2022,-0.97659,1.00575,365
pitcher-669711,2022,1.7127,1.13623,104
pitcher-669713,2022,-1.35532,0.57867,238
pitcher-669742,2022,0.35579,0.32559,4
pitcher-669804,2022,0.52942,1.15841,98
pitcher-669854,2022,-0.37938,0.50495,45
pitcher-669912,2022,-1.72302,0.84665,419
pitcher-669920,2022,-0.69974,0.71279,633
pitcher-669923,2022,0.46997,0.72106,969
pitcher-669935,2022,-0.13543,1.05357,93
pitcher-669952,2022,-0.16191,0.50924,825
pitcher-670032,2022,-0.29506,0.23282,10
pitcher-670036,2022,0.35633,0.83746,443
pitcher-670046,2022,1.34615,0.74709,95
pitcher-670059,2022,-1.03028,0.8669,226
pitcher-670090,2022,-3.46266,1.02959,258
pitcher-670102,2022,-0.02564,0.02844,2
pitcher-670124,2022,-0.34202,0.84686,649
pitcher-670167,2022,-0.4081,0.74081,534
pitcher-670174,2022,-0.60482,0.6903,642
pitcher-670280,2022,2.3342,0.89038,399
pitcher-670288,2022,0.74261,0.99298,83
pitcher-670329,2022,0.26702,0.84232,67
pitcher-670426,2022,1.01529,0.54678,60
pitcher-670712,2022,-0.03149,0.24783,27
pitcher-670768,2022,2.03475,1.30713,47
pitcher-670810,2022,2.13346,1.23008,134
pitcher-670912,2022,-2.03788,0.76012,482
pitcher-670950,2022,-0.24472,0.69114,602
pitcher-670955,2022,-0.48652,1.29874,154
pitcher-670970,2022,-1.86993,1.04407,235
pitcher-670990,2022,0.04063,0.95014,343
pitcher-671345,2022,-0.89008,0.80786,447
pitcher-671790,2022,-1.45329,0.63472,180
pitcher-672282,2022,-0.20108,0.65076,1087
pitcher-672335,2022,-0.49224,0.6213,436
pitcher-672391,2022,1.69114,0.9785,253
pitcher-672578,2022,1.16481,0.94787,504
pitcher-672582,2022,-0.90919,0.41792,87
pitcher-672710,2022,1.16908,0.69503,776
pitcher-672715,2022,-1.61493,0.91653,180
pitcher-672839,2022,-0.19506,1.04038,53
pitcher-672851,2022,-0.36198,0.6269,621
pitcher-672911,2022,0.2442,0.42864,78
pitcher-673258,2022,-0.96629,0.92379,13
pitcher-673316,2022,2.12715,1.15479,23
pitcher-673904,2022,0.05455,0.34177,36
pitcher-674072,2022,-0.69515,0.81697,372
pitcher-674681,2022,-0.39116,0.62846,50
pitcher-675540,2022,-0.29225,0.45136,96
pitcher-675627,2022,-2.35339,0.85681,218
pitcher-675911,2022,-0.70151,0.6147,1090
pitcher-675912,2022,0.18652,0.23351,55
pitcher-675916,2022,1.44043,0.80316,418
pitcher-675921,2022,-0.78511,0.96942,352
pitcher-676050,2022,-0.5149,1.02165,287
pitcher-676083,2022,-1.77473,1.65807,83
pitcher-676092,2022,-1.68352,1.11037,306
pitcher-676103,2022,-0.45939,0.96779,58
pitcher-676130,2022,1.71677,1.18974,43
pitcher-676194,2022,-1.6726,0.9217,198
pitcher-676206,2022,0.02403,0.03305,4
pitcher-676265,2022,0.10227,0.59487,402
pitcher-676391,2022,0.36539,0.45634,21
pitcher-676477,2022,-0.22288,0.6832,558
pitcher-676534,2022,-0.66566,0.97284,228
pitcher-676596,2022,1.86678,1.47819,323
pitcher-676617,2022,0.13254,0.11908,12
pitcher-676637,2022,-0.14065,1.2847,94
pitcher-676641,2022,-0.54093,0.95517,165
pitcher-676660,2022,1.0222,2.06277,81
pitcher-676664,2022,-0.25256,0.91908,574
pitcher-676684,2022,-0.44983,0.88752,515
pitcher-676710,2022,-1.22834,0.75486,635
pitcher-676714,2022,0.33632,0.7528,448
pitcher-676720,2022,-0.44574,0.73882,104
pitcher-676760,2022,1.33982,0.93588,402
pitcher-676766,2022,0.22563,0.35108,20
pitcher-676831,2022,1.02164,1.08798,134
pitcher-676840,2022,1.13106,0.5881,65
pitcher-676879,2022,-0.77833,0.47003,1001
pitcher-676886,2022,-0.88414,0.65894,122
pitcher-676917,2022,-0.55436,0.40203,46
pitcher-676946,2022,-0.0552,0.50346,12
pitcher-676974,2022,-1.36488,0.73133,45
pitcher-677053,2022,-1.49138,0.81381,179
pitcher-677161,2022,0.61886,0.95019,113
pitcher-677651,2022,0.98871,0.61369,1171
pitcher-677865,2022,-1.1584,1.13698,150
pitcher-677960,2022,0.13188,0.19999,43
pitcher-678061,2022,-0.45361,1.18311,47
pitcher-678394,2022,-0.14223,0.72109,513
pitcher-678692,2022,-0.85246,0.9732,90
pitcher-680573,2022,0.88711,0.57631,35
pitcher-680686,2022,0.15703,0.59649,1360
pitcher-680694,2022,-0.4032,0.52455,1015
pitcher-680704,2022,-0.98041,0.85032,391
pitcher-680739,2022,2.32714,0.638,542
pitcher-681217,2022,-0.8906,0.86735,261
pitcher-681464,2022,-0.68943,0.58468,41
pitcher-681799,2022,-4.04924,1.06193,86
pitcher-681806,2022,1.8933,0.9235,423
pitcher-681810,2022,0.95496,1.29544,135
pitcher-681867,2022,-0.26569,0.25379,25
pitcher-681885,2022,-0.04571,0.65703,93
pitcher-681911,2022,0.6063,0.82007,469
pitcher-682016,2022,0.33492,0.31579,19
pitcher-682027,2022,1.02895,0.98328,8
pitcher-682051,2022,0.55265,0.72688,525
pitcher-682171,2022,1.13072,0.99756,492
pitcher-682847,2022,1.28365,0.71284,142
pitcher-683232,2022,-0.14423,1.0025,11
pitcher-683769,2022,-0.15714,0.93599,82
pitcher-685503,2022,-1.05882,0.91157,189
pitcher-686610,2022,2.2403,1.23812,274
pitcher-686613,2022,3.33023,1.20286,159
pitcher-686752,2022,-0.70979,0.8616,414
pitcher-686753,2022,-2.00599,0.45826,185
pitcher-686972,2022,-0.34965,1.247,50
pitcher-686973,2022,0.77352,0.52045,197
pitcher-688010,2022,0.97026,0.73163,28
pitcher-689225,2022,-0.379,0.93365,604
pitcher-693821,2022,0.36649,0.89196,447
umpire-427013,2023,-1.46414,0.3827,4273
umpire-427044,2023,0.39309,0.45909,3949
umpire-427053,2023,-0.15319,0.44902,4159
umpire-427093,2023,1.43529,0.34086,4245
umpire-427113,2023,0.82566,0.4601,2936
umpire-427128,2023,0.51274,0.3096,4200
umpire-427129,2023,0.37197,0.36065,4243
umpire-427139,2023,4.01976,0.35133,4454
umpire-427144,2023,-1.06192,0.57264,1581
umpire-427164,2023,0.20462,0.425,4501
umpire-427197,2023,-1.25709,0.37849,4323
umpire-427220,2023,-0.26425,0.92934,1676
umpire-427243,2023,-0.14722,0.30499,4366
umpire-427248,2023,0.53128,0.39999,4589
umpire-427286,2023,0.08079,0.47187,4043
umpire-427292,2023,0.75353,0.4229,3681
umpire-427299,2023,0.82665,0.45323,2057
umpire-427315,2023,-0.93448,0.46444,4384
umpire-427344,2023,2.61404,0.41052,4413
umpire-427362,2023,1.60421,0.27191,4497
umpire-427366,2023,0.74228,0.35013,4611
umpire-427413,2023,1.34982,0.4143,3007
umpire-427520,2023,-0.70547,0.67264,1766
umpire-427533,2023,-2.73141,0.33137,3847
umpire-427537,2023,-0.13031,0.54606,4198
umpire-427554,2023,0.03499,0.3923,4452
umpire-428442,2023,-1.18788,0.42793,4556
umpire-429805,2023,-1.75519,0.40714,4184
umpire-431232,2023,-0.21967,0.41866,4602
umpire-482608,2023,1.01564,0.59365,1544
umpire-482620,2023,2.49436,1.41286,155
umpire-482631,2023,0.50804,0.47837,4503
umpire-482641,2023,-3.10581,0.34481,4421
umpire-482663,2023,-0.2864,0.35219,4770
umpire-482666,2023,-0.39939,0.35954,4820
umpire-483561,2023,2.22877,0.55779,4551
umpire-483564,2023,-1.65388,0.36452,4881
umpire-483569,2023,1.37438,0.46463,4838
umpire-483630,2023,0.96397,0.4212,4302
umpire-483912,2023,-0.3873,0.46523,4559
umpire-483919,2023,0.27456,0.35743,4256
umpire-484183,2023,0.43192,0.40651,3641
umpire-484198,2023,0.1908,0.34278,4433
umpire-484499,2023,0.7638,0.47826,4538
umpire-486200,2023,-1.83687,0.551,564
umpire-489985,2023,0.81975,0.3915,3378
umpire-490319,2023,-0.65062,0.54403,4052
umpire-503077,2023,-0.7388,0.34747,4493
umpire-503490,2023,0.41111,0.33855,4324
umpire-503493,2023,-1.48668,0.32304,4451
umpire-503502,2023,-0.22304,0.46255,4324
umpire-503586,2023,0.19001,0.42257,4263
umpire-504381,2023,0.40448,0.35657,4690
umpire-511890,2023,0.23075,0.33849,4180
umpire-521051,2023,1.25784,0.31302,4529
umpire-521251,2023,0.23152,0.30352,4380
umpire-521889,2023,0.80677,0.46251,4107
umpire-544728,2023,-0.97298,0.33896,4426
umpire-545402,2023,-1.96336,0.88791,1352
umpire-547380,2023,-0.89979,0.3948,4483
umpire-554242,2023,-1.64631,0.35874,4969
umpire-573596,2023,-2.01309,0.3128,4505
umpire-573597,2023,1.74453,0.38406,4069
umpire-573769,2023,-0.21808,0.31821,3583
umpire-575629,2023,-0.78025,0.34437,4170
umpire-577468,2023,0.5953,0.49671,4261
umpire-594151,2023,1.15303,0.4347,4386
umpire-596740,2023,-0.77142,0.33974,4234
umpire-596805,2023,-0.14401,0.39627,4514
umpire-596809,2023,-0.63775,0.31782,4270
umpire-598411,2023,-0.49713,0.31546,4635
umpire-605670,2023,0.6244,0.3533,4208
umpire-605671,2023,-0.33818,0.46741,3991
umpire-605672,2023,1.11446,0.45718,4203
umpire-605673,2023,-0.05299,0.27767,4807
umpire-605674,2023,0.30752,0.37497,4892
umpire-607884,2023,-1.112,0.9799,1315
umpire-608093,2023,0.64729,0.44373,4731
umpire-608158,2023,-1.03138,0.37874,5417
umpire-621660,2023,1.82835,0.41717,3935
umpire-622329,2023,-1.03647,0.57691,108
umpire-623938,2023,1.10067,0.42574,4393
umpire-623945,2023,0.48838,0.55651,2785
umpire-623946,2023,-0.09313,0.39385,4426
umpire-623949,2023,-0.47987,0.35735,4842
umpire-639723,2023,-0.65759,0.34911,4116
umpire-644760,2023,0.13264,0.3514,4008
umpire-658082,2023,-0.59433,0.7142,1769
umpire-658292,2023,-1.90161,0.55156,2781
umpire-664263,2023,-0.41717,0.56453,2588
umpire-664265,2023,0.21636,1.07872,701
umpire-665281,2023,1.31215,0.58982,2081
umpire-665297,2023,-0.2426,0.59663,2370
umpire-665576,2023,-0.88259,0.35055,2416
catcher-444489,2023,-1.37059,0.91716,124
catcher-455117,2023,-1.00846,0.3202,8122
catcher-506702,2023,0.3324,0.90261,795
catcher-518595,2023,0.51091,0.51552,4419
catcher-518735,2023,0.12746,0.46875,6133
catcher-521692,2023,-1.12649,0.37253,6300
catcher-542194,2023,-0.43306,0.35044,6208
catcher-542208,2023,-1.45832,0.45464,2372
catcher-543228,2023,-0.99046,0.34229,6838
catcher-543309,2023,1.90101,0.38687,5309
catcher-543510,2023,0.34318,0.43248,3904
catcher-543592,2023,-0.7418,0.51545,3245
catcher-543877,2023,1.55314,0.32246,6232
catcher-547379,2023,1.27348,0.55129,305
catcher-553869,2023,-1.36701,0.31302,8615
catcher-553882,2023,0.01982,0.42957,3083
catcher-571466,2023,1.31203,0.48843,2472
catcher-571912,2023,-0.67759,0.43132,4323
catcher-572287,2023,-0.0625,0.5333,2746
catcher-575929,2023,-1.23374,0.35827,6657
catcher-592200,2023,-0.50841,0.50677,2059
catcher-592663,2023,-0.70319,0.29418,9381
catcher-595453,2023,-0.32364,0.40523,3372
catcher-595751,2023,0.00089,1.06787,392
catcher-595956,2023,0.87761,0.48218,3375
catcher-595978,2023,3.27963,0.42707,4958
catcher-596117,2023,-0.89952,0.47456,2313
catcher-596142,2023,-0.10939,0.34154,4632
catcher-605131,2023,0.89922,0.38606,3482
catcher-605170,2023,1.01256,0.33446,4131
catcher-605421,2023,-1.63054,0.87287,134
catcher-606992,2023,-0.23903,0.50259,4064
catcher-607732,2023,0.49335,0.33356,5236
catcher-608348,2023,-0.60247,0.52495,3058
catcher-608360,2023,0.13305,0.37109,58
catcher-608596,2023,-1.14146,0.54495,2524
catcher-620443,2023,-3.37978,1.15464,152
catcher-621512,2023,0.73696,0.47491,1402
catcher-621532,2023,0.34477,0.81857,313
catcher-623168,2023,0.97274,0.72931,1006
catcher-624431,2023,1.99016,0.35216,3624
catcher-624512,2023,0.46766,0.33594,3679
catcher-641470,2023,0.77716,1.09417,130
catcher-641511,2023,2.31681,0.39703,4011
catcher-641598,2023,-0.19465,0.50219,1849
catcher-641680,2023,0.88044,0.38195,8001
catcher-642136,2023,-0.30404,0.36133,4970
catcher-642336,2023,-1.20755,0.39067,3066
catcher-642851,2023,0.72841,0.43993,3349
catcher-643348,2023,0.7035,0.34852,144
catcher-643376,2023,0.44682,0.4402,4683
catcher-644433,2023,0.50828,0.59617,331
catcher-645444,2023,-2.05368,0.40852,2778
catcher-650619,2023,-2.70969,1.61161,192
catcher-650907,2023,0.58985,0.55759,1979
catcher-656024,2023,-1.61959,0.7087,988
catcher-656180,2023,-1.70487,0.48524,2915
catcher-656627,2023,-0.26167,0.29763,17
catcher-657136,2023,-0.80808,0.25381,7766
catcher-657247,2023,-1.78756,1.2812,357
catcher-660688,2023,-0.82647,0.25897,9112
catcher-661388,2023,1.2843,0.27572,7946
catcher-661531,2023,1.29258,1.03508,540
catcher-663698,2023,0.80336,0.38025,1975
catcher-663728,2023,0.85471,0.35311,8131
catcher-663743,2023,0.74498,0.46873,6492
catcher-663886,2023,-1.32264,0.41167,6106
catcher-663967,2023,-0.74972,0.93597,354
catcher-664874,2023,1.41354,0.47397,4306
catcher-664954,2023,-1.23418,0.49224,1856
catcher-665804,2023,0.48714,0.36,2439
catcher-666023,2023,0.24701,0.40158,4216
catcher-666163,2023,1.53853,0.56021,1654
catcher-666165,2023,-0.05689,0.44112,3266
catcher-666310,2023,0.87317,0.47471,4217
catcher-668663,2023,0.09982,0.45612,60
catcher-668670,2023,0.44788,0.3744,6609
catcher-668800,2023,-1.28517,0.43981,4850
catcher-668939,2023,1.31856,0.35174,7617
catcher-669004,2023,0.2353,0.98303,583
catcher-669087,2023,-1.06394,0.74014,308
catcher-669127,2023,-0.45333,0.30049,9310
catcher-669134,2023,-0.26414,0.53927,2710
catcher-669221,2023,0.75372,0.32203,7121
catcher-669224,2023,0.84952,0.51734,1380
catcher-669257,2023,0.63416,0.34821,7514
catcher-671056,2023,0.36745,0.74004,781
catcher-672275,2023,2.06057,0.30446,6122
catcher-672386,2023,1.09118,0.31596,6377
catcher-672515,2023,-0.49247,0.33487,6845
catcher-673237,2023,-0.48228,0.42597,3407
catcher-680418,2023,-0.17648,0.96496,187
catcher-680777,2023,-0.1692,0.37712,4927
catcher-680779,2023,0.60288,0.47111,20
catcher-681351,2023,-1.13598,0.42286,3799
catcher-681807,2023,-2.1521,0.86876,944
catcher-682515,2023,0.67142,0.78241,682
catcher-682626,2023,1.34103,0.40611,7667
catcher-682848,2023,1.49335,0.49609,3441
catcher-686452,2023,-0.74744,0.66416,656
catcher-686676,2023,-0.70399,0.66222,1774
catcher-691016,2023,-1.0555,0.72335,1106
pitcher-425794,2023,-0.89444,0.86795,997
pitcher-425844,2023,0.58041,0.63845,1120
pitcher-434378,2023,-0.94229,0.70326,1235
pitcher-445276,2023,-0.30307,0.60984,336
pitcher-445926,2023,3.12837,0.81192,330
pitcher-446372,2023,0.75698,0.86445,480
pitcher-448179,2023,-2.29887,0.72305,1365
pitcher-450203,2023,-0.20682,0.63921,1553
pitcher-453178,2023,0.01274,1.18859,153
pitcher-453268,2023,1.07778,0.92963,541
pitcher-453286,2023,0.27762,0.59783,1166
pitcher-455117,2023,-1.19701,0.96065,17
pitcher-455119,2023,1.22024,0.88737,299
pitcher-456501,2023,-0.7072,0.85684,399
pitcher-456713,2023,0.02216,0.88727,100
pitcher-458681,2023,1.08834,0.58909,1527
pitcher-471911,2023,-0.10449,0.78026,811
pitcher-472551,2023,-1.40595,1.92881,76
pitcher-472610,2023,-1.5931,0.77567,472
pitcher-476595,2023,0.88272,0.94581,135
pitcher-477132,2023,0.98711,0.54626,940
pitcher-488984,2023,1.34987,0.96302,170
pitcher-489119,2023,0.18195,0.74405,985
pitcher-489446,2023,-0.96479,0.90448,551
pitcher-493603,2023,-0.22675,0.82522,576
pitcher-500743,2023,0.85642,1.22772,20
pitcher-500779,2023,1.44735,1.00743,634
pitcher-500871,2023,-1.51068,1.05762,22
pitcher-502043,2023,0.44229,0.53978,1551
pitcher-502083,2023,-1.35116,0.64724,53
pitcher-502085,2023,1.74315,0.67957,546
pitcher-502171,2023,0.30873,0.49508,1327
pitcher-502179,2023,-0.76076,0.75457,59
pitcher-502202,2023,-1.04928,1.32704,195
pitcher-502624,2023,-1.63554,0.73405,762
pitcher-506433,2023,-0.08404,0.69161,1143
pitcher-506702,2023,-0.03355,0.04856,6
pitcher-517008,2023,-0.87384,0.55782,27
pitcher-518397,2023,-0.58811,0.84121,305
pitcher-518489,2023,-0.25369,0.78725,415
pitcher-518516,2023,0.96355,0.82842,189
pitcher-518585,2023,0.87027,0.7639,539
pitcher-518617,2023,-0.83522,0.86207,569
pitcher-518626,2023,-0.06126,0.0609,5
pitcher-518876,2023,0.91113,0.70127,1378
pitcher-518886,2023,-0.60815,0.95471,567
pitcher-519008,2023,0.28688,0.19922,27
pitcher-519043,2023,0.64825,0.72063,353
pitcher-519151,2023,2.69078,0.79232,475
pitcher-519242,2023,-0.92254,0.85789,842
pitcher-519293,2023,0.878,0.911,391
pitcher-521230,2023,0.65132,0.5681,41
pitcher-523260,2023,0.58643,0.87305,377
pitcher-527048,2023,0.89585,0.60967,1178
pitcher-527054,2023,-0.29348,0.82659,554
pitcher-541640,2023,-0.27646,1.14387,452
pitcher-542194,2023,0.10725,0.10067,5
pitcher-542208,2023,-0.266,0.21393,22
pitcher-542585,2023,1.5078,0.87358,479
pitcher-542881,2023,1.11879,0.64436,1130
pitcher-542888,2023,-0.69107,1.02765,362
pitcher-542914,2023,2.0018,1.18446,160
pitcher-542947,2023,1.0431,0.78569,196
pitcher-543037,2023,1.04586,0.65375,1579
pitcher-543056,2023,1.17623,0.72458,406
pitcher-543063,2023,0.06356,0.09388,12
pitcher-543101,2023,0.68056,0.70645,807
pitcher-543135,2023,0.21165,0.51399,1111
pitcher-543243,2023,-0.42908,0.5725,1389
pitcher-543272,2023,-0.889,0.87714,518
pitcher-543281,2023,-1.20894,0.6507,23
pitcher-543294,2023,0.42624,0.49817,1085
pitcher-543339,2023,0.23081,0.14519,24
pitcher-543351,2023,0.84228,1.08663,219
pitcher-543475,2023,0.02216,0.60351,1404
pitcher-543507,2023,1.39412,1.1197,420
pitcher-543510,2023,3.22069,2.70847,8
pitcher-543518,2023,-0.09515,0.77082,597
pitcher-543521,2023,1.50464,0.80854,510
pitcher-543543,2023,0.56209,0.42958,25
pitcher-543548,2023,-1.21208,0.91271,79
pitcher-543594,2023,-0.63278,0.51421,27
pitcher-543766,2023,-0.4038,0.89271,401
pitcher-543859,2023,-1.10029,0.89937,621
pitcher-543901,2023,-0.70956,1.18325,90
pitcher-544727,2023,-1.61917,1.01694,143
pitcher-545121,2023,-1.25151,0.9705,15
pitcher-547179,2023,1.02833,0.54349,1139
pitcher-547184,2023,-0.7493,0.96657,148
pitcher-547943,2023,-0.29537,0.93601,420
pitcher-547973,2023,-0.32199,0.75907,532
pitcher-548384,2023,-0.25856,0.80411,534
pitcher-548389,2023,1.46733,0.89573,715
pitcher-552640,2023,-1.48455,1.05914,71
pitcher-554340,2023,-0.63504,0.8315,550
pitcher-554430,2023,-0.61438,0.62669,1489
pitcher-570257,2023,-1.0287,1.40058,119
pitcher-570632,2023,1.55593,1.21969,392
pitcher-570666,2023,-0.59971,1.18924,225
pitcher-570731,2023,0.797,0.77794,8
pitcher-571466,2023,2.75374,1.4885,21
pitcher-571479,2023,0.54406,0.6412,216
pitcher-571510,2023,-0.79734,0.87641,571
pitcher-571539,2023,0.92144,1.04652,227
pitcher-571578,2023,-1.282,0.59661,1476
pitcher-571616,2023,-0.30423,0.23443,36
pitcher-571656,2023,1.53074,0.65409,623
pitcher-571670,2023,2.00108,0.98117,498
pitcher-571710,2023,-1.02272,0.66798,44
pitcher-571760,2023,-1.21094,0.63523,1304
pitcher-571863,2023,0.81687,1.03914,274
pitcher-571875,2023,-0.1039,0.08124,4
pitcher-571882,2023,0.75716,0.69681,460
pitcher-571901,2023,-0.54665,0.81605,407
pitcher-571912,2023,-1.35705,0.66757,36
pitcher-571927,2023,0.43864,0.85476,958
pitcher-571945,2023,-0.42781,0.55391,1526
pitcher-571946,2023,-0.37466,0.84701,366
pitcher-571948,2023,1.22708,0.93592,583
pitcher-572008,2023,-0.19866,0.19753,3
pitcher-572020,2023,-1.35793,0.63313,799
pitcher-572193,2023,0.18187,1.08553,118
pitcher-572403,2023,-0.17693,0.90677,519
pitcher-572888,2023,-0.21797,0.9616,30
pitcher-572955,2023,2.38212,0.98264,557
pitcher-572971,2023,2.27126,1.13396,347
pitcher-573009,2023,0.08282,1.07018,278
pitcher-573124,2023,-0.03474,0.83323,467
pitcher-573186,2023,0.56971,0.82744,1138
pitcher-573204,2023,-0.31238,1.34722,227
pitcher-579328,2023,-1.87834,0.56301,1390
pitcher-592094,2023,1.10427,0.46001,472
pitcher-592222,2023,0.00526,0.00832,1
pitcher-592229,2023,1.83824,0.96396,362
pitcher-592254,2023,1.58504,1.04557,146
pitcher-592332,2023,2.93418,0.55601,1430
pitcher-592346,2023,1.05012,0.52112,35
pitcher-592351,2023,-1.50963,0.69659,1116
pitcher-592390,2023,0.35263,0.29585,9
pitcher-592426,2023,-0.01298,0.79274,238
pitcher-592454,2023,2.89301,0.94415,360
pitcher-592473,2023,2.53591,1.38781,46
pitcher-592527,2023,1.75084,1.28057,24
pitcher-592662,2023,-1.94165,1.29379,43
pitcher-592741,2023,1.10829,0.76209,356
pitcher-592767,2023,1.02673,0.69112,1188
pitcher-592773,2023,-1.20413,0.74525,382
pitcher-592779,2023,0.03216,0.83758,209
pitcher-592789,2023,-0.92039,0.89091,691
pitcher-592791,2023,-0.32476,0.44665,1244
pitcher-592826,2023,-0.00637,1.1579,323
pitcher-592836,2023,0.28959,0.51406,1507
pitcher-592848,2023,1.50669,0.99685,114
pitcher-592866,2023,-0.69651,0.60122,1350
pitcher-593334,2023,0.53639,0.86962,782
pitcher-593423,2023,-0.76869,0.59425,12
pitcher-593576,2023,0.18354,0.73755,511
pitcher-593619,2023,-1.91813,1.4204,172
pitcher-593643,2023,-0.19565,0.40938,14
pitcher-593833,2023,-1.65066,1.13165,94
pitcher-593958,2023,1.41031,0.7043,1198
pitcher-593974,2023,1.40411,0.81103,434
pitcher-594577,2023,-0.03217,1.31258,229
pitcher-594580,2023,-0.13415,0.74876,546
pitcher-594798,2023,2.50372,0.91591,212
pitcher-594835,2023,-2.03128,0.77016,409
pitcher-594902,2023,1.26513,0.73296,739
pitcher-594943,2023,0.24008,1.07667,228
pitcher-595345,2023,0.51228,0.67477,514
pitcher-595411,2023,-1.18932,1.02322,57
pitcher-595897,2023,-0.44803,0.46206,23
pitcher-595928,2023,-1.0234,1.01549,160
pitcher-595978,2023,0.87077,1.24496,26
pitcher-596001,2023,1.67101,0.71818,711
pitcher-596057,2023,-1.70396,0.68519,137
pitcher-596082,2023,0.76471,0.65218,16
pitcher-596112,2023,0.93854,1.02614,325
pitcher-596133,2023,0.16454,0.57385,1140
pitcher-596271,2023,-1.17595,1.14098,233
pitcher-596295,2023,-1.12905,0.65812,1077
pitcher-598264,2023,1.31141,1.03194,213
pitcher-598286,2023,0.53677,0.83873,345
pitcher-600917,2023,-0.01193,0.8811,477
pitcher-600921,2023,-0.79039,1.29566,375
pitcher-600986,2023,-0.21675,0.15184,14
pitcher-601713,2023,-0.53082,0.59065,1157
pitcher-605130,2023,2.20937,0.71648,627
pitcher-605135,2023,-1.19909,0.67554,1601
pitcher-605151,2023,1.76937,1.00926,78
pitcher-605154,2023,0.05275,0.82368,338
pitcher-605155,2023,0.14965,0.9715,54
pitcher-605177,2023,2.20366,0.66736,468
pitcher-605182,2023,1.3106,0.7442,1024
pitcher-605200,2023,-0.23619,0.81007,856
pitcher-605218,2023,0.17786,0.79062,289
pitcher-605242,2023,-1.18246,0.72691,491
pitcher-605280,2023,1.63309,0.84202,550
pitcher-605288,2023,1.16639,0.63327,990
pitcher-605347,2023,-0.93604,0.92485,481
pitcher-605397,2023,0.55324,0.60104,744
pitcher-605400,2023,0.41117,0.65688,1500
pitcher-605441,2023,-1.0816,0.68903,40
pitcher-605446,2023,-0.94561,0.85264,54
pitcher-605447,2023,-0.35673,0.67177,434
pitcher-605463,2023,-2.06153,1.01573,170
pitcher-605483,2023,2.1604,0.74373,1647
pitcher-605488,2023,0.50147,1.21008,117
pitcher-605498,2023,-0.30568,0.75094,263
pitcher-605513,2023,-0.69791,1.70706,285
pitcher-605540,2023,-1.6761,0.62633,509
pitcher-605612,2023,0.17928,0.1587,14
pitcher-606149,2023,2.80146,0.82457,394
pitcher-606160,2023,1.65182,0.65945,620
pitcher-606303,2023,0.62545,0.71452,583
pitcher-606625,2023,1.09581,0.65569,23
pitcher-606930,2023,-0.34896,0.79904,92
pitcher-606965,2023,0.7967,0.80768,321
pitcher-607054,2023,-0.66699,0.45942,28
pitcher-607067,2023,0.31944,0.76703,1015
pitcher-607074,2023,-0.32301,0.77901,508
pitcher-607179,2023,0.36838,0.75963,501
pitcher-607188,2023,0.30038,0.21986,42
pitcher-607192,2023,0.85039,0.72619,907
pitcher-607216,2023,0.72724,0.59478,51
pitcher-607237,2023,0.45579,1.31051,260
pitcher-607259,2023,1.20976,0.84712,843
pitcher-607359,2023,-0.18575,0.88718,106
pitcher-607455,2023,-2.04345,1.13168,75
pitcher-607457,2023,-0.79134,0.3625,80
pitcher-607461,2023,0.8453,0.71075,13
pitcher-607481,2023,-0.49882,0.90305,630
pitcher-607536,2023,-0.89244,0.97782,1142
pitcher-607625,2023,-0.18831,0.73908,1225
pitcher-607644,2023,-0.81301,1.05369,159
pitcher-607732,2023,1.49563,0.84688,40
pitcher-607755,2023,0.19103,0.75271,473
pitcher-607968,2023,-2.12914,0.54533,197
pitcher-608032,2023,-0.14355,0.78783,524
pitcher-608328,2023,0.08263,1.03413,108
pitcher-608331,2023,1.06223,1.03306,628
pitcher-608334,2023,-2.70343,1.28694,82
pitcher-608337,2023,0.22142,0.63668,1577
pitcher-608344,2023,-1.42705,1.07187,607
pitcher-608348,2023,0.19554,0.34115,23
pitcher-608371,2023,-0.5707,0.684,547
pitcher-608379,2023,-0.41272,0.62943,1105
pitcher-608566,2023,-0.22091,1.00511,146
pitcher-608638,2023,-1.19568,1.02364,405
pitcher-608648,2023,-0.69487,0.5549,17
pitcher-608665,2023,1.01019,0.90536,600
pitcher-608678,2023,-0.0817,0.76843,403
pitcher-608717,2023,1.65072,0.77741,672
pitcher-608718,2023,1.4469,0.89192,594
pitcher-608723,2023,-0.87341,0.98121,326
pitcher-611093,2023,-0.2967,1.19706,76
pitcher-612434,2023,0.5034,0.8354,531
pitcher-613534,2023,-2.35141,0.92533,190
pitcher-613564,2023,-0.79349,0.57446,7
pitcher-614179,2023,-1.02927,0.68118,407
pitcher-615698,2023,1.20742,0.67611,861
pitcher-620454,2023,0.52735,0.42601,17
pitcher-621016,2023,0.10174,0.72985,627
pitcher-621051,2023,-0.82517,0.79949,507
pitcher-621057,2023,0.90767,1.35518,188
pitcher-621074,2023,0.81992,0.82403,377
pitcher-621076,2023,-1.77234,1.04255,528
pitcher-621107,2023,0.41764,0.56469,1247
pitcher-621112,2023,1.28099,0.63993,957
pitcher-621139,2023,1.8068,1.01233,47
pitcher-621199,2023,2.68506,1.62618,51
pitcher-621219,2023,-0.79166,0.54456,20
pitcher-621237,2023,-0.57951,0.81198,354
pitcher-621244,2023,-1.25018,0.53125,1510
pitcher-621249,2023,-0.20116,1.03497,168
pitcher-621294,2023,-2.20539,1.26732,158
pitcher-621295,2023,-0.15156,1.25425,232
pitcher-621345,2023,-0.40782,0.73077,516
pitcher-621363,2023,-0.24475,0.79404,451
pitcher-621366,2023,-0.75923,0.88895,231
pitcher-621368,2023,2.1677,0.96979,143
pitcher-621381,2023,-0.80998,0.91816,658
pitcher-621383,2023,1.0805,0.85683,512
pitcher-621389,2023,-0.27028,1.21234,618
pitcher-621433,2023,-0.00115,0.02454,4
pitcher-622065,2023,-0.46477,0.789,398
pitcher-622072,2023,1.22986,0.68813,905
pitcher-622075,2023,-0.68065,0.68502,438
pitcher-622088,2023,-0.81838,0.90446,52
pitcher-622098,2023,0.48194,0.89802,562
pitcher-622103,2023,-1.5086,1.00716,106
pitcher-622110,2023,-0.188,0.15113,11
pitcher-622250,2023,1.39901,0.80252,421
pitcher-622251,2023,-1.3467,0.90109,180
pitcher-622259,2023,0.55221,0.66535,142
pitcher-622491,2023,1.92924,0.67837,1506
pitcher-622503,2023,-1.16564,1.18147,129
pitcher-622554,2023,-0.15312,0.74156,389
pitcher-622569,2023,-0.77806,0.62863,31
pitcher-622608,2023,-0.76382,1.02596,62
pitcher-622663,2023,0.0502,0.69943,759
pitcher-622766,2023,-0.80607,1.01236,106
pitcher-622772,2023,1.02603,1.07109,277
pitcher-622780,2023,-0.59719,1.08574,254
pitcher-623149,2023,0.49097,0.99693,514
pitcher-623167,2023,0.27111,0.7906,857
pitcher-623211,2023,0.06352,0.8725,488
pitcher-623352,2023,0.92412,0.90278,504
pitcher-623381,2023,0.35726,0.22385,35
pitcher-623433,2023,0.91538,0.88886,269
pitcher-623437,2023,1.55571,0.81291,554
pitcher-623451,2023,-1.73246,1.1018,115
pitcher-623465,2023,1.06221,0.85235,464
pitcher-623474,2023,-0.79918,1.23149,266
pitcher-623507,2023,0.32664,0.26411,10
pitcher-624133,2023,-0.13135,0.59119,1047
pitcher-624522,2023,0.00822,0.79127,265
pitcher-624647,2023,0.62838,0.7598,266
pitcher-625643,2023,0.44102,0.88514,547
pitcher-628317,2023,-0.96715,0.70436,842
pitcher-628452,2023,2.09574,1.06246,396
pitcher-628708,2023,1.86975,0.65583,357
pitcher-628711,2023,0.49154,0.62114,897
pitcher-629498,2023,-1.60737,1.21021,24
pitcher-630023,2023,-1.02591,0.91789,651
pitcher-640444,2023,0.21087,1.15303,90
pitcher-640448,2023,0.10822,0.79238,535
pitcher-640451,2023,1.10318,1.00768,456
pitcher-640454,2023,-1.21322,1.19302,61
pitcher-640455,2023,0.09545,0.74388,997
pitcher-640462,2023,0.55839,0.77445,477
pitcher-640470,2023,0.69104,0.66651,446
pitcher-641149,2023,1.94077,1.26836,43
pitcher-641154,2023,-0.8323,0.51886,1393
pitcher-641302,2023,1.22859,1.43177,340
pitcher-641329,2023,-1.00094,0.98626,398
pitcher-641360,2023,0.01424,0.65433,616
pitcher-641401,2023,1.39048,0.64182,266
pitcher-641420,2023,-1.28818,0.55435,40
pitcher-641427,2023,1.05821,0.63617,46
pitcher-641447,2023,0.57084,0.72882,40
pitcher-641482,2023,-0.65937,0.97821,528
pitcher-641525,2023,0.27042,0.28288,4
pitcher-641540,2023,0.15533,0.75505,1375
pitcher-641585,2023,-1.38048,0.62885,1154
pitcher-641627,2023,-0.11817,0.67141,533
pitcher-641645,2023,-0.04523,0.05894,8
pitcher-641656,2023,0.5512,0.8371,472
pitcher-641672,2023,0.05989,0.63787,217
pitcher-641703,2023,0.65867,1.06931,479
pitcher-641712,2023,-0.73551,0.78415,638
pitcher-641729,2023,-0.27008,0.77348,435
pitcher-641743,2023,-1.97614,0.70245,111
pitcher-641745,2023,-0.91464,0.79806,510
pitcher-641755,2023,1.56426,1.13731,145
pitcher-641771,2023,-2.23971,1.25237,433
pitcher-641778,2023,-2.02309,0.82456,428
pitcher-641793,2023,1.19299,0.85274,608
pitcher-641816,2023,0.48144,0.83673,225
pitcher-641835,2023,1.70367,0.94707,429
pitcher-641871,2023,0.3974,0.80367,400
pitcher-641927,2023,1.25499,0.55619,1053
pitcher-641941,2023,-3.06888,0.84599,454
pitcher-642048,2023,-1.11223,0.93894,403
pitcher-642100,2023,0.94808,0.75229,346
pitcher-642121,2023,-1.24829,0.6079,44
pitcher-642133,2023,-0.04839,0.05414,5
pitcher-642207,2023,0.9861,0.91842,476
pitcher-642216,2023,0.40652,0.85997,275
pitcher-642231,2023,1.33563,1.02797,135
pitcher-642232,2023,-1.00564,0.68042,663
pitcher-642239,2023,-1.18209,0.90525,192
pitcher-642397,2023,-0.75993,0.8725,477
pitcher-642528,2023,0.21213,1.68093,104
pitcher-642545,2023,0.63086,0.62592,668
pitcher-642546,2023,-0.29686,1.06441,295
pitcher-642547,2023,-0.4586,0.61018,1413
pitcher-642578,2023,-0.93397,0.66262,20
pitcher-642585,2023,2.17401,0.75056,461
pitcher-642701,2023,0.60401,0.80482,110
pitcher-642758,2023,0.55984,0.87868,81
pitcher-642770,2023,-0.29355,0.80984,211
pitcher-643256,2023,-1.39235,0.77043,193
pitcher-643338,2023,0.00868,0.88741,82
pitcher-643361,2023,0.10781,0.84033,206
pitcher-643377,2023,-1.14477,0.86406,515
pitcher-643396,2023,0.51789,0.35121,23
pitcher-643410,2023,0.42415,0.72296,541
pitcher-643493,2023,2.25991,0.84427,367
pitcher-643511,2023,-2.42753,1.17292,541
pitcher-645261,2023,-0.08616,0.76091,1205
pitcher-645444,2023,0.58989,0.6796,19
pitcher-645801,2023,1.38939,1.14426,27
pitcher-646241,2023,-0.98668,1.07807,64
pitcher-646242,2023,-0.71626,0.89884,88
pitcher-647315,2023,1.4497,0.93056,102
pitcher-647336,2023,-1.40335,0.76297,283
pitcher-650489,2023,-0.33631,0.60118,19
pitcher-650496,2023,0.5254,0.83384,111
pitcher-650556,2023,0.06158,0.67577,634
pitcher-650633,2023,1.31432,0.64844,934
pitcher-650644,2023,1.44489,0.98432,1016
pitcher-650671,2023,-0.60943,1.1101,74
pitcher-650893,2023,0.24856,0.71061,446
pitcher-650895,2023,-0.77996,0.82326,72
pitcher-650907,2023,0.54251,0.43775,15
pitcher-650911,2023,1.12998,0.494,717
pitcher-650960,2023,-1.03146,0.86888,288
pitcher-656061,2023,-0.6716,0.83866,569
pitcher-656222,2023,-0.29969,0.7469,360
pitcher-656232,2023,-1.62417,0.60596,714
pitcher-656234,2023,-0.40256,0.87006,716
pitcher-656257,2023,-0.54115,0.77379,352
pitcher-656266,2023,-1.74764,0.84881,46
pitcher-656271,2023,0.25424,1.03121,388
pitcher-656288,2023,0.14858,0.78274,1013
pitcher-656290,2023,-1.47208,0.98233,154
pitcher-656302,2023,2.67121,0.65511,1577
pitcher-656322,2023,0.88512,1.30273,91
pitcher-656353,2023,-0.11771,1.07386,424
pitcher-656382,2023,-0.15366,0.97419,161
pitcher-656412,2023,-0.42397,1.14579,524
pitcher-656427,2023,0.7273,0.71003,1369
pitcher-656457,2023,-0.11686,1.51563,136
pitcher-656464,2023,-0.54537,0.89158,515
pitcher-656529,2023,0.49218,0.75929,427
pitcher-656546,2023,-0.57447,0.72517,394
pitcher-656557,2023,-0.41894,0.59051,897
pitcher-656578,2023,0.46885,0.68401,486
pitcher-656605,2023,-1.49148,0.65299,1582
pitcher-656629,2023,-0.34623,0.62634,1340
pitcher-656638,2023,2.75168,0.78389,590
pitcher-656641,2023,1.49992,0.85083,50
pitcher-656657,2023,-0.37729,0.5036,69
pitcher-656669,2023,-1.39053,1.28389,7
pitcher-656716,2023,0.72505,0.61768,12
pitcher-656730,2023,-1.53122,0.69577,301
pitcher-656731,2023,-1.07975,0.5252,1164
pitcher-656756,2023,1.45307,0.49949,1436
pitcher-656786,2023,-0.4983,1.21768,121
pitcher-656793,2023,1.36172,0.96319,30
pitcher-656794,2023,0.37966,0.62039,146
pitcher-656814,2023,-0.59521,1.05253,147
pitcher-656818,2023,-0.17815,0.33842,103
pitcher-656820,2023,0.65246,1.1694,54
pitcher-656849,2023,0.83729,0.69067,1013
pitcher-656876,2023,0.00924,1.08689,320
pitcher-656887,2023,2.45417,1.60257,83
pitcher-656924,2023,0.28433,0.24299,7
pitcher-656945,2023,-0.73498,0.73663,566
pitcher-656970,2023,0.25932,1.15258,176
pitcher-656981,2023,0.75715,0.49634,137
pitcher-656986,2023,1.37158,0.65527,64
pitcher-657006,2023,-1.75921,0.53349,1205
pitcher-657024,2023,0.97868,0.56543,515
pitcher-657031,2023,0.7388,1.09346,170
pitcher-657041,2023,0.85013,0.70176,11
pitcher-657044,2023,-0.89952,0.83109,242
pitcher-657053,2023,0.51872,0.74182,902
pitcher-657093,2023,-0.56693,0.40061,45
pitcher-657097,2023,-1.31934,0.7746,429
pitcher-657140,2023,-1.54434,0.98006,291
pitcher-657240,2023,1.43,0.73333,599
pitcher-657248,2023,0.89637,1.44096,92
pitcher-657265,2023,0.29061,0.84154,347
pitcher-657272,2023,-1.13367,0.78826,22
pitcher-657277,2023,1.36371,0.4862,1637
pitcher-657376,2023,-2.5591,0.61647,1388
pitcher-657424,2023,-0.46343,1.17944,69
pitcher-657508,2023,-0.78253,0.89652,521
pitcher-657514,2023,0.93387,0.93349,496
pitcher-657571,2023,-1.88627,1.02739,512
pitcher-657585,2023,-0.05023,1.42114,162
pitcher-657612,2023,-0.55039,1.08437,351
pitcher-657697,2023,-0.01206,0.55751,27
pitcher-657746,2023,-0.66197,0.4896,1171
pitcher-657756,2023,-0.38209,0.69388,743
pitcher-658648,2023,-0.52115,0.61945,447
pitcher-659275,2023,0.32362,0.74058,321
pitcher-660261,2023,-1.43823,0.74055,723
pitcher-660271,2023,-0.30648,0.64014,1080
pitcher-660431,2023,-0.22896,0.18971,11
pitcher-660593,2023,-0.6736,0.81445,170
pitcher-660634,2023,-0.08287,0.08398,3
pitcher-660730,2023,-0.49604,0.37509,25
pitcher-660761,2023,-0.92749,0.98384,304
pitcher-660787,2023,-0.03707,1.25493,207
pitcher-660813,2023,0.96566,0.96435,448
pitcher-660825,2023,1.01798,1.33002,119
pitcher-660853,2023,-1.35316,0.84628,499
pitcher-660896,2023,1.83605,0.67046,179
pitcher-660906,2023,1.05604,0.53697,137
pitcher-661309,2023,-0.82421,1.46853,493
pitcher-661383,2023,-0.41632,1.14784,121
pitcher-661395,2023,0.50166,0.83338,455
pitcher-661403,2023,-0.48593,0.82504,498
pitcher-661440,2023,0.32212,0.93732,342
pitcher-661527,2023,0.95276,0.67223,401
pitcher-662253,2023,0.77476,0.94898,412
pitcher-663158,2023,0.10027,0.69142,224
pitcher-663321,2023,-1.24259,1.14458,38
pitcher-663362,2023,-1.97219,1.41031,348
pitcher-663372,2023,-1.65043,0.82726,417
pitcher-663385,2023,0.25037,0.93088,130
pitcher-663423,2023,0.16442,0.84835,235
pitcher-663432,2023,0.09735,0.10681,9
pitcher-663455,2023,0.32638,0.28586,22
pitcher-663460,2023,0.38709,0.99957,116
pitcher-663462,2023,-0.1803,0.79397,243
pitcher-663465,2023,-0.08004,0.73088,97
pitcher-663474,2023,-1.90942,1.53278,157
pitcher-663485,2023,-0.99315,0.80912,226
pitcher-663542,2023,-1.42564,1.58922,84
pitcher-663546,2023,1.90071,1.0305,266
pitcher-663556,2023,0.45347,0.56957,846
pitcher-663558,2023,1.47547,0.76487,398
pitcher-663559,2023,-1.63679,0.93426,607
pitcher-663562,2023,-1.94912,1.12124,310
pitcher-663567,2023,-0.07575,0.66593,716
pitcher-663574,2023,-0.86732,1.12702,37
pitcher-663623,2023,0.45762,0.72659,1176
pitcher-663629,2023,-0.33388,0.48157,51
pitcher-663630,2023,4.07023,3.1936,11
pitcher-663658,2023,-1.08062,0.98936,409
pitcher-663687,2023,-2.41861,0.71567,569
pitcher-663704,2023,0.95238,1.35805,172
pitcher-663738,2023,-1.26605,1.0102,399
pitcher-663752,2023,-1.66342,0.85159,84
pitcher-663753,2023,-1.75002,1.05399,71
pitcher-663765,2023,-0.516,1.15359,516
pitcher-663773,2023,1.44192,0.91935,599
pitcher-663776,2023,-0.4879,0.67036,1330
pitcher-663804,2023,0.09404,1.09806,298
pitcher-663855,2023,-0.55003,0.74121,611
pitcher-663878,2023,-0.6381,0.8319,401
pitcher-663897,2023,-0.01879,0.01764,2
pitcher-663903,2023,0.31556,0.64613,1344
pitcher-663941,2023,-0.39536,0.97274,644
pitcher-663947,2023,0.91291,0.70818,591
pitcher-663971,2023,-0.82218,0.76288,6
pitcher-663978,2023,0.25383,0.18175,38
pitcher-663986,2023,-1.24808,0.58341,528
pitcher-663989,2023,-1.27013,0.74251,95
pitcher-663992,2023,-0.73591,0.77958,201
pitcher-664028,2023,-1.82344,0.62386,169
pitcher-664062,2023,0.88441,1.0024,779
pitcher-664076,2023,0.05846,0.61112,114
pitcher-664126,2023,1.48918,1.01768,372
pitcher-664129,2023,0.89297,0.58675,32
pitcher-664139,2023,-0.12421,0.86027,561
pitcher-664192,2023,-1.03333,1.3673,375
pitcher-664199,2023,0.09287,0.76073,481
pitcher-664202,2023,0.08714,0.06768,11
pitcher-664208,2023,0.34669,0.57112,497
pitcher-664285,2023,-1.42685,0.76217,1441
pitcher-664294,2023,0.69312,0.9354,505
pitcher-664299,2023,-0.18046,0.47664,1444
pitcher-664353,2023,-0.78169,0.48999,503
pitcher-664744,2023,-0.67538,0.52433,16
pitcher-664747,2023,-0.10675,0.67837,582
pitcher-664776,2023,0.45675,0.76626,123
pitcher-664849,2023,1.12774,0.94727,75
pitcher-664854,2023,-0.46901,0.67943,286
pitcher-664874,2023,-0.03339,0.05094,4
pitcher-664875,2023,-1.65423,0.63463,677
pitcher-664901,2023,-0.19277,0.90001,9
pitcher-664942,2023,-0.25064,0.73998,166
pitcher-664948,2023,1.57835,0.66123,114
pitcher-665001,2023,-0.72833,0.76397,153
pitcher-665019,2023,1.73944,1.01521,26
pitcher-665048,2023,0.03104,1.1387,186
pitcher-665152,2023,-0.86456,0.66996,1484
pitcher-665620,2023,-0.42077,1.09671,160
pitcher-665622,2023,-0.35649,0.71534,975
pitcher-665625,2023,0.55577,0.97958,458
pitcher-665665,2023,0.17821,1.2968,162
pitcher-665734,2023,-0.12786,0.69577,164
pitcher-665795,2023,-1.87675,0.85088,964
pitcher-665871,2023,0.53251,0.56085,910
pitcher-665896,2023,-1.27882,0.75011,95
pitcher-666129,2023,0.26462,0.5649,1216
pitcher-666142,2023,0.68489,0.65859,762
pitcher-666154,2023,-0.25206,0.71113,308
pitcher-666157,2023,-0.41858,0.77461,323
pitcher-666159,2023,-0.83972,0.74267,611
pitcher-666168,2023,-1.44436,1.00152,474
pitcher-666200,2023,0.95991,0.65444,1432
pitcher-666201,2023,-0.32971,0.61776,865
pitcher-666204,2023,1.67092,0.96126,237
pitcher-666205,2023,-1.74344,0.95227,697
pitcher-666207,2023,-1.23397,1.01333,16
pitcher-666208,2023,0.0525,0.34513,39
pitcher-666214,2023,0.7877,0.97822,975
pitcher-666277,2023,-2.45396,0.81519,468
pitcher-666364,2023,-1.52775,0.67434,197
pitcher-666374,2023,-0.88411,0.60824,684
pitcher-666619,2023,0.54536,1.07704,507
pitcher-666720,2023,-0.85148,0.87448,134
pitcher-666721,2023,-0.94232,0.97781,169
pitcher-666745,2023,-0.01321,0.87016,737
pitcher-666808,2023,0.44714,0.75234,556
pitcher-666818,2023,0.23388,0.85668,261
pitcher-666974,2023,-1.17482,0.73333,480
pitcher-667427,2023,1.45989,0.61556,207
pitcher-667463,2023,-0.67618,1.25281,258
pitcher-667755,2023,0.17855,0.69629,352
pitcher-668338,2023,0.60372,1.01634,109
pitcher-668470,2023,0.18824,0.18074,5
pitcher-668665,2023,0.84966,0.79625,265
pitcher-668674,2023,0.98528,0.83956,578
pitcher-668676,2023,-0.1165,0.82447,161
pitcher-668678,2023,1.48958,0.69526,1622
pitcher-668754,2023,-1.24646,1.56642,58
pitcher-668834,2023,-0.48235,0.43652,29
pitcher-668868,2023,0.73899,0.83115,635
pitcher-668873,2023,-0.70292,0.92569,59
pitcher-668881,2023,0.82783,0.66845,1018
pitcher-668909,2023,-0.25588,0.89807,692
pitcher-668933,2023,0.72316,0.56438,1140
pitcher-668941,2023,1.72596,0.77929,272
pitcher-668942,2023,0.49187,0.59685,17
pitcher-668970,2023,-1.24367,0.65847,317
pitcher-668984,2023,0.17611,0.75542,130
pitcher-669022,2023,1.18161,0.6593,1212
pitcher-669060,2023,0.51696,0.6634,568
pitcher-669084,2023,-1.48388,1.03863,176
pitcher-669093,2023,-1.81551,1.2718,119
pitcher-669105,2023,0.12877,0.50785,47
pitcher-669111,2023,0.08411,0.26696,30
pitcher-669145,2023,-0.12607,1.08224,95
pitcher-669160,2023,-1.82316,0.87946,373
pitcher-669165,2023,1.36305,1.09986,10
pitcher-669169,2023,1.2064,0.96492,101
pitcher-669194,2023,-1.97116,0.7082,1131
pitcher-669203,2023,1.25064,0.66628,1539
pitcher-669211,2023,-0.25457,0.75263,203
pitcher-669212,2023,0.878,0.62136,553
pitcher-669270,2023,-0.99275,1.07439,93
pitcher-669276,2023,1.33011,0.75063,170
pitcher-669302,2023,-0.83496,0.65065,1338
pitcher-669330,2023,0.23427,0.67789,970
pitcher-669373,2023,0.10889,0.76765,542
pitcher-669387,2023,-0.97092,1.18722,327
pitcher-669391,2023,1.1763,0.76607,32
pitcher-669395,2023,-0.53618,0.87058,228
pitcher-669424,2023,0.56134,0.96663,351
pitcher-669432,2023,-1.16291,0.76731,163
pitcher-669438,2023,-0.40913,0.96886,439
pitcher-669456,2023,0.80097,0.78954,982
pitcher-669459,2023,0.06541,0.84264,388
pitcher-669461,2023,0.54856,0.76995,535
pitcher-669467,2023,-1.72354,0.93825,572
pitcher-669618,2023,-0.59337,0.79986,69
pitcher-669674,2023,0.97472,0.83241,366
pitcher-669684,2023,-0.19907,0.75736,445
pitcher-669711,2023,-0.55875,1.06411,191
pitcher-669713,2023,-1.67977,0.68797,780
pitcher-669721,2023,-0.62066,0.58775,108
pitcher-669724,2023,0.92227,1.77754,46
pitcher-669796,2023,1.13015,0.87573,449
pitcher-669854,2023,0.37437,1.04984,422
pitcher-669912,2023,0.15121,0.86814,99
pitcher-669923,2023,0.28203,0.63259,1250
pitcher-669947,2023,1.10892,0.8646,732
pitcher-669952,2023,-0.22097,0.83645,127
pitcher-670032,2023,-0.33665,0.41915,26
pitcher-670036,2023,-1.43813,0.81314,112
pitcher-670042,2023,-1.03007,0.67775,19
pitcher-670046,2023,-0.39884,1.06165,269
pitcher-670059,2023,-1.02787,0.76941,457
pitcher-670097,2023,-0.60906,0.97192,48
pitcher-670102,2023,-0.22615,1.02915,259
pitcher-670124,2023,2.4834,0.85287,219
pitcher-670156,2023,0.28247,0.2454,9
pitcher-670167,2023,0.06502,0.83855,451
pitcher-670174,2023,1.66283,0.58847,661
pitcher-670183,2023,-0.6489,0.97287,71
pitcher-670241,2023,-0.21316,0.78749,143
pitcher-670280,2023,0.59918,0.76744,477
pitcher-670329,2023,-1.02697,1.33903,142
pitcher-670712,2023,0.75018,0.73109,14
pitcher-670766,2023,0.05629,0.60687,69
pitcher-670810,2023,-0.77792,1.04575,89
pitcher-670871,2023,-0.65411,0.41453,23
pitcher-670912,2023,-2.12806,0.6786,1526
pitcher-670950,2023,1.45045,0.77793,671
pitcher-670955,2023,-0.5702,0.42347,25
pitcher-670970,2023,-0.72831,0.78607,85
pitcher-670990,2023,1.2146,1.03597,413
pitcher-671096,2023,-0.6997,0.65609,964
pitcher-671106,2023,-1.16596,0.8901,1058
pitcher-671111,2023,0.23815,0.77068,201
pitcher-671131,2023,-0.46052,0.54273,171
pitcher-671212,2023,0.04959,0.37839,128
pitcher-671345,2023,-0.05129,0.62464,533
pitcher-671737,2023,0.8724,0.73567,858
pitcher-672282,2023,-0.38687,0.49314,1267
pitcher-672335,2023,-1.56062,0.84695,449
pitcher-672391,2023,1.09418,0.96471,189
pitcher-672578,2023,0.29725,0.80677,571
pitcher-672582,2023,-0.31404,0.97952,342
pitcher-672710,2023,0.0869,0.77105,570
pitcher-672715,2023,0.51323,1.07116,210
pitcher-672730,2023,-0.8632,1.10874,95
pitcher-672782,2023,0.61781,0.54673,13
pitcher-672841,2023,-0.65742,1.39536,45
pitcher-672851,2023,1.00353,0.60096,460
pitcher-672860,2023,-1.1338,0.86862,27
pitcher-673111,2023,-0.20281,0.19709,29
pitcher-673540,2023,0.05843,0.47838,1400
pitcher-673858,2023,-1.13868,0.76905,31
pitcher-674003,2023,-0.378,0.99506,486
pitcher-674072,2023,-2.34966,0.97174,681
pitcher-674285,2023,1.05933,1.18584,131
pitcher-674370,2023,-1.77857,0.91348,493
pitcher-674444,2023,0.38621,0.66902,137
pitcher-674681,2023,-0.10694,0.14737,34
pitcher-675540,2023,-1.81772,0.8647,730
pitcher-675627,2023,-1.73602,0.85878,530
pitcher-675911,2023,-0.58211,0.4998,1369
pitcher-675916,2023,2.08317,0.96311,400
pitcher-675921,2023,0.0017,0.342,45
pitcher-675989,2023,1.88881,1.21798,253
pitcher-676050,2023,0.52735,0.71142,38
pitcher-676083,2023,0.18051,0.39132,50
pitcher-676092,2023,0.77779,0.95337,208
pitcher-676106,2023,-0.9458,0.73847,88
pitcher-676130,2023,-0.1628,1.05203,379
pitcher-676206,2023,1.06737,1.06207,151
pitcher-676254,2023,-1.15091,0.76018,578
pitcher-676265,2023,-1.29909,0.96611,352
pitcher-676272,2023,1.15239,0.67852,965
pitcher-676391,2023,-0.12273,0.11019,8
pitcher-676395,2023,0.00955,1.01212,243
pitcher-676440,2023,-0.31394,0.62633,1181
pitcher-676475,2023,-0.0137,0.73778,15
pitcher-676477,2023,1.76005,0.96862,558
pitcher-676534,2023,2.02923,0.86726,254
pitcher-676596,2023,1.7349,0.62578,399
pitcher-676632,2023,-0.15812,0.15245,6
pitcher-676664,2023,-0.99851,0.53273,1372
pitcher-676680,2023,0.8153,0.97128,443
pitcher-676684,2023,1.5389,0.78579,389
pitcher-676689,2023,-0.75955,0.57587,15
pitcher-676701,2023,1.205,0.86646,10
pitcher-676702,2023,0.36668,1.14478,73
pitcher-676710,2023,0.45374,0.46002,957
pitcher-676714,2023,0.82621,1.28247,121
pitcher-676760,2023,-1.78874,0.73575,442
pitcher-676775,2023,-0.28972,1.21015,270
pitcher-676961,2023,0.13782,0.1175,19
pitcher-676979,2023,-1.10354,1.31022,151
pitcher-677020,2023,-0.78781,0.89844,105
pitcher-677053,2023,0.35487,0.83983,449
pitcher-677076,2023,1.93043,0.99021,47
pitcher-677161,2023,0.30333,0.78446,99
pitcher-677651,2023,-0.83571,1.09113,219
pitcher-677865,2023,-0.01062,0.8781,225
pitcher-677944,2023,-0.44722,1.02847,209
pitcher-677960,2023,-0.72234,0.78743,571
pitcher-678061,2023,-0.76646,0.67065,210
pitcher-678226,2023,-0.78455,0.58113,35
pitcher-678394,2023,0.42024,0.61851,1306
pitcher-678606,2023,-1.4615,0.87711,287
pitcher-679346,2023,0.49368,1.17397,73
pitcher-679525,2023,0.84009,0.58254,684
pitcher-679885,2023,-2.26044,1.0627,130
pitcher-680232,2023,-0.14538,0.26871,38
pitcher-680570,2023,-0.35713,0.57923,1008
pitcher-680573,2023,-0.72172,0.5366,46
pitcher-680686,2023,-0.17122,0.51254,1434
pitcher-680689,2023,0.14925,0.54479,177
pitcher-680694,2023,-0.51642,0.61318,1362
pitcher-680704,2023,-1.74545,0.81222,528
pitcher-680723,2023,-2.58381,1.04392,367
pitcher-680735,2023,1.34416,0.93649,309
pitcher-680739,2023,1.19151,0.70388,269
pitcher-680742,2023,-0.28624,0.65692,21
pitcher-680767,2023,0.64256,0.86703,91
pitcher-680983,2023,0.69882,0.4394,17
pitcher-681190,2023,0.16086,0.93275,343
pitcher-681217,2023,0.18348,0.88556,483
pitcher-681402,2023,2.10553,0.87773,200
pitcher-681432,2023,-0.07531,0.60991,75
pitcher-681517,2023,-0.69412,0.70613,35
pitcher-681584,2023,0.05389,0.05753,6
pitcher-681806,2023,-0.00296,0.79127,326
pitcher-681807,2023,-1.98052,1.24307,31
pitcher-681808,2023,0.04566,0.06971,6
pitcher-681810,2023,0.12103,0.10075,14
pitcher-681857,2023,-0.49934,0.77894,909
pitcher-681867,2023,0.47614,1.31219,290
pitcher-681869,2023,1.01891,0.93076,78
pitcher-681882,2023,0.72728,0.8752,235
pitcher-681892,2023,1.20371,0.91776,102
pitcher-681911,2023,-0.8565,0.62139,401
pitcher-681982,2023,-1.32285,0.90658,328
pitcher-681987,2023,-1.02353,0.80346,11
pitcher-682010,2023,1.9587,1.31667,170
pitcher-682051,2023,-0.96578,0.56227,179
pitcher-682052,2023,-0.53578,0.5151,93
pitcher-682120,2023,-1.22578,1.10056,254
pitcher-682171,2023,1.78306,1.32821,108
pitcher-682175,2023,1.32225,0.77024,252
pitcher-682227,2023,0.90926,0.67928,998
pitcher-682243,2023,0.84537,0.72721,952
pitcher-682842,2023,0.58121,0.90762,288
pitcher-682847,2023,-1.24045,0.67776,731
pitcher-682967,2023,0.03966,0.72854,86
pitcher-682989,2023,1.89708,0.97626,41
pitcher-682990,2023,-2.41554,1.11678,437
pitcher-683155,2023,1.04442,0.53059,73
pitcher-683175,2023,-0.8453,1.23829,206
pitcher-683232,2023,1.21605,1.01461,203
pitcher-683769,2023,-0.36488,1.05775,340
pitcher-685107,2023,-1.04366,0.72471,28
pitcher-685314,2023,0.03032,0.74117,59
pitcher-685410,2023,1.14699,1.58989,264
pitcher-686218,2023,0.07161,0.55377,492
pitcher-686294,2023,2.25241,0.92468,223
pitcher-686539,2023,-1.54656,1.31284,107
pitcher-686610,2023,-0.89467,0.58104,1298
pitcher-686613,2023,-0.40073,0.54869,1384
pitcher-686651,2023,1.22777,0.81501,127
pitcher-686654,2023,1.54417,0.7328,85
pitcher-686730,2023,-0.75305,1.23157,144
pitcher-686747,2023,1.22327,1.04273,278
pitcher-686752,2023,0.70778,0.56245,313
pitcher-686753,2023,-2.20402,0.84952,352
pitcher-686826,2023,0.35477,0.76108,203
pitcher-686839,2023,1.47083,0.79517,328
pitcher-686842,2023,-1.03297,0.49486,48
pitcher-686972,2023,0.37568,0.20867,31
pitcher-686973,2023,-1.01654,0.97764,480
pitcher-687145,2023,1.53077,1.46523,108
pitcher-687330,2023,0.93937,0.79193,579
pitcher-687396,2023,-0.51594,1.26705,239
pitcher-687798,2023,0.11982,0.93447,177
pitcher-687830,2023,1.17376,1.21132,170
pitcher-687888,2023,-0.67006,0.66635,178
pitcher-687922,2023,0.23519,0.53852,76
pitcher-688427,2023,-0.41629,1.18462,56
pitcher-689147,2023,-0.31138,1.13222,36
pitcher-689167,2023,0.77068,0.35049,54
pitcher-689172,2023,-1.20905,1.17495,5
pitcher-689225,2023,0.7088,0.977,300
pitcher-689266,2023,-2.26811,0.84195,250
pitcher-689690,2023,-0.34945,0.22547,23
pitcher-690829,2023,-0.2368,0.85376,110
pitcher-690986,2023,-0.57525,0.73826,309
pitcher-691094,2023,-0.52635,0.46157,13
pitcher-691587,2023,1.21479,0.58401,716
pitcher-693312,2023,-0.02187,0.84408,55
pitcher-693433,2023,0.17316,0.69092,684
pitcher-693821,2023,0.97327,0.57132,1394
pitcher-694037,2023,-1.30468,0.86313,245
pitcher-694297,2023,-1.05922,0.56071,802
pitcher-694363,2023,-0.2475,1.21487,444
pitcher-694813,2023,-1.62465,0.84597,255
pitcher-695243,2023,-0.86806,0.83515,314
pitcher-696136,2023,2.26206,0.98288,293
pitcher-696147,2023,-0.0252,0.54985,171
pitcher-700363,2023,-0.46575,0.62616,230
pitcher-701643,2023,0.18638,1.10983,353
umpire-427013,2024,-1.92302,0.28149,4711
umpire-427044,2024,-0.07284,0.38585,4274
umpire-427053,2024,-0.60234,0.334,4221
umpire-427093,2024,1.57649,0.46309,4349
umpire-427113,2024,0.32257,0.40854,4508
umpire-427128,2024,2.13883,0.46262,4159
umpire-427129,2024,-0.62641,0.43274,3855
umpire-427139,2024,3.2196,0.37798,4557
umpire-427164,2024,-0.8129,0.30898,5040
umpire-427197,2024,-0.87099,0.51461,2948
umpire-427220,2024,-1.59696,0.66398,1324
umpire-427243,2024,0.69841,0.40874,4395
umpire-427248,2024,1.00141,0.39035,4226
umpire-427286,2024,-0.26637,0.4861,2315
umpire-427315,2024,-2.01166,0.21796,4422
umpire-427344,2024,2.15086,0.35359,4585
umpire-427366,2024,1.20187,0.45537,3671
umpire-427413,2024,1.02869,0.42164,4390
umpire-427520,2024,1.99429,0.46403,4099
umpire-427533,2024,-1.75949,0.54999,3607
umpire-427537,2024,-0.95003,0.48284,4611
umpire-427554,2024,0.83382,0.40072,3296
umpire-428442,2024,-0.22891,0.35221,4173
umpire-429805,2024,-0.41566,0.35564,4248
umpire-431232,2024,-0.71837,0.38507,4223
umpire-482608,2024,-1.45462,0.4883,3638
umpire-482620,2024,0.50383,0.44744,3033
umpire-482631,2024,3.32214,0.49759,4289
umpire-482641,2024,-2.39094,0.39263,4221
umpire-482663,2024,-0.45732,0.47822,4657
umpire-482666,2024,1.13567,0.33251,3975
umpire-483561,2024,1.15379,0.34076,4414
umpire-483564,2024,-1.37849,0.46111,4645
umpire-483569,2024,-0.15809,0.26737,4661
umpire-483630,2024,0.09674,0.59872,4252
umpire-483912,2024,-0.39205,0.31029,4183
umpire-483919,2024,0.22819,0.4287,4522
umpire-484183,2024,0.66713,0.35258,3906
umpire-484198,2024,-0.82235,0.38109,4148
umpire-484499,2024,-0.65084,0.37896,4156
umpire-485856,2024,-2.05946,0.41191,2779
umpire-486200,2024,-1.10861,0.93072,1291
umpire-489985,2024,-0.09095,0.40145,4092
umpire-490319,2024,-0.04162,0.33502,4417
umpire-503077,2024,-1.16484,0.40416,4617
umpire-503490,2024,0.58139,0.34125,4343
umpire-503493,2024,-0.83257,0.35522,4178
umpire-503502,2024,-0.32138,0.43143,3934
umpire-503586,2024,1.03793,0.44736,4074
umpire-504381,2024,-0.50817,0.40547,2563
umpire-511890,2024,-1.26531,0.35151,3989
umpire-521051,2024,0.701,0.5633,3662
umpire-521251,2024,0.27431,0.31489,4022
umpire-521889,2024,1.34161,0.47754,4630
umpire-544728,2024,-1.84846,0.34799,4142
umpire-545402,2024,0.0773,0.47621,3188
umpire-547380,2024,-1.72391,0.3826,4349
umpire-554242,2024,-1.1398,0.39037,4594
umpire-573597,2024,-0.03055,0.31082,4406
umpire-573769,2024,0.26656,0.47039,2557
umpire-575629,2024,-0.18652,0.45718,1334
umpire-577468,2024,0.72634,0.34515,3911
umpire-594151,2024,0.57538,0.33945,4542
umpire-596740,2024,1.1938,0.49656,4479
umpire-596805,2024,-0.9908,0.39621,4373
umpire-596809,2024,0.60432,0.42166,4243
umpire-598411,2024,0.5755,0.32906,3952
umpire-605670,2024,1.10105,0.40523,4499
umpire-605671,2024,0.3425,0.37152,5255
umpire-605672,2024,0.1721,0.38704,4227
umpire-605673,2024,0.31403,0.3658,4389
umpire-605674,2024,-0.8309,0.45254,4534
umpire-607884,2024,-0.00188,0.40269,4286
umpire-608093,2024,0.37545,0.4676,4253
umpire-608158,2024,0.0869,0.44297,3972
umpire-621660,2024,0.63587,0.36029,4956
umpire-623938,2024,0.1375,0.53525,3927
umpire-623945,2024,1.17714,0.39848,4054
umpire-623946,2024,0.26577,0.46721,4152
umpire-623949,2024,-1.0954,0.38694,4412
umpire-639723,2024,-0.06899,0.48428,4115
umpire-644760,2024,0.37694,0.41416,4249
umpire-658082,2024,1.39106,0.61114,1534
umpire-658292,2024,-1.30139,0.39153,4232
umpire-658536,2024,-0.21932,0.89143,971
umpire-664263,2024,0.50954,0.64713,3068
umpire-665281,2024,2.58636,0.41974,4797
umpire-665297,2024,0.18837,0.38931,4060
umpire-665576,2024,-1.13324,0.69112,1502
umpire-676581,2024,-2.36526,1.00306,846
catcher-455117,2024,-0.88788,0.40459,3410
catcher-518595,2024,0.31732,0.36517,5629
catcher-518735,2024,1.63538,0.41021,4565
catcher-521692,2024,-0.03328,0.3494,6397
catcher-542194,2024,-0.51038,0.46172,3289
catcher-542963,2024,-0.86006,0.65252,188
catcher-543228,2024,-3.15077,0.73521,1984
catcher-543309,2024,0.76982,0.36765,5480
catcher-543510,2024,-0.04879,0.43551,4474
catcher-543877,2024,2.00774,0.34583,5788
catcher-553869,2024,-0.10548,0.35619,5087
catcher-553882,2024,-1.75143,0.60182,1676
catcher-571466,2024,-2.18069,0.52042,1944
catcher-571912,2024,-1.8789,0.49622,3073
catcher-575929,2024,-0.87313,0.3467,3417
catcher-592200,2024,-0.51251,0.57729,2834
catcher-592663,2024,-0.59853,0.34194,6894
catcher-595284,2024,-3.51467,1.35733,185
catcher-595978,2024,2.00199,0.42888,3294
catcher-596117,2024,-0.38351,0.52313,3385
catcher-596142,2024,0.01631,0.54458,1973
catcher-605131,2024,0.60151,0.46563,2930
catcher-605170,2024,1.13067,0.45401,3924
catcher-605244,2024,-0.95669,0.91174,137
catcher-606992,2024,-0.50465,0.59356,1360
catcher-607732,2024,-0.95988,0.3693,5172
catcher-608348,2024,0.48325,0.38128,5532
catcher-608596,2024,-1.01058,0.93129,754
catcher-620443,2024,0.57135,0.51797,2515
catcher-621512,2024,0.36411,0.38624,2877
catcher-621529,2024,-0.16826,0.15427,9
catcher-623168,2024,2.69939,1.09105,258
catcher-624431,2024,2.27098,0.41677,4818
catcher-624512,2024,0.77357,0.48047,2893
catcher-640902,2024,-0.30402,0.81721,901
catcher-641511,2024,-0.24178,0.40749,304
catcher-641598,2024,-2.2661,0.61986,1478
catcher-641680,2024,0.26353,0.32469,8070
catcher-642020,2024,0.27003,0.52662,1741
catcher-642136,2024,-1.23266,0.62487,2772
catcher-642851,2024,-0.04398,0.59131,416
catcher-643376,2024,-0.81097,0.40137,5412
catcher-644433,2024,1.15744,0.87612,1131
catcher-645305,2024,0.27401,0.47851,2119
catcher-645444,2024,0.36564,0.58968,2446
catcher-650907,2024,-0.32672,0.60679,1055
catcher-656180,2024,-0.76768,0.44506,2639
catcher-656577,2024,1.14722,0.59024,3317
catcher-656883,2024,0.61884,0.80207,302
catcher-657136,2024,-1.04234,0.36425,6956
catcher-660688,2024,-0.18582,0.3349,7739
catcher-661388,2024,0.42265,0.29612,8606
catcher-661531,2024,-0.57521,0.75408,1455
catcher-663698,2024,-0.5264,0.446,4572
catcher-663728,2024,1.63396,0.36591,8371
catcher-663743,2024,0.08006,0.35712,7354
catcher-663886,2024,-0.24666,0.30976,8121
catcher-663967,2024,2.61622,0.78647,583
catcher-664874,2024,0.19429,0.7478,919
catcher-664954,2024,-3.24616,1.18538,290
catcher-665561,2024,-0.44646,0.79956,1010
catcher-665804,2024,-0.5542,0.35665,7258
catcher-665856,2024,-1.08304,0.96012,11
catcher-665966,2024,-0.89395,0.69629,306
catcher-666023,2024,0.3558,0.36109,5383
catcher-666163,2024,0.4072,0.3164,6223
catcher-666165,2024,0.90269,0.59419,567
catcher-666310,2024,1.11906,0.31535,7196
catcher-667428,2024,0.02956,0.6753,117
catcher-668670,2024,2.41725,0.45335,5723
catcher-668800,2024,1.57663,0.62462,1962
catcher-668832,2024,-0.46528,0.60856,2604
catcher-668939,2024,0.59504,0.39714,7275
catcher-669087,2024,1.71079,1.00508,95
catcher-669127,2024,-0.40098,0.28147,9110
catcher-669134,2024,-0.80887,0.39547,5391
catcher-669221,2024,0.22275,0.42746,4615
catcher-669224,2024,1.32326,0.33058,7301
catcher-669257,2024,-0.64782,0.3336,8537
catcher-671056,2024,-0.23337,0.42821,3694
catcher-672275,2024,2.295,0.3903,7801
catcher-672386,2024,1.24719,0.44785,6251
catcher-672515,2024,0.18321,0.31687,5761
catcher-673237,2024,-0.05115,0.36865,7597
catcher-676439,2024,0.33471,0.32403,221
catcher-680728,2024,0.52901,0.62609,1415
catcher-680777,2024,-0.33725,0.41788,5575
catcher-680779,2024,-0.53985,0.41293,2094
catcher-681351,2024,-0.11101,0.31897,8902
catcher-681807,2024,0.37874,0.77513,1062
catcher-682626,2024,1.23944,0.38343,6145
catcher-686452,2024,-0.23409,0.51365,1153
catcher-686482,2024,1.19279,0.70987,646
catcher-686676,2024,-1.08901,0.27802,7525
catcher-686780,2024,0.19561,0.34907,4125
catcher-691011,2024,0.28453,0.99602,933
catcher-691016,2024,-2.07406,1.38181,38
catcher-693307,2024,0.49067,0.68242,1667
catcher-696100,2024,-0.88116,0.54568,1350
catcher-700250,2024,-0.15151,0.143,5
pitcher-434378,2024,0.99973,0.79694,766
pitcher-445276,2024,-2.36499,0.99639,395
pitcher-445926,2024,2.11618,0.91812,587
pitcher-448179,2024,1.01505,0.7584,47
pitcher-450203,2024,-0.9967,0.52747,1404
pitcher-453286,2024,-2.08893,1.13396,288
pitcher-455119,2024,0.63601,0.78537,292
pitcher-456501,2024,-0.42087,0.32405,89
pitcher-458677,2024,-0.33627,1.03613,344
pitcher-458681,2024,-0.39986,0.80857,1008
pitcher-471911,2024,0.25953,0.65244,817
pitcher-472610,2024,0.24312,0.95647,432
pitcher-477132,2024,-0.22897,0.84236,224
pitcher-489119,2024,-0.05388,0.17789,58
pitcher-489446,2024,-0.21291,0.87479,495
pitcher-493603,2024,0.83061,0.68894,552
pitcher-500743,2024,-0.21356,0.20168,8
pitcher-500779,2024,1.25281,0.6711,1502
pitcher-502043,2024,-0.16472,0.50358,1468
pitcher-502085,2024,0.89549,0.71414,640
pitcher-502171,2024,-0.61016,0.89147,135
pitcher-502179,2024,-0.2927,0.60616,79
pitcher-502624,2024,1.38084,0.96009,525
pitcher-506433,2024,-1.04203,0.85242,580
pitcher-518397,2024,0.25305,1.32455,269
pitcher-518489,2024,0.73692,1.12858,151
pitcher-518585,2024,1.1081,0.82234,542
pitcher-518617,2024,-2.22916,1.02856,349
pitcher-518876,2024,1.2969,0.85028,574
pitcher-518886,2024,-0.25528,0.76415,519
pitcher-519008,2024,-0.16897,0.93578,440
pitcher-519043,2024,0.88824,0.73577,412
pitcher-519151,2024,-0.99727,0.83293,444
pitcher-519242,2024,-0.65472,0.6619,1410
pitcher-519293,2024,-0.74246,0.75389,323
pitcher-519326,2024,-1.22119,0.69638,597
pitcher-523260,2024,1.21891,0.97268,280
pitcher-527048,2024,1.82996,0.78482,1137
pitcher-527054,2024,-1.67162,1.22301,37
pitcher-528748,2024,-1.33193,0.73466,90
pitcher-541640,2024,0.34532,0.62755,157
pitcher-542585,2024,2.55373,1.20052,157
pitcher-542881,2024,-0.03264,0.77646,1376
pitcher-542882,2024,0.83922,0.46472,35
pitcher-542888,2024,-0.12731,0.69566,538
pitcher-543037,2024,-0.13916,0.74259,762
pitcher-543056,2024,1.99357,1.06381,251
pitcher-543063,2024,0.02005,0.09897,24
pitcher-543135,2024,-0.45171,0.62236,1202
pitcher-543238,2024,1.23246,0.95717,37
pitcher-543243,2024,1.58871,0.70492,1175
pitcher-543294,2024,0.31111,0.66131,1104
pitcher-543305,2024,1.25113,1.02566,10
pitcher-543339,2024,2.36569,0.63179,470
pitcher-543351,2024,0.09467,1.04019,225
pitcher-543391,2024,-0.41674,0.73955,35
pitcher-543475,2024,-1.28962,0.61423,33
pitcher-543510,2024,-1.81508,1.86909,5
pitcher-543518,2024,-0.33573,0.84164,268
pitcher-543766,2024,-0.94234,0.87963,45
pitcher-543859,2024,-0.28247,0.56399,712
pitcher-544150,2024,0.21342,0.59355,1071
pitcher-545121,2024,0.08335,1.04363,10
pitcher-547001,2024,-0.84986,1.34326,214
pitcher-547179,2024,1.00641,0.55978,1094
pitcher-547184,2024,1.62853,0.74479,233
pitcher-547973,2024,-0.62224,0.82044,597
pitcher-548384,2024,0.62165,0.56853,64
pitcher-548389,2024,-0.10439,1.04881,676
pitcher-552640,2024,-0.87953,0.76077,447
pitcher-554340,2024,0.36566,1.13353,296
pitcher-554430,2024,0.40084,0.5092,1458
pitcher-554431,2024,0.81665,0.8034,82
pitcher-570257,2024,-1.62318,0.98747,122
pitcher-570632,2024,0.05853,0.8463,897
pitcher-571466,2024,0.35039,0.32334,3
pitcher-571510,2024,-0.48805,0.75286,332
pitcher-571527,2024,-0.25579,0.24387,34
pitcher-571539,2024,-1.33423,1.18711,79
pitcher-571578,2024,0.40465,0.67992,1391
pitcher-571656,2024,1.4181,0.71746,597
pitcher-571657,2024,-0.3133,1.0509,16
pitcher-571670,2024,0.40305,0.996,579
pitcher-571760,2024,-0.42935,0.58807,1313
pitcher-571771,2024,0.15704,0.41996,24
pitcher-571863,2024,0.26976,0.31924,13
pitcher-571882,2024,-0.91637,0.65979,641
pitcher-571912,2024,-0.73324,0.56689,24
pitcher-571927,2024,-0.28274,0.6512,376
pitcher-571945,2024,-0.50702,0.77211,1316
pitcher-571946,2024,-0.22933,0.73993,398
pitcher-571948,2024,0.6168,0.76807,579
pitcher-572020,2024,0.0826,0.63776,857
pitcher-572143,2024,-0.61056,1.01836,418
pitcher-572955,2024,-0.5498,0.94763,478
pitcher-572971,2024,-0.52214,0.98485,180
pitcher-573009,2024,-0.72572,0.76976,397
pitcher-573124,2024,1.78631,0.89148,607
pitcher-573186,2024,0.45823,0.91386,1411
pitcher-573204,2024,0.76058,1.00485,429
pitcher-573262,2024,-2.4089,1.80294,21
pitcher-579328,2024,0.17934,0.76958,1441
pitcher-592094,2024,0.55503,0.66532,532
pitcher-592155,2024,1.21793,0.88021,308
pitcher-592288,2024,2.32272,1.57142,173
pitcher-592332,2024,0.73932,0.74655,1331
pitcher-592351,2024,-0.82085,0.82191,753
pitcher-592426,2024,0.55488,0.81675,452
pitcher-592454,2024,0.73527,0.83671,368
pitcher-592662,2024,3.6328,0.83359,264
pitcher-592741,2024,0.3499,0.28231,4
pitcher-592767,2024,-0.12819,1.1879,477
pitcher-592773,2024,-0.2551,0.81566,442
pitcher-592779,2024,-0.22225,0.93716,127
pitcher-592791,2024,-1.88986,0.66351,1239
pitcher-592836,2024,0.44566,0.86981,758
pitcher-592866,2024,0.98351,1.03888,531
pitcher-593334,2024,-2.43558,1.19871,179
pitcher-593423,2024,1.07523,0.77135,1278
pitcher-593576,2024,-0.40037,0.8193,458
pitcher-593833,2024,0.12773,0.11659,1
pitcher-593958,2024,-1.8454,0.89577,449
pitcher-593974,2024,-0.09177,0.96507,289
pitcher-594580,2024,0.74481,0.85428,336
pitcher-594798,2024,-0.08657,1.04973,83
pitcher-594835,2024,0.88418,1.05238,264
pitcher-594902,2024,0.63428,0.78033,1253
pitcher-595014,2024,1.08549,0.98339,370
pitcher-595345,2024,1.53985,0.9981,323
pitcher-595881,2024,2.51097,0.90776,134
pitcher-595897,2024,0.5054,0.55591,116
pitcher-595928,2024,0.08345,0.073,13
pitcher-595978,2024,-1.52594,1.15707,13
pitcher-596001,2024,-0.32376,0.82969,479
pitcher-596117,2024,0.92128,0.36474,32
pitcher-596133,2024,2.49794,0.66234,662
pitcher-596295,2024,0.11357,0.67749,1285
pitcher-598264,2024,-0.07594,0.5403,120
pitcher-598286,2024,0.51553,0.62545,93
pitcher-600917,2024,0.41213,1.0618,593
pitcher-600986,2024,-0.59277,0.75396,393
pitcher-601713,2024,0.08143,0.58883,1143
pitcher-605121,2024,-0.40172,0.78607,471
pitcher-605130,2024,0.80757,0.81919,548
pitcher-605135,2024,-0.45056,0.54124,1585
pitcher-605154,2024,0.97485,0.84785,477
pitcher-605155,2024,0.03674,0.71291,198
pitcher-605156,2024,0.48344,1.27946,200
pitcher-605177,2024,1.6783,0.8915,428
pitcher-605182,2024,-2.0065,0.68636,151
pitcher-605218,2024,-0.85695,0.79396,7
pitcher-605280,2024,2.32374,0.94926,558
pitcher-605288,2024,-0.2261,0.74763,609
pitcher-605335,2024,1.33135,0.68755,54
pitcher-605347,2024,2.04612,1.00443,436
pitcher-605397,2024,0.39738,0.72061,784
pitcher-605400,2024,2.00466,0.63567,1594
pitcher-605447,2024,-0.07603,0.85338,105
pitcher-605452,2024,0.00969,0.84339,585
pitcher-605463,2024,0.498,0.5517,656
pitcher-605483,2024,1.59625,0.797,886
pitcher-605488,2024,1.72301,1.15088,283
pitcher-605513,2024,0.10259,1.10133,505
pitcher-606149,2024,1.81812,0.75275,187
pitcher-606160,2024,1.1894,0.84912,359
pitcher-606303,2024,-0.27191,0.83638,456
pitcher-606930,2024,1.20551,0.78913,542
pitcher-606965,2024,1.8665,0.87731,272
pitcher-607067,2024,0.26911,0.58383,1374
pitcher-607074,2024,-0.32736,0.6023,1481
pitcher-607179,2024,0.47682,0.77494,359
pitcher-607192,2024,-0.81813,0.84516,987
pitcher-607200,2024,1.05914,0.62589,1524
pitcher-607237,2024,0.84021,0.84587,61
pitcher-607259,2024,-0.4327,0.80368,990
pitcher-607455,2024,-0.62899,0.95328,353
pitcher-607481,2024,-1.35774,0.66339,532
pitcher-607536,2024,-0.34808,0.85603,845
pitcher-607625,2024,0.51099,0.64274,1598
pitcher-607644,2024,1.5044,1.1073,162
pitcher-608032,2024,0.92227,1.13816,381
pitcher-608331,2024,-0.41603,0.64607,1438
pitcher-608334,2024,1.23729,1.00272,728
pitcher-608344,2024,-0.592,0.79914,886
pitcher-608371,2024,0.22214,0.72415,461
pitcher-608379,2024,-1.61953,0.54979,1275
pitcher-608566,2024,-0.54683,0.35316,35
pitcher-608638,2024,0.91871,0.86507,272
pitcher-608648,2024,-0.1117,1.71615,111
pitcher-608678,2024,-0.10789,0.78973,171
pitcher-608717,2024,-0.41292,0.93621,534
pitcher-608718,2024,1.20302,1.34929,490
pitcher-608723,2024,-0.4367,1.02347,465
pitcher-612434,2024,0.69831,1.21224,121
pitcher-613534,2024,-1.09586,0.92971,449
pitcher-614179,2024,0.58241,0.93899,381
pitcher-615698,2024,0.24669,0.58365,1344
pitcher-620443,2024,-0.00012,0.01046,1
pitcher-620982,2024,-1.10835,0.76037,101
pitcher-621016,2024,1.73346,0.73059,172
pitcher-621051,2024,-0.80692,0.83479,320
pitcher-621053,2024,-0.57678,0.85341,419
pitcher-621097,2024,2.11204,1.05401,123
pitcher-621107,2024,-1.0479,0.76337,1196
pitcher-621111,2024,-0.0379,0.63499,701
pitcher-621112,2024,0.0241,0.74165,602
pitcher-621114,2024,2.16562,0.97082,264
pitcher-621199,2024,-0.50189,0.95516,274
pitcher-621237,2024,1.21389,0.6829,529
pitcher-621242,2024,0.37211,0.85431,448
pitcher-621244,2024,0.29185,0.6902,1502
pitcher-621294,2024,-0.12595,1.01309,137
pitcher-621345,2024,0.90744,1.09964,235
pitcher-621363,2024,1.90879,0.81583,260
pitcher-621366,2024,-0.32572,1.40734,78
pitcher-621381,2024,-1.48333,0.91769,446
pitcher-621383,2024,0.0633,0.6389,587
pitcher-621389,2024,-2.18274,0.63812,536
pitcher-621399,2024,-0.58599,0.46536,21
pitcher-621550,2024,0.13671,0.12584,5
pitcher-622065,2024,-0.66258,1.73906,136
pitcher-622072,2024,-0.18074,0.92358,410
pitcher-622075,2024,-1.16323,0.95961,147
pitcher-622088,2024,0.18506,0.54248,30
pitcher-622098,2024,-0.60356,0.88547,147
pitcher-622103,2024,0.84724,0.71941,37
pitcher-622250,2024,1.27207,1.20625,137
pitcher-622251,2024,0.39004,0.91424,218
pitcher-622253,2024,-1.84669,0.76901,302
pitcher-622259,2024,-0.81642,1.1496,85
pitcher-622268,2024,-0.12566,0.13082,7
pitcher-622491,2024,0.87342,0.56132,1391
pitcher-622503,2024,0.43037,0.40974,41
pitcher-622554,2024,-1.69125,0.82681,534
pitcher-622569,2024,-0.356,0.32201,11
pitcher-622608,2024,-1.73431,0.49633,121
pitcher-622663,2024,-1.08458,0.58371,1377
pitcher-622694,2024,1.63763,0.87649,136
pitcher-622766,2024,-0.29496,0.28804,3
pitcher-622786,2024,-0.45011,0.76907,316
pitcher-623149,2024,2.34555,1.23459,292
pitcher-623167,2024,1.55829,0.54517,1420
pitcher-623168,2024,0.15001,0.12769,3
pitcher-623211,2024,-1.58697,0.67824,430
pitcher-623352,2024,0.5402,0.74142,510
pitcher-623433,2024,0.82999,0.87788,305
pitcher-623437,2024,-0.06744,0.11934,6
pitcher-623451,2024,0.41243,0.87665,22
pitcher-623465,2024,-0.36293,0.8628,465
pitcher-623474,2024,-0.07931,0.86973,91
pitcher-623520,2024,-1.23861,1.09363,8
pitcher-624133,2024,0.87205,0.6383,1158
pitcher-624431,2024,-0.23551,0.14218,21
pitcher-624522,2024,-0.90962,1.11522,274
pitcher-624647,2024,-0.07553,1.05185,207
pitcher-625643,2024,-1.80534,0.64898,1018
pitcher-628317,2024,-1.45466,0.67648,966
pitcher-628452,2024,0.82455,0.83618,434
pitcher-628708,2024,-1.82363,1.06674,258
pitcher-630023,2024,-0.34728,1.41513,263
pitcher-640448,2024,0.65666,0.54257,483
pitcher-640451,2024,-0.76397,0.72019,415
pitcher-640454,2024,0.24512,0.26229,12
pitcher-640455,2024,-0.91163,0.75762,1493
pitcher-640462,2024,-1.14172,0.70223,566
pitcher-640470,2024,0.3266,0.76857,164
pitcher-640902,2024,-0.85139,0.89696,4
pitcher-641149,2024,-0.29977,0.61088,66
pitcher-641154,2024,-1.39094,0.76349,1373
pitcher-641302,2024,0.22716,0.73542,816
pitcher-641312,2024,1.25691,1.39265,111
pitcher-641329,2024,-0.44915,1.1194,186
pitcher-641343,2024,-0.69817,0.61831,40
pitcher-641360,2024,0.97759,0.77676,88
pitcher-641401,2024,-2.48048,1.97133,56
pitcher-641427,2024,-0.62734,0.57557,36
pitcher-641482,2024,-0.43665,0.54324,1382
pitcher-641540,2024,0.04171,0.98897,890
pitcher-641582,2024,-0.76494,0.50524,55
pitcher-641585,2024,1.80099,1.50379,248
pitcher-641645,2024,-0.80785,0.59525,17
pitcher-641656,2024,1.08403,1.08153,282
pitcher-641658,2024,-0.09669,0.09402,7
pitcher-641703,2024,-0.16282,1.00581,307
pitcher-641712,2024,-1.3929,0.51857,834
pitcher-641726,2024,0.83016,1.97908,138
pitcher-641729,2024,-0.83418,0.84704,513
pitcher-641745,2024,0.8151,0.74526,376
pitcher-641755,2024,-1.03345,1.00469,538
pitcher-641771,2024,0.90611,0.79327,551
pitcher-641793,2024,-0.12325,0.77556,1157
pitcher-641816,2024,-0.06811,0.5534,114
pitcher-641835,2024,1.7564,0.91075,384
pitcher-641927,2024,0.75969,0.67637,1249
pitcher-641941,2024,0.51207,1.28027,254
pitcher-642016,2024,-1.50855,0.81513,54
pitcher-642028,2024,-1.26948,0.9024,86
pitcher-642048,2024,-1.12619,0.88094,315
pitcher-642086,2024,2.15325,1.36137,13
pitcher-642100,2024,-2.24352,1.02852,210
pitcher-642121,2024,-1.05743,0.55601,143
pitcher-642133,2024,2.38174,1.30584,25
pitcher-642207,2024,0.04411,1.07278,198
pitcher-642215,2024,0.09739,0.08266,4
pitcher-642216,2024,-0.88167,0.62849,65
pitcher-642232,2024,-0.30805,0.80483,779
pitcher-642239,2024,0.56986,1.10484,41
pitcher-642397,2024,-1.64786,0.61883,476
pitcher-642520,2024,-1.3167,0.81737,260
pitcher-642528,2024,0.40051,0.4055,27
pitcher-642546,2024,0.23789,0.64844,378
pitcher-642547,2024,-0.3198,0.47004,1526
pitcher-642629,2024,-1.94895,1.21504,185
pitcher-642701,2024,-1.19394,0.85643,520
pitcher-642834,2024,1.07881,1.11477,66
pitcher-643256,2024,-1.06101,1.43426,229
pitcher-643338,2024,1.05338,0.71787,380
pitcher-643361,2024,0.51133,0.88744,78
pitcher-643377,2024,1.75343,0.68454,493
pitcher-643396,2024,-1.09263,0.78215,10
pitcher-643410,2024,0.8608,0.65118,489
pitcher-643493,2024,0.24928,1.0621,43
pitcher-643511,2024,-2.05365,1.02497,463
pitcher-646242,2024,-0.83072,0.57241,85
pitcher-647315,2024,0.42497,0.96369,356
pitcher-647336,2024,0.6467,0.65499,770
pitcher-650489,2024,-0.50625,0.44038,7
pitcher-650556,2024,0.23576,0.84476,671
pitcher-650633,2024,0.8355,0.72092,1554
pitcher-650644,2024,2.95067,0.689,1432
pitcher-650671,2024,0.31468,0.95933,194
pitcher-650893,2024,-0.09331,0.85327,491
pitcher-650895,2024,-1.83313,1.13554,98
pitcher-650911,2024,0.35871,0.7217,1270
pitcher-650960,2024,0.22292,0.36046,23
pitcher-655889,2024,0.30169,0.74976,286
pitcher-656186,2024,-1.08448,0.58943,44
pitcher-656222,2024,1.44671,0.62717,579
pitcher-656232,2024,-2.10992,0.79786,257
pitcher-656234,2024,-0.59709,0.82452,365
pitcher-656240,2024,-0.27526,0.90619,137
pitcher-656266,2024,-0.93677,0.81938,44
pitcher-656271,2024,-1.13356,0.94777,260
pitcher-656288,2024,0.73111,0.67032,1392
pitcher-656302,2024,1.00671,0.59771,1559
pitcher-656353,2024,-1.21482,0.85295,32
pitcher-656354,2024,-0.68117,1.29657,84
pitcher-656412,2024,1.68993,0.85527,488
pitcher-656420,2024,1.37709,1.43301,87
pitcher-656427,2024,0.65956,0.63932,1306
pitcher-656457,2024,-0.0337,0.7812,59
pitcher-656458,2024,1.4315,1.26375,23
pitcher-656464,2024,0.59666,0.72837,555
pitcher-656529,2024,1.33738,1.18263,175
pitcher-656546,2024,0.23505,0.7545,460
pitcher-656550,2024,0.78296,0.7996,446
pitcher-656557,2024,0.51621,0.73031,1407
pitcher-656605,2024,-0.09232,0.5233,1448
pitcher-656629,2024,-0.42296,0.57238,584
pitcher-656638,2024,-0.30319,0.88309,183
pitcher-656641,2024,-0.31606,0.71106,403
pitcher-656657,2024,0.39512,0.35146,16
pitcher-656671,2024,0.39794,0.60168,45
pitcher-656716,2024,-0.5324,0.50056,16
pitcher-656730,2024,-0.47499,1.0604,306
pitcher-656731,2024,-1.15001,0.89826,675
pitcher-656756,2024,-0.58605,0.5579,856
pitcher-656786,2024,0.10911,1.09395,103
pitcher-656793,2024,1.51037,0.65835,50
pitcher-656794,2024,-0.56795,0.35546,100
pitcher-656814,2024,0.02788,0.03156,2
pitcher-656848,2024,-0.3991,1.37958,162
pitcher-656849,2024,0.50967,0.84196,930
pitcher-656876,2024,0.26159,0.9673,232
pitcher-656887,2024,3.9432,1.05794,208
pitcher-656896,2024,-0.35003,0.41344,27
pitcher-656924,2024,-1.62542,1.04473,148
pitcher-656945,2024,-0.22828,0.72671,534
pitcher-656976,2024,-0.23034,0.22832,11
pitcher-657006,2024,-1.20091,0.99229,961
pitcher-657024,2024,1.36836,0.8099,319
pitcher-657044,2024,-0.70472,0.67355,481
pitcher-657053,2024,1.28994,0.79872,263
pitcher-657061,2024,0.00745,0.04736,5
pitcher-657097,2024,-0.409,0.97457,459
pitcher-657193,2024,0.01274,0.04082,5
pitcher-657240,2024,-0.48919,1.26358,130
pitcher-657265,2024,-0.19884,0.97875,99
pitcher-657277,2024,1.05444,0.53548,1672
pitcher-657376,2024,-0.49007,0.79818,789
pitcher-657508,2024,-0.40346,0.92118,512
pitcher-657514,2024,0.62937,0.90742,456
pitcher-657571,2024,0.31303,0.88687,463
pitcher-657585,2024,0.9143,0.74379,483
pitcher-657612,2024,-2.73245,1.03425,477
pitcher-657649,2024,-0.84997,0.91429,520
pitcher-657697,2024,-0.07268,0.78146,79
pitcher-657746,2024,-0.40512,0.83686,991
pitcher-658648,2024,0.66868,0.80221,699
pitcher-659275,2024,0.35473,0.46472,37
pitcher-660600,2024,0.20306,0.81551,172
pitcher-660644,2024,-0.31547,0.30914,30
pitcher-660761,2024,-0.64795,0.70066,483
pitcher-660813,2024,0.64373,0.60675,52
pitcher-660825,2024,-0.39586,1.15534,229
pitcher-660844,2024,0.14141,0.75599,10
pitcher-660853,2024,0.20026,0.87958,505
pitcher-660896,2024,0.20689,0.99551,460
pitcher-661269,2024,1.00457,0.71717,41
pitcher-661395,2024,-0.17665,0.73371,419
pitcher-661403,2024,1.01986,0.80231,419
pitcher-661527,2024,-0.21787,0.82801,442
pitcher-661563,2024,-1.0576,0.43612,1413
pitcher-662253,2024,1.79634,0.97775,489
pitcher-663158,2024,-0.43681,0.79175,420
pitcher-663321,2024,0.41518,0.57763,72
pitcher-663362,2024,-0.96118,0.62884,1310
pitcher-663372,2024,0.06499,0.67004,1297
pitcher-663423,2024,0.48051,0.6767,545
pitcher-663432,2024,-1.58175,0.67732,442
pitcher-663436,2024,-0.16665,0.57432,431
pitcher-663460,2024,-0.06617,0.98135,222
pitcher-663462,2024,0.58086,0.83248,52
pitcher-663465,2024,-0.28092,0.69642,217
pitcher-663474,2024,-0.49036,0.97658,701
pitcher-663485,2024,-0.24818,0.7169,539
pitcher-663531,2024,0.43423,0.66464,224
pitcher-663542,2024,-1.1959,0.91887,478
pitcher-663546,2024,4.34836,0.72687,627
pitcher-663554,2024,0.50844,0.53148,864
pitcher-663559,2024,-2.00839,0.63906,1053
pitcher-663562,2024,1.70824,1.13077,174
pitcher-663567,2024,2.4854,0.70783,496
pitcher-663568,2024,0.32274,0.75974,391
pitcher-663574,2024,0.14924,0.92172,245
pitcher-663623,2024,-1.35405,0.66285,1541
pitcher-663687,2024,-1.52424,0.68818,647
pitcher-663704,2024,0.92095,0.9593,441
pitcher-663738,2024,0.44644,0.79126,321
pitcher-663765,2024,0.52351,0.98517,332
pitcher-663767,2024,0.28035,1.02296,61
pitcher-663773,2024,0.29951,0.71646,410
pitcher-663776,2024,-0.68532,0.78582,744
pitcher-663855,2024,-0.63775,0.99705,1010
pitcher-663878,2024,0.19117,0.65935,537
pitcher-663893,2024,-0.85428,0.78812,346
pitcher-663897,2024,0.63436,0.5072,27
pitcher-663903,2024,0.65748,0.53935,1552
pitcher-663941,2024,-0.64244,1.37459,110
pitcher-663947,2024,-0.28399,0.95014,668
pitcher-663969,2024,-0.0792,1.11319,254
pitcher-663978,2024,-0.69427,0.54689,705
pitcher-663989,2024,-0.41827,1.12365,77
pitcher-663992,2024,0.07969,0.94278,264
pitcher-664076,2024,-0.29394,0.82066,523
pitcher-664079,2024,-0.79284,0.76628,75
pitcher-664123,2024,-0.70441,0.51543,28
pitcher-664126,2024,-0.63119,1.08276,370
pitcher-664129,2024,-1.40636,1.19291,58
pitcher-664139,2024,0.03923,0.91389,19
pitcher-664192,2024,-2.23874,1.0611,95
pitcher-664208,2024,-0.11784,0.6592,546
pitcher-664285,2024,-1.62898,0.65328,1338
pitcher-664299,2024,-0.83734,0.98318,309
pitcher-664350,2024,-0.35755,0.87434,323
pitcher-664351,2024,1.13938,0.77368,53
pitcher-664747,2024,-0.64179,0.71757,504
pitcher-664776,2024,-0.20273,0.906,343
pitcher-664849,2024,0.60782,0.79872,408
pitcher-664854,2024,0.44119,0.72168,398
pitcher-664875,2024,-0.92639,0.73916,598
pitcher-664901,2024,0.29467,0.2404,9
pitcher-664948,2024,0.08064,0.10454,16
pitcher-665019,2024,0.37192,0.28493,10
pitcher-665152,2024,-0.35198,0.72567,1127
pitcher-665620,2024,-0.25196,0.60013,154
pitcher-665622,2024,-1.39294,0.64373,349
pitcher-665625,2024,0.97585,0.85307,407
pitcher-665795,2024,-0.6425,0.72893,880
pitcher-665828,2024,-0.43397,0.34951,11
pitcher-665871,2024,0.72366,0.69888,1358
pitcher-665896,2024,-2.19296,0.78249,165
pitcher-666129,2024,-0.28732,1.12975,290
pitcher-666142,2024,-0.29804,0.60141,1502
pitcher-666149,2024,-0.70157,0.62153,15
pitcher-666157,2024,-1.27396,1.0085,956
pitcher-666159,2024,-0.9693,0.95274,212
pitcher-666163,2024,0.05835,0.14634,22
pitcher-666171,2024,-0.77069,0.72998,100
pitcher-666197,2024,0.84244,0.76341,7
pitcher-666200,2024,2.41166,0.735,511
pitcher-666201,2024,0.64479,0.84584,198
pitcher-666204,2024,-0.25182,0.95343,246
pitcher-666205,2024,-1.10847,1.04334,327
pitcher-666207,2024,0.79429,0.74061,73
pitcher-666208,2024,-1.33419,1.14501,18
pitcher-666214,2024,-0.03386,0.85772,609
pitcher-666215,2024,0.25834,0.58644,51
pitcher-666277,2024,-0.0586,0.67809,274
pitcher-666619,2024,0.4352,0.86755,52
pitcher-666720,2024,0.89624,0.81318,216
pitcher-666745,2024,1.84931,1.05835,315
pitcher-666808,2024,-1.67163,0.83597,592
pitcher-666818,2024,0.51621,0.56893,111
pitcher-666974,2024,-2.37271,0.9103,497
pitcher-667297,2024,2.03365,1.03289,178
pitcher-667463,2024,1.19868,0.78682,405
pitcher-667478,2024,0.01768,0.01662,1
pitcher-667725,2024,-1.37895,0.99454,296
pitcher-667755,2024,-0.28061,0.76096,890
pitcher-668338,2024,-0.52394,0.82155,439
pitcher-668390,2024,0.18545,0.58937,133
pitcher-668472,2024,0.16535,0.16098,8
pitcher-668674,2024,0.31268,1.10453,470
pitcher-668676,2024,-0.35265,0.58736,108
pitcher-668678,2024,2.94455,0.54887,1318
pitcher-668800,2024,0.11411,0.57187,25
pitcher-668868,2024,-0.22747,1.66413,159
pitcher-668873,2024,-0.35731,0.43838,75
pitcher-668874,2024,-1.45969,1.0499,30
pitcher-668881,2024,1.01885,0.48064,1210
pitcher-668909,2024,0.21356,0.79305,657
pitcher-668933,2024,-1.53442,0.86991,634
pitcher-668941,2024,0.5923,0.8898,480
pitcher-668942,2024,-0.38519,0.30063,18
pitcher-668943,2024,-1.72904,0.78515,102
pitcher-668964,2024,1.71375,0.78294,1028
pitcher-668968,2024,-0.84941,0.93905,230
pitcher-668970,2024,0.92488,0.70379,15
pitcher-668984,2024,-2.43928,1.20457,77
pitcher-669022,2024,0.40685,0.636,1407
pitcher-669060,2024,-0.05025,0.69256,824
pitcher-669062,2024,-0.54529,0.69632,676
pitcher-669084,2024,-0.9303,1.41194,412
pitcher-669093,2024,-0.52651,1.08381,431
pitcher-669111,2024,1.67009,1.49717,95
pitcher-669165,2024,1.59573,0.81763,31
pitcher-669169,2024,-0.26938,0.50619,57
pitcher-669194,2024,-0.58725,0.61913,1122
pitcher-669199,2024,-0.30561,0.61448,86
pitcher-669203,2024,0.05339,0.60353,1442
pitcher-669211,2024,0.97162,0.68814,632
pitcher-669212,2024,0.44993,0.72207,285
pitcher-669270,2024,-1.13145,0.51236,75
pitcher-669276,2024,-0.32882,0.74991,335
pitcher-669302,2024,-0.70505,0.6458,1408
pitcher-669308,2024,0.58252,0.8977,125
pitcher-669330,2024,0.06986,1.43865,119
pitcher-669358,2024,0.35476,1.0237,571
pitcher-669372,2024,-1.00551,1.47248,262
pitcher-669373,2024,-1.52267,0.70539,1323
pitcher-669387,2024,0.47134,0.93881,435
pitcher-669391,2024,1.12892,0.89912,34
pitcher-669395,2024,0.46212,0.42377,10
pitcher-669422,2024,0.63594,0.90562,157
pitcher-669432,2024,-0.77482,0.66659,1151
pitcher-669438,2024,1.28258,1.20556,165
pitcher-669456,2024,1.0753,0.5083,81
pitcher-669459,2024,0.73185,1.75131,64
pitcher-669461,2024,0.49515,0.77447,616
pitcher-669467,2024,-0.95637,0.5052,977
pitcher-669620,2024,-0.56439,1.15414,174
pitcher-669622,2024,-0.27091,0.87312,535
pitcher-669674,2024,0.90286,0.87137,338
pitcher-669711,2024,-0.4274,0.80642,519
pitcher-669713,2024,0.47438,1.13107,561
pitcher-669721,2024,1.52927,1.1878,249
pitcher-669724,2024,0.72907,1.10731,220
pitcher-669796,2024,-0.34657,0.81249,37
pitcher-669854,2024,0.4762,0.66123,1363
pitcher-669912,2024,-2.8554,1.25939,113
pitcher-669923,2024,2.37432,0.60609,1343
pitcher-669952,2024,-1.82649,0.78217,187
pitcher-670036,2024,-0.06194,1.19684,167
pitcher-670046,2024,1.0977,1.13661,201
pitcher-670059,2024,-0.52186,1.00566,452
pitcher-670102,2024,0.32765,1.12228,710
pitcher-670103,2024,-1.29629,1.01428,10
pitcher-670124,2024,-2.67631,1.27381,385
pitcher-670161,2024,1.40695,0.97072,29
pitcher-670167,2024,0.28289,0.88849,478
pitcher-670174,2024,-0.06531,1.01572,625
pitcher-670219,2024,-0.3882,0.29341,23
pitcher-670223,2024,0.53491,0.41876,22
pitcher-670241,2024,0.13911,1.12929,121
pitcher-670242,2024,2.14372,1.94222,12
pitcher-670280,2024,-0.21078,0.79943,484
pitcher-670766,2024,0.73195,0.93284,381
pitcher-670810,2024,-0.28499,0.90022,54
pitcher-670871,2024,-1.12817,1.55899,144
pitcher-670950,2024,-0.59442,0.72642,614
pitcher-670955,2024,0.23202,0.88804,319
pitcher-670970,2024,-1.81124,0.81244,496
pitcher-670990,2024,-0.95693,0.83733,417
pitcher-671096,2024,1.11789,0.81666,1184
pitcher-671106,2024,0.93097,0.68941,866
pitcher-671109,2024,0.55575,0.46491,24
pitcher-671111,2024,2.68211,1.05122,159
pitcher-671131,2024,0.28103,0.96853,75
pitcher-671212,2024,-0.80304,0.6008,555
pitcher-671305,2024,0.65619,0.90844,289
pitcher-671345,2024,0.09195,0.74577,447
pitcher-671737,2024,-0.08972,0.64728,1095
pitcher-671922,2024,0.25117,0.82133,561
pitcher-672282,2024,0.57762,0.76482,749
pitcher-672335,2024,-1.30594,0.8195,433
pitcher-672391,2024,-1.37165,0.98626,181
pitcher-672456,2024,-0.73735,0.82295,773
pitcher-672552,2024,1.43498,1.59346,91
pitcher-672578,2024,2.26327,0.72256,264
pitcher-672582,2024,-1.62198,0.80202,526
pitcher-672710,2024,-0.02516,0.89971,526
pitcher-672782,2024,-1.3414,1.02856,106
pitcher-672851,2024,0.0929,0.58686,95
pitcher-672860,2024,1.44685,1.25743,177
pitcher-673380,2024,1.20797,1.06145,210
pitcher-673513,2024,0.26557,0.72764,482
pitcher-673540,2024,2.12339,1.45221,31
pitcher-673929,2024,0.24967,1.0222,277
pitcher-674003,2024,1.03987,0.75327,591
pitcher-674072,2024,0.77587,0.86326,349
pitcher-674285,2024,-1.8845,1.02646,253
pitcher-674370,2024,0.06747,0.74196,527
pitcher-674444,2024,0.44771,0.79144,38
pitcher-674944,2024,1.1105,0.93285,124
pitcher-675540,2024,2.14407,0.66994,300
pitcher-675627,2024,-0.11854,1.00211,416
pitcher-675650,2024,0.88494,0.73275,136
pitcher-675911,2024,-1.60309,0.87666,78
pitcher-675921,2024,0.44922,1.14553,256
pitcher-675989,2024,-0.39853,0.90752,170
pitcher-676083,2024,0.4554,1.1393,76
pitcher-676092,2024,3.58932,0.91533,321
pitcher-676105,2024,-0.36221,1.00832,181
pitcher-676106,2024,1.15165,0.67119,490
pitcher-676130,2024,0.34965,0.80824,653
pitcher-676254,2024,-1.59176,0.76402,643
pitcher-676272,2024,0.03614,0.97942,530
pitcher-676282,2024,-1.17809,0.47816,379
pitcher-676391,2024,0.72602,0.66092,7
pitcher-676395,2024,0.88412,0.88461,442
pitcher-676428,2024,0.55351,1.10622,331
pitcher-676440,2024,0.15828,0.61491,1354
pitcher-676477,2024,-0.3132,1.55677,169
pitcher-676508,2024,0.52955,1.87271,80
pitcher-676534,2024,0.83961,0.76227,527
pitcher-676568,2024,-1.1508,0.54251,22
pitcher-676596,2024,0.36211,1.13548,273
pitcher-676604,2024,-0.18372,0.19939,46
pitcher-676614,2024,1.47937,1.54824,177
pitcher-676617,2024,-1.08416,0.45961,104
pitcher-676661,2024,0.18648,0.59774,106
pitcher-676664,2024,-0.74455,0.59924,1442
pitcher-676680,2024,0.49601,0.94282,175
pitcher-676684,2024,-0.91804,0.81794,550
pitcher-676702,2024,0.09785,1.25511,266
pitcher-676710,2024,0.1787,0.86923,1301
pitcher-676714,2024,-0.54351,0.98139,184
pitcher-676755,2024,-0.30596,0.41684,52
pitcher-676760,2024,0.00845,0.94128,208
pitcher-676775,2024,0.05708,0.72614,383
pitcher-676879,2024,0.4501,1.13478,259
pitcher-676961,2024,-0.12913,0.11846,30
pitcher-676962,2024,1.28266,1.07991,444
pitcher-676969,2024,-1.63605,0.9975,96
pitcher-676974,2024,0.43021,1.43529,467
pitcher-676979,2024,-1.68587,0.6683,1099
pitcher-677020,2024,-0.6079,0.7303,113
pitcher-677053,2024,-0.4158,0.78138,421
pitcher-677076,2024,0.65211,0.57786,5
pitcher-677161,2024,-0.05104,0.7975,484
pitcher-677865,2024,-0.29081,0.88581,33
pitcher-677944,2024,0.40842,0.72067,635
pitcher-677955,2024,-0.12242,0.4288,73
pitcher-677958,2024,-2.71804,1.14059,104
pitcher-677960,2024,0.73673,0.65688,717
pitcher-677976,2024,0.31724,1.32063,99
pitcher-678020,2024,-0.19321,0.53521,86
pitcher-678061,2024,-0.83667,0.56775,178
pitcher-678226,2024,0.28256,0.8203,163
pitcher-678368,2024,-1.60734,0.79745,577
pitcher-678394,2024,1.335,0.47925,1393
pitcher-678495,2024,-0.22532,0.76649,439
pitcher-678606,2024,-1.85676,0.91078,236
pitcher-678692,2024,1.18816,0.95072,139
pitcher-678821,2024,-0.69467,1.05779,101
pitcher-678906,2024,-0.5605,0.40228,111
pitcher-679156,2024,-0.61543,0.64547,168
pitcher-679358,2024,1.08498,0.65544,22
pitcher-679525,2024,0.68656,0.7127,1081
pitcher-679845,2024,0.06308,0.07779,4
pitcher-679885,2024,-2.45873,0.95929,585
pitcher-680570,2024,-0.12849,0.62062,888
pitcher-680572,2024,0.02063,0.04695,8
pitcher-680573,2024,-0.24287,0.52263,1100
pitcher-680686,2024,-0.30648,0.58301,87
pitcher-680689,2024,-0.20594,0.15728,14
pitcher-680694,2024,0.90471,0.91148,376
pitcher-680704,2024,0.31628,0.84405,503
pitcher-680730,2024,1.11842,0.57328,1100
pitcher-680732,2024,-0.37744,0.60822,150
pitcher-680736,2024,-0.43756,1.423,310
pitcher-680739,2024,0.83678,0.71001,68
pitcher-680742,2024,0.03395,0.15368,35
pitcher-680744,2024,-1.57747,1.18527,189
pitcher-680767,2024,0.55182,0.711,720
pitcher-680880,2024,0.57945,0.79846,144
pitcher-680885,2024,-0.58651,0.78986,842
pitcher-680891,2024,0.29525,0.7451,43
pitcher-680897,2024,-1.30258,0.8378,398
pitcher-680911,2024,-0.3788,0.28477,18
pitcher-681035,2024,0.76819,0.89363,373
pitcher-681066,2024,-2.20546,0.89512,185
pitcher-681190,2024,-0.47236,0.64411,821
pitcher-681217,2024,0.05182,0.85306,94
pitcher-681293,2024,-1.74503,0.62882,1276
pitcher-681347,2024,-0.7607,0.56448,32
pitcher-681402,2024,1.00447,0.89271,228
pitcher-681432,2024,-0.0972,1.10995,270
pitcher-681517,2024,-1.60372,0.97344,316
pitcher-681676,2024,-1.4778,0.8511,566
pitcher-681799,2024,0.08375,0.77885,246
pitcher-681806,2024,0.17594,0.172,17
pitcher-681810,2024,-0.19844,0.8773,88
pitcher-681857,2024,0.9053,0.61133,915
pitcher-681867,2024,0.44913,0.70269,952
pitcher-681869,2024,-0.14427,0.71233,462
pitcher-681870,2024,-2.40538,1.21543,91
pitcher-681871,2024,-1.09315,0.63903,38
pitcher-681882,2024,-2.83825,1.67697,63
pitcher-681892,2024,-0.31788,0.92999,359
pitcher-681911,2024,1.63117,0.73583,564
pitcher-681982,2024,-1.19456,1.34071,262
pitcher-682052,2024,-3.05472,1.25028,106
pitcher-682073,2024,-0.25429,0.23507,12
pitcher-682120,2024,-0.86713,0.85237,504
pitcher-682175,2024,-0.43661,1.37791,24
pitcher-682227,2024,3.19645,0.74367,146
pitcher-682243,2024,-0.48623,0.45951,1360
pitcher-682254,2024,-1.58784,1.10151,69
pitcher-682610,2024,0.12991,0.66606,764
pitcher-682842,2024,-1.5782,0.93894,158
pitcher-682847,2024,-0.30671,0.83181,1077
pitcher-682989,2024,0.35192,0.46682,56
pitcher-682990,2024,-0.51459,1.22764,383
pitcher-683003,2024,-0.50615,0.76833,891
pitcher-683004,2024,0.93253,1.35222,317
pitcher-683021,2024,0.1115,0.10385,7
pitcher-683068,2024,-0.10775,0.45825,40
pitcher-683155,2024,-0.07672,0.84183,880
pitcher-683232,2024,0.20689,0.59524,499
pitcher-683409,2024,1.43273,0.7711,223
pitcher-683568,2024,0.25511,0.92407,90
pitcher-683618,2024,0.51639,0.6806,31
pitcher-683627,2024,0.02584,0.71843,501
pitcher-683769,2024,0.13155,0.92661,513
pitcher-683822,2024,0.85717,0.61361,33
pitcher-684007,2024,1.14747,0.49265,1105
pitcher-684320,2024,-0.57716,0.65867,796
pitcher-685107,2024,-1.28963,0.77355,101
pitcher-685116,2024,-1.02803,1.25447,87
pitcher-685126,2024,-0.4694,0.32975,58
pitcher-685299,2024,-2.0436,1.26671,270
pitcher-685314,2024,-0.72154,0.54512,14
pitcher-685801,2024,0.26991,0.99133,140
pitcher-686294,2024,-0.71001,0.54916,9
pitcher-686539,2024,-0.49717,0.93154,564
pitcher-686563,2024,0.19046,0.59336,1041
pitcher-686580,2024,0.74705,0.83251,344
pitcher-686613,2024,0.22257,0.66431,1495
pitcher-686642,2024,-0.4758,0.8892,243
pitcher-686654,2024,0.08734,0.2508,40
pitcher-686730,2024,-0.63685,0.692,779
pitcher-686747,2024,1.66089,1.10772,142
pitcher-686751,2024,1.76295,1.15735,32
pitcher-686752,2024,-0.1158,0.82794,1087
pitcher-686790,2024,-0.02271,0.10799,19
pitcher-686796,2024,0.076,0.50069,178
pitcher-686799,2024,-1.02512,1.02446,381
pitcher-686826,2024,-1.21087,0.65351,500
pitcher-686973,2024,-1.27897,0.92025,417
pitcher-686993,2024,-2.16978,1.39816,27
pitcher-687014,2024,0.98047,0.86606,103
pitcher-687134,2024,-2.60274,0.7343,278
pitcher-687145,2024,-0.03371,0.08522,6
pitcher-687330,2024,0.40172,0.71959,563
pitcher-687362,2024,-0.27262,0.21576,71
pitcher-687377,2024,-1.04191,0.53052,38
pitcher-687396,2024,-0.42617,0.32584,29
pitcher-687424,2024,-0.09104,1.01667,131
pitcher-687765,2024,-0.39284,0.68769,1169
pitcher-687792,2024,0.5531,0.65215,779
pitcher-687798,2024,1.28956,0.76934,104
pitcher-687847,2024,0.62664,0.54577,8
pitcher-687863,2024,0.32241,0.87938,334
pitcher-687911,2024,0.30589,1.28119,206
pitcher-687922,2024,-0.69799,1.6722,119
pitcher-687924,2024,-0.79129,1.24232,253
pitcher-688107,2024,-1.38961,1.21584,187
pitcher-688297,2024,0.57814,1.30016,313
pitcher-689017,2024,0.26601,0.6885,605
pitcher-689147,2024,-1.09991,0.83864,569
pitcher-689225,2024,0.05406,0.77462,553
pitcher-689266,2024,-0.96764,0.72238,19
pitcher-689672,2024,1.3918,1.09736,371
pitcher-689690,2024,0.68105,0.81274,135
pitcher-689958,2024,-0.04636,0.54588,59
pitcher-689981,2024,-0.3833,0.3899,153
pitcher-690544,2024,-1.35096,0.71794,157
pitcher-690829,2024,-1.2868,0.96563,261
pitcher-690916,2024,-0.21134,0.62515,150
pitcher-690925,2024,-0.01701,0.6126,23
pitcher-690986,2024,-0.27149,0.70377,1102
pitcher-691172,2024,2.86276,1.0149,167
pitcher-691441,2024,-1.45097,1.0263,33
pitcher-691951,2024,-0.49528,0.36889,124
pitcher-692230,2024,-0.78581,1.27383,117
pitcher-692285,2024,0.09524,1.00278,68
pitcher-693312,2024,0.33278,0.83289,478
pitcher-693433,2024,0.11951,0.79935,782
pitcher-693821,2024,0.27078,1.0335,464
pitcher-694037,2024,-0.51024,0.91897,136
pitcher-694297,2024,0.47238,0.58826,1391
pitcher-694350,2024,0.66685,0.5177,55
pitcher-694361,2024,-0.09878,1.53871,87
pitcher-694363,2024,-0.24245,0.86845,647
pitcher-694462,2024,2.04698,0.9529,77
pitcher-694646,2024,0.59218,0.40622,37
pitcher-694738,2024,-0.06093,0.6822,508
pitcher-694813,2024,0.34122,0.63725,1018
pitcher-694973,2024,0.58013,0.77805,1044
pitcher-695076,2024,-1.60805,1.29023,257
pitcher-695243,2024,0.45807,0.69488,479
pitcher-695549,2024,0.39705,0.32956,27
pitcher-696131,2024,0.41369,0.53009,335
pitcher-696136,2024,-0.15943,0.55481,398
pitcher-700187,2024,1.10583,0.73379,179
pitcher-700241,2024,-0.43961,0.51488,161
pitcher-700249,2024,-0.40339,0.80425,700
pitcher-700270,2024,0.67151,1.20097,252
pitcher-700363,2024,0.64162,0.53582,44
pitcher-700669,2024,-0.68021,0.38506,47
pitcher-701542,2024,0.2207,0.62001,249
pitcher-701581,2024,0.28928,0.70052,527
pitcher-701643,2024,-0.00902,1.31271,65
pitcher-702352,2024,0.4489,1.4136,401
pitcher-702674,2024,0.75728,0.84104,108
pitcher-702795,2024,-1.03811,0.71086,20
pitcher-703231,2024,0.11382,0.11462,10
pitcher-800049,2024,1.508,0.97941,316
pitcher-805673,2024,-0.77124,0.77396,344
pitcher-806185,2024,-0.19278,0.73372,754
pitcher-808967,2024,-1.49791,1.06581,728
pitcher-814005,2024,0.51884,1.28625,111
umpire-427013,2025,-2.04969,0.34331,4868
umpire-427044,2025,-0.65398,0.40985,4174
umpire-427053,2025,-1.99873,0.66699,686
umpire-427093,2025,0.89088,0.41546,4361
umpire-427113,2025,0.87914,0.37221,4477
umpire-427128,2025,0.31579,0.87971,457
umpire-427129,2025,-1.01511,0.59435,3487
umpire-427139,2025,1.10832,0.41617,4731
umpire-427164,2025,-0.37877,0.50087,4469
umpire-427197,2025,-0.84336,0.38932,4402
umpire-427243,2025,0.50872,0.37427,3916
umpire-427248,2025,0.84702,0.36409,4169
umpire-427292,2025,2.10863,0.54183,3298
umpire-427315,2025,-1.66978,0.46437,4728
umpire-427344,2025,0.86308,0.40868,4709
umpire-427366,2025,1.19676,0.33117,4107
umpire-427413,2025,0.73287,0.48749,3737
umpire-427533,2025,-1.49422,0.31647,4298
umpire-427537,2025,-0.16679,0.80414,432
umpire-427554,2025,0.4855,0.30932,4367
umpire-428442,2025,-0.65274,0.39585,4277
umpire-429805,2025,-1.26536,0.38774,4174
umpire-431232,2025,0.43953,0.52781,3716
umpire-482608,2025,-1.68264,0.47109,4083
umpire-482620,2025,0.59236,0.37223,4559
umpire-482631,2025,-0.20385,0.51445,4236
umpire-482641,2025,-0.13748,0.40213,4625
umpire-482663,2025,0.40381,0.34678,4294
umpire-482666,2025,0.439,0.30611,4247
umpire-483561,2025,0.04723,0.49887,4632
umpire-483564,2025,0.84817,0.4139,4444
umpire-483569,2025,1.75209,0.45324,4789
umpire-483630,2025,0.10918,0.4034,4030
umpire-483912,2025,1.77437,0.47609,4427
umpire-483919,2025,1.00962,0.33963,4328
umpire-484183,2025,0.08692,0.46879,4087
umpire-484198,2025,-0.52953,0.35691,4592
umpire-484499,2025,-0.70688,0.59979,3534
umpire-485856,2025,-1.24878,0.74743,1263
umpire-486200,2025,1.22272,0.3309,598
umpire-489985,2025,-0.58267,0.66652,2929
umpire-490319,2025,0.24671,0.42052,4239
umpire-503077,2025,0.79945,0.33417,4436
umpire-503490,2025,0.86182,0.41916,3906
umpire-503493,2025,0.16382,0.37109,4410
umpire-503502,2025,1.11497,0.40518,4256
umpire-503586,2025,0.67706,0.5001,4020
umpire-504381,2025,-0.16326,0.51186,4346
umpire-511890,2025,-0.08647,0.30447,4533
umpire-521051,2025,1.13578,0.42099,4380
umpire-521251,2025,0.80678,0.3895,4356
umpire-521889,2025,0.64474,0.31971,4425
umpire-544728,2025,-1.61353,0.37833,4496
umpire-545402,2025,0.88405,0.31228,4509
umpire-547380,2025,-1.30294,0.49611,4437
umpire-554242,2025,-0.27797,0.36023,4466
umpire-573597,2025,1.43833,0.28431,4715
umpire-575629,2025,-0.96978,0.4408,4162
umpire-577468,2025,-0.06991,0.35694,4257
umpire-594151,2025,1.73491,0.53468,4561
umpire-596740,2025,-0.28591,0.34713,4546
umpire-596805,2025,-0.51905,0.41995,4436
umpire-596809,2025,0.03629,0.31552,4368
umpire-598411,2025,0.49671,0.51007,4299
umpire-605670,2025,-0.41557,0.48238,3945
umpire-605671,2025,-0.31112,0.4835,4010
umpire-605672,2025,1.57409,0.27819,3860
umpire-605673,2025,0.94449,0.37727,4273
umpire-605674,2025,0.4036,0.47476,4459
umpire-607884,2025,0.96992,0.4278,4124
umpire-608093,2025,-1.07931,0.51662,3274
umpire-608158,2025,-0.35898,0.46398,4141
umpire-621660,2025,0.55888,0.44313,4075
umpire-623938,2025,-0.96882,0.39442,4280
umpire-623945,2025,-0.22854,0.32103,4029
umpire-623946,2025,-0.28387,0.44706,4550
umpire-623949,2025,-1.22798,0.37446,4449
umpire-639723,2025,-0.88213,0.41685,4448
umpire-644760,2025,-0.42964,0.50613,4443
umpire-658082,2025,-0.92629,0.52374,2771
umpire-658292,2025,-0.86603,0.40807,3547
umpire-658325,2025,-0.24267,0.85689,763
umpire-658536,2025,0.22673,0.4548,4181
umpire-664263,2025,0.28803,0.38968,3683
umpire-665281,2025,-0.05176,0.38698,4807
umpire-665297,2025,-0.86863,0.41754,4103
umpire-665298,2025,0.26016,0.2581,534
umpire-665576,2025,-0.65273,0.37495,3667
umpire-668921,2025,0.66155,0.50356,854
umpire-676580,2025,-0.10498,0.80518,573
umpire-676581,2025,-1.69213,0.39967,3326
umpire-691042,2025,-1.43107,0.75083,2245
catcher-455117,2025,-0.37331,0.59463,3508
catcher-506702,2025,0.90921,0.49641,209
catcher-518595,2025,-0.78866,0.40256,3894
catcher-521692,2025,-1.0042,0.39157,6341
catcher-542963,2025,-0.584,0.63835,183
catcher-543309,2025,0.35054,0.42662,4565
catcher-543510,2025,-0.67146,0.53017,2461
catcher-543592,2025,-2.42249,0.62777,753
catcher-543877,2025,0.80522,0.45086,4066
catcher-553869,2025,-0.03192,0.37052,5453
catcher-553882,2025,-1.20243,1.60646,243
catcher-571466,2025,-1.00561,0.6866,281
catcher-571912,2025,1.34174,0.45854,1153
catcher-592663,2025,-0.62831,0.40575,9328
catcher-595453,2025,1.77063,1.46063,14
catcher-595751,2025,-0.53227,0.90713,813
catcher-595978,2025,2.57749,0.37605,3911
catcher-596117,2025,-1.86047,1.13403,56
catcher-596142,2025,-1.76654,0.46188,1547
catcher-605131,2025,0.65781,0.73538,827
catcher-605170,2025,-0.19391,0.39853,3627
catcher-605244,2025,-0.12812,0.53161,71
catcher-606992,2025,-0.78499,0.68067,1463
catcher-607732,2025,-1.0139,0.50138,2589
catcher-608348,2025,-0.64129,0.42142,6543
catcher-620443,2025,0.39434,0.39164,5302
catcher-621512,2025,0.9987,1.05604,777
catcher-623168,2025,0.5443,0.45957,3282
catcher-624431,2025,0.49167,0.39926,6076
catcher-624512,2025,0.6948,0.56345,2616
catcher-624513,2025,-0.27436,0.5866,156
catcher-640459,2025,2.24592,0.58214,284
catcher-640902,2025,-0.5483,0.49725,1660
catcher-641555,2025,2.37693,0.6159,1746
catcher-641598,2025,-0.0834,0.4571,2892
catcher-641680,2025,-0.99631,0.35191,6408
catcher-642020,2025,-1.0888,0.65329,72
catcher-642136,2025,0.09589,0.3867,3250
catcher-642851,2025,-0.67936,0.55661,2196
catcher-643376,2025,-0.24183,0.36771,5777
catcher-644433,2025,0.08932,0.97005,448
catcher-645305,2025,0.47844,0.82821,451
catcher-645444,2025,-0.61265,0.33165,4081
catcher-650968,2025,0.58816,0.58595,2507
catcher-656180,2025,-1.24429,0.35934,5463
catcher-656577,2025,0.38092,0.53318,2056
catcher-657136,2025,-0.00258,0.43501,3688
catcher-660688,2025,-0.94444,0.37645,4760
catcher-661388,2025,-0.47026,0.33406,9242
catcher-663584,2025,1.21541,0.55929,1728
catcher-663698,2025,0.1627,0.35103,5616
catcher-663728,2025,1.15886,0.26837,8474
catcher-663743,2025,0.54831,0.38695,4758
catcher-663886,2025,-0.97579,0.50359,4714
catcher-663967,2025,0.50319,0.50265,263
catcher-664954,2025,-0.13206,0.40395,153
catcher-665561,2025,0.7428,0.51645,2127
catcher-665804,2025,-0.37462,0.5276,1856
catcher-665861,2025,-0.85189,1.10609,745
catcher-665966,2025,0.6238,0.32131,7555
catcher-666023,2025,-0.1406,0.31315,6550
catcher-666163,2025,0.82733,0.53656,2681
catcher-666165,2025,-0.87471,0.87213,363
catcher-666310,2025,-0.02409,0.34513,8038
catcher-667690,2025,-2.31607,1.39936,84
catcher-668670,2025,0.32584,0.4439,2710
catcher-668800,2025,0.959,0.53082,1957
catcher-668939,2025,0.27275,0.45043,4722
catcher-668974,2025,0.66176,0.49924,1007
catcher-669087,2025,0.36894,0.60497,1185
catcher-669127,2025,-0.54676,0.3794,8341
catcher-669221,2025,0.32203,0.32109,5354
catcher-669224,2025,0.93077,0.36579,8306
catcher-669257,2025,-0.49407,0.375,7241
catcher-671056,2025,0.09108,0.8436,793
catcher-672275,2025,2.16085,0.35552,8502
catcher-672386,2025,0.86815,0.35443,8085
catcher-672515,2025,0.31699,0.3444,5182
catcher-673237,2025,-0.1318,0.32584,8063
catcher-676439,2025,0.55335,0.59284,1798
catcher-677943,2025,1.08863,1.24845,228
catcher-678011,2025,-1.77961,1.37568,18
catcher-680728,2025,1.87341,0.70141,245
catcher-680777,2025,0.25918,0.35637,5591
catcher-680779,2025,0.20765,0.42807,5252
catcher-680862,2025,-0.97321,0.53973,2124
catcher-681351,2025,-1.13153,0.37803,7375
catcher-681508,2025,-1.19684,0.76029,1151
catcher-682515,2025,0.35979,1.1187,181
catcher-682626,2025,-0.24576,0.42964,4976
catcher-682663,2025,0.38375,0.41341,5005
catcher-682848,2025,0.45185,0.92078,501
catcher-686452,2025,0.98132,0.52789,1112
catcher-686676,2025,0.68406,0.74814,733
catcher-686780,2025,1.04974,0.3977,7286
catcher-686948,2025,-0.22849,0.36848,6094
catcher-687221,2025,-0.19506,0.52388,2544
catcher-689414,2025,-0.00491,0.4378,3679
catcher-690924,2025,-1.79441,0.70157,2188
catcher-691011,2025,1.84861,1.32959,23
catcher-691019,2025,0.37175,0.45687,4412
catcher-693307,2025,0.36313,0.43247,8167
catcher-694208,2025,0.66313,0.42443,35
catcher-694212,2025,-0.96089,0.53645,1394
catcher-695600,2025,0.81433,0.61558,526
catcher-695670,2025,-1.46135,0.63848,114
catcher-696100,2025,-0.11429,0.39413,7000
catcher-699625,2025,-0.03002,0.80755,867
catcher-700250,2025,-0.00293,0.6473,1966
catcher-700337,2025,-1.56852,0.434,4807
catcher-804668,2025,-1.444,0.93035,76
pitcher-434378,2025,-0.14619,0.64689,1256
pitcher-445276,2025,-0.02043,1.07874,375
pitcher-445926,2025,0.70769,0.50423,93
pitcher-448179,2025,-0.08998,0.47099,103
pitcher-450203,2025,0.4776,0.52327,1279
pitcher-453286,2025,0.29398,0.74088,676
pitcher-455119,2025,-0.11536,1.12069,272
pitcher-458677,2025,-1.16973,0.9406,369
pitcher-471911,2025,-0.65703,0.75326,403
pitcher-472610,2025,0.18733,0.9232,420
pitcher-476594,2025,-1.01411,0.57386,38
pitcher-477132,2025,-0.51678,0.59472,893
pitcher-489119,2025,1.97424,1.60492,115
pitcher-489446,2025,-0.10553,0.84608,348
pitcher-493603,2025,0.33516,0.98092,32
pitcher-500743,2025,-0.24695,1.76846,32
pitcher-500779,2025,1.32079,0.68539,1173
pitcher-502043,2025,-0.93226,0.92931,137
pitcher-502085,2025,1.635,1.12988,169
pitcher-506433,2025,-0.80402,1.02796,596
pitcher-518397,2025,-1.18705,1.18524,153
pitcher-518489,2025,0.67176,0.939,183
pitcher-518585,2025,0.9357,0.82828,403
pitcher-518876,2025,0.42591,0.59209,1403
pitcher-518886,2025,0.96842,1.04424,131
pitcher-519008,2025,1.32596,1.10642,139
pitcher-519141,2025,0.41937,0.95329,376
pitcher-519151,2025,-0.44206,0.82146,331
pitcher-519242,2025,0.01322,0.63257,1006
pitcher-519326,2025,-0.93552,0.84509,157
pitcher-521230,2025,3.05126,1.10691,113
pitcher-527048,2025,0.87409,0.53077,497
pitcher-534910,2025,-0.84832,1.01056,45
pitcher-541640,2025,0.0267,0.9008,75
pitcher-542881,2025,0.82043,0.62614,1128
pitcher-542888,2025,1.07587,0.78437,570
pitcher-542932,2025,1.14494,0.98658,32
pitcher-543056,2025,-0.29491,1.02392,333
pitcher-543101,2025,0.55941,0.67389,318
pitcher-543135,2025,0.05314,0.70198,905
pitcher-543243,2025,1.41018,0.73286,1350
pitcher-543294,2025,0.17218,0.74562,1309
pitcher-543391,2025,-0.10754,0.13708,12
pitcher-543518,2025,0.65278,0.98102,145
pitcher-543592,2025,-0.80158,0.60659,12
pitcher-543859,2025,0.61539,1.21157,216
pitcher-544150,2025,0.4064,1.11102,82
pitcher-547001,2025,-1.58801,1.02613,38
pitcher-547179,2025,0.91598,0.69002,1152
pitcher-547184,2025,-0.12338,1.08485,362
pitcher-547973,2025,2.41498,0.89476,379
pitcher-548384,2025,0.45572,1.41088,211
pitcher-552640,2025,1.18448,0.75654,338
pitcher-554340,2025,-1.10966,1.19196,184
pitcher-554430,2025,1.05541,0.62592,1153
pitcher-554431,2025,0.18912,0.75466,66
pitcher-570632,2025,0.33696,0.86308,463
pitcher-571466,2025,1.85403,1.5897,10
pitcher-571510,2025,-0.75265,0.6203,1294
pitcher-571578,2025,-0.53889,0.6988,1301
pitcher-571657,2025,-0.68556,0.71129,2
pitcher-571760,2025,-2.3274,0.83483,1054
pitcher-571771,2025,-1.41604,1.94632,75
pitcher-571912,2025,0.166,0.14688,6
pitcher-571927,2025,-1.12025,0.91731,581
pitcher-571945,2025,-0.36933,0.6971,1248
pitcher-571946,2025,0.94112,0.92286,333
pitcher-571948,2025,1.64289,0.7634,638
pitcher-572955,2025,2.01394,0.76647,513
pitcher-573009,2025,0.4409,1.20657,98
pitcher-573124,2025,-1.64193,0.90274,483
pitcher-573186,2025,-1.12944,1.04984,358
pitcher-573204,2025,-0.16541,0.9441,395
pitcher-573262,2025,-0.38093,0.34214,10
pitcher-579328,2025,-1.61012,0.70063,1530
pitcher-592094,2025,0.10651,0.83143,532
pitcher-592155,2025,-0.01734,1.10931,282
pitcher-592254,2025,1.67298,1.07023,46
pitcher-592332,2025,0.75824,0.59855,1382
pitcher-592351,2025,1.06357,0.98759,103
pitcher-592426,2025,-1.20192,0.91319,389
pitcher-592454,2025,-0.21304,0.84016,554
pitcher-592662,2025,0.7576,0.56605,1487
pitcher-592773,2025,0.44695,0.76668,460
pitcher-592779,2025,0.15046,0.89881,287
pitcher-592791,2025,0.66491,0.86409,993
pitcher-592836,2025,-0.44586,0.7262,1083
pitcher-592866,2025,-0.0734,0.49673,735
pitcher-593423,2025,1.56574,0.9979,316
pitcher-593576,2025,-1.2021,0.92079,279
pitcher-593833,2025,0.68242,0.46962,71
pitcher-593958,2025,-0.57065,0.55642,1317
pitcher-593974,2025,2.0484,0.67185,555
pitcher-594580,2025,0.83433,0.89167,197
pitcher-594798,2025,2.81781,0.8658,1236
pitcher-594902,2025,-0.54414,1.0805,378
pitcher-595014,2025,-0.45328,0.84655,263
pitcher-595345,2025,-1.34265,0.93164,499
pitcher-595897,2025,-0.04102,0.27223,46
pitcher-595928,2025,-1.44115,1.29946,254
pitcher-595978,2025,2.17871,2.99131,34
pitcher-596001,2025,-1.85635,0.76629,557
pitcher-596103,2025,0.7256,0.66741,6
pitcher-596112,2025,2.07161,1.19035,58
pitcher-596133,2025,-0.87005,0.83122,472
pitcher-596142,2025,-0.35721,0.27055,12
pitcher-596271,2025,0.28206,1.36098,144
pitcher-596295,2025,2.22871,0.8618,483
pitcher-600917,2025,-0.02893,1.00012,108
pitcher-601713,2025,0.24488,0.58681,1450
pitcher-605130,2025,-0.68022,0.76647,708
pitcher-605135,2025,0.4278,0.65068,1464
pitcher-605154,2025,-0.4261,1.29669,231
pitcher-605177,2025,0.2235,0.68949,294
pitcher-605182,2025,-2.43569,1.31455,59
pitcher-605218,2025,-0.15829,0.45879,47
pitcher-605242,2025,1.1729,0.57746,45
pitcher-605280,2025,-0.63675,0.80547,1445
pitcher-605288,2025,0.23425,0.83154,918
pitcher-605347,2025,-0.2733,0.99534,185
pitcher-605400,2025,-0.74845,0.86364,809
pitcher-605447,2025,0.28456,1.18386,349
pitcher-605452,2025,-0.18973,0.87135,406
pitcher-605463,2025,-0.39696,1.01593,292
pitcher-605483,2025,0.265,0.94404,505
pitcher-605488,2025,1.33597,0.71022,1501
pitcher-605507,2025,-1.27346,0.72916,32
pitcher-605513,2025,-1.59119,1.4348,64
pitcher-605540,2025,-0.81818,0.80987,462
pitcher-606160,2025,0.65018,0.7504,553
pitcher-606303,2025,1.74081,0.93967,249
pitcher-606930,2025,-0.19278,0.60188,70
pitcher-606965,2025,-1.6923,1.25515,140
pitcher-606996,2025,1.25749,0.64303,373
pitcher-607067,2025,0.27444,0.79767,1302
pitcher-607074,2025,0.87458,0.57776,1644
pitcher-607179,2025,-0.83403,0.71777,50
pitcher-607192,2025,-0.28649,0.85717,811
pitcher-607200,2025,-1.22414,0.81552,1270
pitcher-607259,2025,-0.42378,0.64616,1300
pitcher-607455,2025,-1.02154,0.78699,528
pitcher-607481,2025,1.93159,0.81813,492
pitcher-607536,2025,0.69823,0.85335,1136
pitcher-607625,2025,0.75979,0.50571,1301
pitcher-607732,2025,-0.12941,0.15747,12
pitcher-608032,2025,1.03543,0.72984,511
pitcher-608331,2025,-0.36603,0.65315,1577
pitcher-608334,2025,0.11749,0.79974,234
pitcher-608337,2025,0.41282,0.77536,1177
pitcher-608371,2025,0.62994,0.65335,163
pitcher-608372,2025,-0.71903,0.68246,1291
pitcher-608379,2025,-1.07942,0.61256,1272
pitcher-608566,2025,-1.75933,0.8807,989
pitcher-608650,2025,-0.2033,0.75251,324
pitcher-608665,2025,0.92358,0.72495,176
pitcher-608671,2025,0.26413,0.22777,6
pitcher-608717,2025,-0.37498,0.90504,207
pitcher-608718,2025,-1.2099,0.91902,553
pitcher-612434,2025,-0.45749,0.6578,61
pitcher-614179,2025,-0.96509,1.12615,134
pitcher-615698,2025,0.54057,0.65267,1022
pitcher-620443,2025,-0.3357,0.32932,15
pitcher-620454,2025,0.63093,0.77909,278
pitcher-621028,2025,0.15372,0.13524,13
pitcher-621051,2025,0.37477,0.92759,481
pitcher-621053,2025,0.47515,0.77391,501
pitcher-621057,2025,-0.97688,1.03339,44
pitcher-621107,2025,-1.46705,0.86631,547
pitcher-621111,2025,1.82321,0.63331,1154
pitcher-621112,2025,1.10045,1.03228,327
pitcher-621114,2025,0.81938,0.4506,22
pitcher-621121,2025,-0.55103,0.61831,651
pitcher-621139,2025,0.16599,1.05642,216
pitcher-621199,2025,1.36537,0.97009,237
pitcher-621237,2025,2.81523,0.98618,220
pitcher-621242,2025,0.00424,0.79034,538
pitcher-621244,2025,0.41595,0.70867,1340
pitcher-621345,2025,0.17677,0.8124,105
pitcher-621363,2025,0.85121,0.87224,151
pitcher-621366,2025,1.51099,0.99956,292
pitcher-621381,2025,0.72655,1.02914,458
pitcher-621383,2025,1.88178,0.75291,511
pitcher-621512,2025,0.90458,0.79613,3
pitcher-622253,2025,-0.1864,0.77567,81
pitcher-622379,2025,-2.15202,1.03311,89
pitcher-622491,2025,0.85445,0.58603,1409
pitcher-622503,2025,-0.27468,0.70767,266
pitcher-622554,2025,0.41863,0.6531,566
pitcher-622569,2025,-1.29026,1.13436,7
pitcher-622608,2025,-0.56103,0.65765,1139
pitcher-622663,2025,0.40004,0.69672,1400
pitcher-622761,2025,-0.79944,0.57965,20
pitcher-622780,2025,-1.88676,1.10692,38
pitcher-622786,2025,0.85137,1.20564,163
pitcher-623149,2025,-1.45625,1.24418,162
pitcher-623167,2025,0.4817,0.90168,324
pitcher-623168,2025,1.03894,1.65177,22
pitcher-623211,2025,-0.79103,0.86002,483
pitcher-623352,2025,1.26857,1.02388,356
pitcher-623433,2025,1.22243,0.64015,109
pitcher-623437,2025,-0.62408,0.7947,505
pitcher-623465,2025,-0.81845,0.80024,48
pitcher-623474,2025,0.11943,0.81635,666
pitcher-624133,2025,-1.02023,0.88119,1215
pitcher-624431,2025,0.91538,0.63047,22
pitcher-624512,2025,1.17422,0.89519,12
pitcher-625643,2025,0.60439,0.41097,42
pitcher-628317,2025,1.12829,0.7459,80
pitcher-628452,2025,1.52095,0.76447,455
pitcher-640448,2025,-0.10427,1.04828,405
pitcher-640451,2025,1.57941,1.1968,77
pitcher-640454,2025,-0.50379,0.3905,35
pitcher-640455,2025,-2.0149,0.75369,508
pitcher-640462,2025,-2.12421,1.36302,69
pitcher-640902,2025,0.90725,0.93097,37
pitcher-641154,2025,-2.39265,0.87323,616
pitcher-641302,2025,0.91414,0.90477,791
pitcher-641312,2025,1.11664,0.83719,107
pitcher-641329,2025,0.54237,0.76721,523
pitcher-641343,2025,-2.59128,1.24168,41
pitcher-641386,2025,1.19,0.82157,89
pitcher-641401,2025,0.94852,0.76256,415
pitcher-641482,2025,0.50063,1.36885,332
pitcher-641540,2025,-0.38057,1.27732,193
pitcher-641585,2025,1.84631,0.95018,45
pitcher-641656,2025,0.05225,0.99147,308
pitcher-641672,2025,-0.44,0.9079,286
pitcher-641745,2025,0.64956,0.81306,588
pitcher-641755,2025,1.18472,0.84468,590
pitcher-641778,2025,0.66472,0.73429,828
pitcher-641793,2025,-1.35304,0.53714,1297
pitcher-641816,2025,-0.90242,0.81539,679
pitcher-641835,2025,0.32367,0.8565,152
pitcher-641927,2025,0.18168,0.73819,1100
pitcher-641941,2025,-0.31511,0.68848,482
pitcher-642016,2025,-0.41992,0.74603,136
pitcher-642048,2025,-0.08343,1.41363,125
pitcher-642100,2025,0.65056,1.08216,414
pitcher-642121,2025,0.2634,0.70814,167
pitcher-642133,2025,-2.53064,2.22791,9
pitcher-642152,2025,-1.17394,1.0962,435
pitcher-642180,2025,0.0271,0.0761,13
pitcher-642207,2025,-0.26345,0.83076,534
pitcher-642215,2025,2.9417,1.75533,20
pitcher-642216,2025,0.57953,0.5417,81
pitcher-642232,2025,0.967,0.95089,542
pitcher-642239,2025,-1.87577,0.87052,165
pitcher-642397,2025,0.81379,0.93742,485
pitcher-642520,2025,1.59799,0.77991,60
pitcher-642528,2025,0.61213,1.12742,209
pitcher-642547,2025,2.19669,0.51149,1547
pitcher-642585,2025,1.24257,0.62158,321
pitcher-642701,2025,-0.04094,0.94903,461
pitcher-642708,2025,-1.1263,0.8405,15
pitcher-642759,2025,-2.31735,1.81932,38
pitcher-643338,2025,0.27291,0.74811,337
pitcher-643361,2025,-2.62734,1.23576,108
pitcher-643377,2025,1.74473,0.74176,502
pitcher-643396,2025,-0.0969,0.08775,4
pitcher-643410,2025,1.43875,1.06042,405
pitcher-643511,2025,0.64459,1.01231,442
pitcher-645261,2025,-0.07387,0.53694,1390
pitcher-645305,2025,0.15684,0.12934,7
pitcher-645444,2025,-1.13396,1.42815,16
pitcher-646242,2025,-1.28698,1.01259,12
pitcher-647315,2025,0.24112,0.29839,64
pitcher-647336,2025,-1.33334,0.77555,796
pitcher-647351,2025,1.13062,0.9597,6
pitcher-650489,2025,-1.69951,1.53991,7
pitcher-650556,2025,0.58539,0.76254,621
pitcher-650633,2025,0.4308,1.20843,669
pitcher-650644,2025,0.33971,0.82544,926
pitcher-650671,2025,-0.01476,0.11901,25
pitcher-650893,2025,-0.77726,1.00918,350
pitcher-650911,2025,0.21869,0.62333,1372
pitcher-655889,2025,-0.76322,0.8865,201
pitcher-656186,2025,-1.46218,0.97001,234
pitcher-656222,2025,0.46962,0.75902,424
pitcher-656234,2025,0.02583,0.7159,518
pitcher-656240,2025,0.03351,1.05851,348
pitcher-656257,2025,0.39061,0.86764,30
pitcher-656271,2025,-0.60095,1.05034,468
pitcher-656288,2025,0.30187,1.1124,688
pitcher-656302,2025,1.84311,0.59338,1454
pitcher-656420,2025,-0.27973,0.5953,28
pitcher-656427,2025,1.27402,0.86051,1454
pitcher-656457,2025,-0.79786,0.72554,436
pitcher-656458,2025,0.84595,0.77481,9
pitcher-656464,2025,1.71121,0.91799,239
pitcher-656546,2025,0.40645,0.7287,530
pitcher-656550,2025,-0.39481,0.7227,942
pitcher-656557,2025,1.16022,0.60296,404
pitcher-656577,2025,-0.64123,0.54523,15
pitcher-656605,2025,0.32588,0.61375,1413
pitcher-656629,2025,-0.13063,0.61761,133
pitcher-656638,2025,0.06104,0.07212,4
pitcher-656641,2025,-0.1084,0.90105,683
pitcher-656686,2025,0.23918,0.94013,165
pitcher-656716,2025,0.01363,0.01434,1
pitcher-656730,2025,0.05846,1.13502,358
pitcher-656731,2025,-0.73286,0.76567,617
pitcher-656794,2025,-0.59982,0.64857,801
pitcher-656848,2025,1.0751,0.8638,142
pitcher-656849,2025,0.7575,0.62417,1368
pitcher-656876,2025,0.00869,0.5286,1156
pitcher-656896,2025,1.10099,0.75509,27
pitcher-656945,2025,1.32575,1.12768,380
pitcher-656986,2025,-2.58707,1.27907,326
pitcher-657006,2025,0.0456,1.35763,147
pitcher-657024,2025,0.19154,0.37839,57
pitcher-657044,2025,-0.6835,0.90335,325
pitcher-657053,2025,0.96816,0.72157,19
pitcher-657097,2025,0.60958,0.74866,461
pitcher-657240,2025,-0.71206,1.08405,182
pitcher-657277,2025,1.8386,0.63195,1690
pitcher-657376,2025,-0.91024,0.72169,632
pitcher-657424,2025,1.07095,1.2211,260
pitcher-657514,2025,-0.18291,0.71149,451
pitcher-657571,2025,-2.80347,0.72273,515
pitcher-657585,2025,0.72076,0.82088,501
pitcher-657612,2025,0.96713,0.99712,411
pitcher-657649,2025,0.1577,0.81473,562
pitcher-657746,2025,-0.66253,0.65509,1349
pitcher-657756,2025,1.32049,1.9392,88
pitcher-660271,2025,-0.71519,0.82866,357
pitcher-660604,2025,0.19579,1.17311,96
pitcher-660644,2025,2.45949,1.6938,13
pitcher-660730,2025,-0.53874,1.49774,181
pitcher-660761,2025,-0.28601,0.68295,152
pitcher-660787,2025,0.59378,1.11719,295
pitcher-660825,2025,0.6095,0.94885,667
pitcher-660844,2025,-0.69863,0.65301,8
pitcher-660853,2025,0.4806,0.76281,524
pitcher-660896,2025,-0.25474,0.77905,539
pitcher-661395,2025,-0.34505,0.86878,482
pitcher-661403,2025,1.74288,1.13337,309
pitcher-661527,2025,0.19758,0.83147,62
pitcher-661563,2025,-0.47487,0.67771,531
pitcher-662253,2025,1.06705,0.74722,516
pitcher-663158,2025,-0.63708,0.91231,478
pitcher-663321,2025,0.3575,0.77941,116
pitcher-663362,2025,-0.4874,0.46094,62
pitcher-663372,2025,0.77527,0.83537,251
pitcher-663399,2025,-1.42183,0.82695,260
pitcher-663423,2025,-0.01402,0.52711,315
pitcher-663432,2025,0.02645,1.16804,93
pitcher-663436,2025,0.06775,0.54205,1117
pitcher-663455,2025,0.55498,0.91865,262
pitcher-663460,2025,-0.69341,0.60449,877
pitcher-663462,2025,-1.14595,1.18554,46
pitcher-663465,2025,-0.4638,0.76776,486
pitcher-663474,2025,-0.506,0.52068,65
pitcher-663485,2025,-0.967,0.80965,561
pitcher-663542,2025,-2.28182,1.55337,188
pitcher-663546,2025,0.48449,1.00199,143
pitcher-663554,2025,-0.12169,0.65548,1142
pitcher-663558,2025,0.6792,1.33465,38
pitcher-663559,2025,-0.74803,0.87619,1004
pitcher-663562,2025,0.41472,0.9806,143
pitcher-663568,2025,-0.49792,0.82967,875
pitcher-663574,2025,1.42429,0.56621,582
pitcher-663623,2025,-2.29494,0.63834,1535
pitcher-663671,2025,0.43306,0.70773,239
pitcher-663687,2025,-1.7083,0.74233,579
pitcher-663738,2025,-0.41562,0.74854,595
pitcher-663765,2025,0.96023,1.15278,330
pitcher-663767,2025,-0.06535,0.74933,387
pitcher-663773,2025,-0.15508,1.01546,61
pitcher-663795,2025,-0.24185,0.95182,186
pitcher-663804,2025,0.0738,0.72251,136
pitcher-663855,2025,-1.16782,0.76107,636
pitcher-663878,2025,-0.83915,1.14097,149
pitcher-663893,2025,1.86465,0.75318,615
pitcher-663897,2025,0.5375,0.37412,33
pitcher-663903,2025,-0.31789,0.59662,1532
pitcher-663941,2025,-0.36332,0.89806,408
pitcher-663947,2025,0.74106,0.79915,581
pitcher-663967,2025,-0.33534,0.34986,6
pitcher-663969,2025,-0.92084,0.76546,532
pitcher-663978,2025,-1.38456,0.76539,1193
pitcher-663992,2025,-0.19819,0.61576,107
pitcher-664062,2025,1.66321,0.70535,323
pitcher-664068,2025,0.34482,0.26704,14
pitcher-664076,2025,0.5115,1.0759,418
pitcher-664123,2025,-1.53369,0.73397,74
pitcher-664126,2025,-1.31634,0.98188,461
pitcher-664129,2025,1.08874,1.40166,58
pitcher-664139,2025,-2.36743,1.36286,188
pitcher-664141,2025,2.00533,1.20298,230
pitcher-664192,2025,-0.26055,0.93431,329
pitcher-664199,2025,2.7226,0.70933,431
pitcher-664208,2025,-1.09892,0.84427,520
pitcher-664285,2025,-1.47668,0.6972,1412
pitcher-664294,2025,2.29868,1.20029,144
pitcher-664299,2025,0.67664,1.08446,330
pitcher-664351,2025,0.3948,0.43974,121
pitcher-664353,2025,-0.7307,0.80623,30
pitcher-664744,2025,-0.36992,0.30539,12
pitcher-664747,2025,-0.33387,0.93894,177
pitcher-664849,2025,0.38326,1.27127,103
pitcher-664854,2025,0.73318,0.72714,419
pitcher-664875,2025,-0.83137,1.20505,154
pitcher-664948,2025,-0.35101,0.50796,61
pitcher-664991,2025,0.40821,0.85538,268
pitcher-665019,2025,0.07273,0.09294,11
pitcher-665152,2025,0.31029,0.51362,1309
pitcher-665625,2025,-1.68822,0.888,94
pitcher-665660,2025,0.90298,0.85441,392
pitcher-665665,2025,-0.18203,0.20101,12
pitcher-665795,2025,-0.6192,0.79647,1181
pitcher-665871,2025,0.32276,0.6093,291
pitcher-666120,2025,-0.48971,0.79525,102
pitcher-666142,2025,1.85519,0.84095,526
pitcher-666157,2025,0.37444,0.71919,1196
pitcher-666168,2025,1.00203,0.90445,135
pitcher-666171,2025,-0.55886,1.00126,530
pitcher-666200,2025,0.60224,0.58346,1488
pitcher-666214,2025,-0.21585,0.6654,837
pitcher-666215,2025,0.58936,0.72996,135
pitcher-666277,2025,0.0781,0.81766,356
pitcher-666374,2025,1.04841,0.73077,459
pitcher-666619,2025,-1.14595,1.20494,75
pitcher-666659,2025,0.68371,0.92416,83
pitcher-666661,2025,-0.70311,0.85611,305
pitcher-666711,2025,0.45312,1.14545,147
pitcher-666808,2025,-1.80438,0.82549,548
pitcher-666974,2025,1.09452,0.80944,507
pitcher-667297,2025,-0.18681,0.91859,233
pitcher-667463,2025,-0.26102,1.17344,365
pitcher-667755,2025,-1.18225,0.74122,1452
pitcher-668390,2025,1.16379,0.877,320
pitcher-668670,2025,0.13969,2.33001,30
pitcher-668674,2025,-0.74768,0.83234,459
pitcher-668678,2025,1.47943,0.53255,1641
pitcher-668716,2025,-0.6248,1.15411,233
pitcher-668820,2025,-0.69273,1.01835,226
pitcher-668834,2025,1.12415,1.01449,102
pitcher-668881,2025,0.99808,0.74426,794
pitcher-668909,2025,-1.3854,0.63788,1491
pitcher-668933,2025,0.4645,0.91431,484
pitcher-668941,2025,0.37782,0.74343,543
pitcher-668964,2025,-0.14715,1.10896,385
pitcher-668970,2025,-1.52921,1.42781,96
pitcher-668984,2025,-0.33234,0.71736,431
pitcher-669020,2025,0.16341,0.81517,339
pitcher-669022,2025,1.00706,0.54557,1332
pitcher-669060,2025,0.11008,1.14096,429
pitcher-669062,2025,-0.30956,0.95079,235
pitcher-669084,2025,-0.84172,0.92943,317
pitcher-669093,2025,1.49719,0.61851,570
pitcher-669145,2025,0.26137,0.24959,48
pitcher-669160,2025,-0.12352,0.61238,1160
pitcher-669193,2025,0.01725,0.08813,17
pitcher-669194,2025,-0.27283,0.7532,1184
pitcher-669199,2025,0.8591,0.75074,582
pitcher-669203,2025,2.10132,0.76065,513
pitcher-669211,2025,0.35639,0.59004,502
pitcher-669212,2025,-0.12125,1.0257,57
pitcher-669276,2025,0.36278,0.70981,500
pitcher-669302,2025,0.19593,0.57578,974
pitcher-669308,2025,-0.83024,0.68461,274
pitcher-669330,2025,1.38464,0.83935,147
pitcher-669358,2025,-0.1213,0.65527,1340
pitcher-669371,2025,2.09334,0.78153,523
pitcher-669372,2025,0.62413,0.8049,864
pitcher-669373,2025,0.99662,0.67806,1245
pitcher-669387,2025,-0.71833,0.95672,848
pitcher-669391,2025,-0.93982,1.12106,56
pitcher-669422,2025,1.09476,0.99276,237
pitcher-669432,2025,-0.56331,1.01354,750
pitcher-669438,2025,1.56646,1.10178,345
pitcher-669449,2025,-0.50711,0.41807,10
pitcher-669450,2025,0.4123,0.34233,7
pitcher-669456,2025,0.31892,0.6645,333
pitcher-669459,2025,-0.90296,0.92412,27
pitcher-669461,2025,-0.29533,0.79085,1158
pitcher-669467,2025,-0.96519,0.77921,1331
pitcher-669620,2025,0.41866,1.4154,100
pitcher-669622,2025,0.00939,0.80818,445
pitcher-669674,2025,-1.42452,0.76419,400
pitcher-669684,2025,-1.13524,1.58054,296
pitcher-669704,2025,-1.93871,0.9943,208
pitcher-669707,2025,-0.89409,0.73221,10
pitcher-669711,2025,0.31731,0.85912,551
pitcher-669713,2025,-0.27105,0.94898,261
pitcher-669717,2025,2.12318,1.82705,15
pitcher-669721,2025,-1.94788,0.80848,90
pitcher-669722,2025,-0.0352,0.16227,12
pitcher-669724,2025,-0.03008,0.81914,495
pitcher-669854,2025,-1.38746,0.93924,408
pitcher-669920,2025,-0.58569,0.75978,674
pitcher-669923,2025,1.60583,1.04157,1012
pitcher-669947,2025,0.54562,0.49146,76
pitcher-670032,2025,-0.06141,0.07144,6
pitcher-670036,2025,-0.70086,0.76996,385
pitcher-670059,2025,-0.46911,1.05097,247
pitcher-670102,2025,-0.0944,0.5387,570
pitcher-670156,2025,1.096,0.92027,13
pitcher-670167,2025,0.20489,0.79114,541
pitcher-670174,2025,-0.31318,0.35641,98
pitcher-670183,2025,-0.31567,0.2719,14
pitcher-670280,2025,0.85596,0.90298,512
pitcher-670329,2025,0.28847,1.18723,267
pitcher-670766,2025,-0.0317,0.61151,42
pitcher-670810,2025,-0.84439,1.43735,53
pitcher-670912,2025,-1.35981,0.86805,372
pitcher-670950,2025,0.55587,0.6066,49
pitcher-670955,2025,-1.06453,0.73406,548
pitcher-670970,2025,1.18543,0.96979,512
pitcher-670990,2025,-0.80622,1.29579,289
pitcher-671096,2025,0.40664,0.68556,1282
pitcher-671106,2025,-0.19367,0.92029,1432
pitcher-671109,2025,0.35475,0.65273,149
pitcher-671111,2025,-0.63553,0.86332,75
pitcher-671131,2025,0.36507,0.75959,686
pitcher-671162,2025,0.36375,0.97472,61
pitcher-671212,2025,-1.3974,1.19138,508
pitcher-671305,2025,1.41084,0.80033,72
pitcher-671737,2025,-0.53344,0.63737,1129
pitcher-671922,2025,0.2951,0.64751,549
pitcher-672282,2025,-1.10063,1.05102,530
pitcher-672335,2025,-0.30872,1.26514,216
pitcher-672391,2025,-0.76837,0.84865,403
pitcher-672456,2025,1.03699,0.70698,738
pitcher-672578,2025,-0.13838,1.01771,367
pitcher-672582,2025,-0.4979,0.75061,598
pitcher-672710,2025,1.47726,1.15832,97
pitcher-672724,2025,0.84961,0.60562,19
pitcher-672782,2025,0.39007,0.80159,550
pitcher-672841,2025,-2.68583,1.06548,542
pitcher-673380,2025,0.00347,0.61475,84
pitcher-673513,2025,-0.80987,0.82589,495
pitcher-673540,2025,-0.84262,0.73025,933
pitcher-673820,2025,-0.88624,1.40231,34
pitcher-673929,2025,-0.61157,0.57303,549
pitcher-673965,2025,0.29488,0.41078,32
pitcher-674072,2025,0.13585,0.357,53
pitcher-674285,2025,-1.85182,0.60308,274
pitcher-674370,2025,-0.47646,0.7409,668
pitcher-674384,2025,-0.41072,0.68757,126
pitcher-674444,2025,-0.65192,0.87572,314
pitcher-674841,2025,-2.95735,1.07705,239
pitcher-674944,2025,-0.48258,1.24209,87
pitcher-675512,2025,-0.19931,0.86806,332
pitcher-675540,2025,0.22193,0.17784,27
pitcher-675650,2025,1.91074,1.03423,46
pitcher-675848,2025,0.30876,0.72085,541
pitcher-675911,2025,-0.3485,0.53453,1001
pitcher-675919,2025,-0.22426,0.34833,16
pitcher-675989,2025,0.99197,0.78275,20
pitcher-676051,2025,1.13032,0.57726,41
pitcher-676070,2025,0.03689,0.03016,1
pitcher-676083,2025,0.75147,0.74875,725
pitcher-676092,2025,-0.38633,0.8544,206
pitcher-676106,2025,2.41237,0.86767,690
pitcher-676130,2025,-1.26383,0.79754,532
pitcher-676206,2025,2.90643,2.09342,79
pitcher-676254,2025,-1.81256,0.79825,556
pitcher-676263,2025,1.33153,0.90695,525
pitcher-676272,2025,0.70029,0.43048,59
pitcher-676282,2025,-1.50622,0.47651,883
pitcher-676395,2025,2.57646,0.7582,454
pitcher-676428,2025,-0.05667,0.70647,564
pitcher-676440,2025,0.27633,0.51569,1537
pitcher-676467,2025,-1.07324,0.78993,699
pitcher-676475,2025,0.87771,0.76216,3
pitcher-676477,2025,0.83774,0.74315,526
pitcher-676508,2025,-0.84314,0.6322,590
pitcher-676510,2025,0.31327,0.27476,12
pitcher-676534,2025,1.86157,0.75874,572
pitcher-676571,2025,1.2241,1.28546,224
pitcher-676604,2025,-1.57856,1.00462,133
pitcher-676609,2025,1.4471,1.1223,17
pitcher-676617,2025,-0.05767,0.94199,391
pitcher-676661,2025,-0.99762,1.04405,331
pitcher-676664,2025,-0.38851,0.55918,1232
pitcher-676679,2025,1.8844,1.40619,17
pitcher-676680,2025,-0.03733,0.91331,28
pitcher-676684,2025,1.17398,0.90419,557
pitcher-676701,2025,-0.39646,0.34832,9
pitcher-676702,2025,0.18824,0.85511,152
pitcher-676724,2025,-0.28455,0.2771,6
pitcher-676742,2025,0.05847,0.855,80
pitcher-676755,2025,0.91498,0.90628,377
pitcher-676760,2025,0.90577,1.42565,75
pitcher-676775,2025,1.68368,0.89116,71
pitcher-676801,2025,1.07215,0.74003,34
pitcher-676879,2025,2.35629,0.81776,539
pitcher-676917,2025,0.29855,0.70495,383
pitcher-676961,2025,1.11327,1.16131,422
pitcher-676962,2025,0.91501,0.68418,865
pitcher-676969,2025,-0.61836,0.4667,29
pitcher-676974,2025,-2.1704,0.94461,526
pitcher-676979,2025,-0.88215,0.76668,1483
pitcher-677020,2025,0.01049,0.15716,47
pitcher-677161,2025,0.1638,1.19096,277
pitcher-677649,2025,0.6705,0.67247,13
pitcher-677651,2025,0.15066,0.4055,54
pitcher-677865,2025,-0.94537,1.54622,127
pitcher-677944,2025,0.38447,0.58854,1046
pitcher-677952,2025,-0.93038,0.88879,519
pitcher-677955,2025,1.86962,0.88807,236
pitcher-677958,2025,-0.44864,0.65297,529
pitcher-677960,2025,-1.59233,1.31241,307
pitcher-677961,2025,-2.22267,1.65877,22
pitcher-677976,2025,1.80655,1.22156,45
pitcher-678011,2025,-0.60996,0.53114,5
pitcher-678020,2025,-0.3669,0.90247,318
pitcher-678022,2025,-0.64891,1.4556,320
pitcher-678024,2025,-0.55531,0.66411,901
pitcher-678215,2025,0.33596,0.78316,108
pitcher-678226,2025,-0.27592,0.84937,377
pitcher-678316,2025,-0.67301,0.57372,46
pitcher-678368,2025,-1.5831,0.917,640
pitcher-678394,2025,0.17291,0.5639,1384
pitcher-678495,2025,-1.03649,0.82843,385
pitcher-678606,2025,-0.16815,0.93544,575
pitcher-678692,2025,1.07856,0.9246,543
pitcher-678821,2025,0.87147,0.72565,239
pitcher-678906,2025,-0.64485,0.94352,296
pitcher-679358,2025,-1.46641,1.20703,325
pitcher-679775,2025,-1.98105,1.04017,226
pitcher-679883,2025,0.25318,0.85696,107
pitcher-679885,2025,1.53036,0.81536,158
pitcher-679922,2025,-0.87415,0.66147,22
pitcher-680573,2025,-1.11563,0.54303,921
pitcher-680604,2025,0.38835,0.30356,24
pitcher-680684,2025,-0.78835,0.35528,290
pitcher-680689,2025,0.92536,0.87174,383
pitcher-680694,2025,0.97194,1.19257,249
pitcher-680701,2025,0.29901,0.26205,15
pitcher-680702,2025,0.9749,0.73426,32
pitcher-680704,2025,-2.95949,1.11992,156
pitcher-680729,2025,-0.3594,0.83796,103
pitcher-680730,2025,-0.65824,0.63777,1260
pitcher-680732,2025,-1.17552,0.64434,1196
pitcher-680735,2025,1.05959,1.11759,209
pitcher-680736,2025,-1.68732,0.64221,526
pitcher-680742,2025,1.39962,0.96936,366
pitcher-680755,2025,4.23103,0.79853,445
pitcher-680767,2025,-0.26259,0.9147,484
pitcher-680837,2025,-0.16419,0.18736,12
pitcher-680862,2025,1.76705,1.40473,7
pitcher-680880,2025,0.79526,0.80027,187
pitcher-680885,2025,-0.93588,0.73337,726
pitcher-680951,2025,1.17966,0.53424,62
pitcher-681006,2025,-2.27742,1.12715,320
pitcher-681146,2025,-1.66113,0.53736,59
pitcher-681151,2025,-1.0701,0.90006,82
pitcher-681168,2025,-0.08477,1.17644,170
pitcher-681190,2025,-2.6624,0.76008,1112
pitcher-681217,2025,-0.9709,0.79092,99
pitcher-681293,2025,-0.46914,0.66339,339
pitcher-681343,2025,-1.84294,0.50281,1179
pitcher-681347,2025,1.89044,0.76574,758
pitcher-681432,2025,-2.86977,1.23142,54
pitcher-681517,2025,-0.42876,0.78281,635
pitcher-681676,2025,-0.6287,1.19305,241
pitcher-681751,2025,-0.29875,0.25164,49
pitcher-681799,2025,0.30034,0.83748,69
pitcher-681810,2025,0.27137,0.68033,80
pitcher-681857,2025,0.4897,1.18523,607
pitcher-681867,2025,-0.73037,0.93884,138
pitcher-681869,2025,1.03625,0.72609,292
pitcher-681870,2025,-0.88096,0.97009,252
pitcher-681882,2025,-0.96466,0.72398,100
pitcher-681892,2025,-0.85674,0.76019,403
pitcher-681895,2025,-1.78941,1.29482,196
pitcher-681911,2025,0.55963,0.88876,488
pitcher-681916,2025,-0.54536,0.61346,75
pitcher-681962,2025,0.99874,1.17987,14
pitcher-681982,2025,0.12004,1.06302,596
pitcher-681987,2025,0.25302,0.25602,7
pitcher-682052,2025,0.67334,0.5787,889
pitcher-682120,2025,-0.43395,0.90978,400
pitcher-682144,2025,0.01261,0.06824,15
pitcher-682171,2025,0.52477,0.62314,121
pitcher-682243,2025,0.73537,1.00802,733
pitcher-682254,2025,-0.59413,0.95342,395
pitcher-682274,2025,-3.10273,1.02976,131
pitcher-682515,2025,1.21203,1.19398,7
pitcher-682610,2025,0.40274,0.85069,104
pitcher-682790,2025,-0.15474,0.7863,203
pitcher-682825,2025,0.38614,1.01452,230
pitcher-682842,2025,0.45436,0.89249,595
pitcher-682847,2025,1.03347,0.8366,787
pitcher-682989,2025,0.01062,0.64214,177
pitcher-682990,2025,0.12337,0.56533,1283
pitcher-682995,2025,1.68421,1.07832,20
pitcher-683004,2025,0.45025,0.5053,1271
pitcher-683021,2025,-0.13085,0.11275,4
pitcher-683155,2025,-1.5659,0.78633,86
pitcher-683175,2025,1.86445,0.96934,207
pitcher-683232,2025,-0.59356,0.58546,369
pitcher-683409,2025,0.75036,0.90986,471
pitcher-683618,2025,-0.7142,1.42784,126
pitcher-683627,2025,1.81364,0.87013,296
pitcher-683766,2025,0.17716,0.67543,19
pitcher-683769,2025,1.06422,0.67201,495
pitcher-684007,2025,-0.0363,0.83116,984
pitcher-684320,2025,-0.13864,0.80315,601
pitcher-684974,2025,-1.55074,0.89692,105
pitcher-685005,2025,0.23161,0.56372,26
pitcher-685068,2025,-1.11584,0.59871,41
pitcher-685107,2025,0.42824,0.82733,229
pitcher-685126,2025,-0.06386,0.84675,613
pitcher-685299,2025,-0.28484,0.92725,547
pitcher-685314,2025,-1.19782,1.06035,203
pitcher-685326,2025,-0.47973,1.14709,268
pitcher-685801,2025,0.83258,1.05826,105
pitcher-686218,2025,0.91748,0.59092,544
pitcher-686228,2025,0.167,0.6336,109
pitcher-686249,2025,0.52986,0.51393,8
pitcher-686563,2025,-0.33351,0.66747,891
pitcher-686580,2025,-1.87427,0.91317,217
pitcher-686613,2025,1.35391,0.55812,1573
pitcher-686642,2025,-2.6656,1.25492,178
pitcher-686654,2025,-0.52623,0.46164,37
pitcher-686676,2025,1.72574,1.36322,20
pitcher-686701,2025,-0.88299,0.68988,667
pitcher-686730,2025,-0.74623,0.6292,132
pitcher-686747,2025,-0.35155,1.7137,55
pitcher-686751,2025,2.07999,1.27369,95
pitcher-686752,2025,-0.26858,0.67753,1313
pitcher-686753,2025,1.00249,0.56331,31
pitcher-686790,2025,-0.6815,0.65293,103
pitcher-686799,2025,0.6921,0.68385,932
pitcher-686826,2025,-3.02049,1.19376,234
pitcher-686930,2025,-0.5375,0.41176,222
pitcher-686973,2025,-1.86809,0.89126,458
pitcher-686993,2025,1.26949,0.80968,522
pitcher-687003,2025,0.17589,0.92083,59
pitcher-687064,2025,1.44619,0.65997,464
pitcher-687074,2025,-0.67546,0.987,41
pitcher-687075,2025,-0.78605,0.37752,147
pitcher-687134,2025,0.55976,0.77628,510
pitcher-687166,2025,0.28678,0.27404,19
pitcher-687209,2025,-0.8127,0.85848,84
pitcher-687223,2025,-1.42341,1.1694,382
pitcher-687287,2025,-0.96468,0.62917,40
pitcher-687330,2025,-2.06792,0.84169,314
pitcher-687362,2025,-0.06006,1.41407,246
pitcher-687377,2025,1.31857,0.62258,242
pitcher-687396,2025,1.92809,0.95591,151
pitcher-687424,2025,0.19481,1.38411,66
pitcher-687473,2025,-0.96578,0.48649,864
pitcher-687589,2025,0.0433,0.04077,3
pitcher-687606,2025,1.76188,0.99437,230
pitcher-687765,2025,0.23644,0.92407,628
pitcher-687830,2025,-0.9655,0.9102,218
pitcher-687847,2025,-1.89347,0.73833,62
pitcher-687849,2025,0.92666,0.92079,166
pitcher-687863,2025,-0.81567,0.92726,323
pitcher-687888,2025,0.21976,0.8391,396
pitcher-687911,2025,-0.1197,0.85204,514
pitcher-687922,2025,0.01249,0.59123,202
pitcher-687931,2025,-0.15272,0.55595,202
pitcher-688107,2025,0.42197,1.0554,57
pitcher-688138,2025,-0.36064,0.84013,712
pitcher-688158,2025,0.79963,0.73569,372
pitcher-688297,2025,-0.11159,0.74772,201
pitcher-688497,2025,2.0336,0.58849,193
pitcher-688642,2025,-0.60591,0.98047,263
pitcher-689017,2025,-0.05198,0.79022,400
pitcher-689147,2025,-0.21675,1.04193,593
pitcher-689225,2025,-1.598,0.84449,211
pitcher-689254,2025,2.46805,0.94267,440
pitcher-689266,2025,1.10823,0.98166,229
pitcher-689520,2025,2.17819,1.51676,45
pitcher-689690,2025,0.38319,0.89493,311
pitcher-689958,2025,-0.75833,0.61733,13
pitcher-690382,2025,0.10273,0.80203,87
pitcher-690544,2025,-2.09312,0.92531,108
pitcher-690829,2025,-1.23773,0.66464,30
pitcher-690916,2025,-1.12652,0.66581,322
pitcher-690925,2025,-1.54056,1.36672,244
pitcher-690928,2025,-0.49265,0.87027,476
pitcher-690953,2025,-1.26034,0.86161,352
pitcher-690986,2025,-1.49322,1.28311,286
pitcher-690990,2025,0.7369,0.61336,864
pitcher-690997,2025,0.6645,0.61987,417
pitcher-691094,2025,-1.3167,1.00269,19
pitcher-691172,2025,-1.24387,1.18499,66
pitcher-691251,2025,-0.27595,1.07183,127
pitcher-691441,2025,-0.80496,0.52789,50
pitcher-691548,2025,1.70657,0.83346,45
pitcher-691587,2025,-0.04415,0.55132,791
pitcher-691594,2025,-0.36705,1.22365,82
pitcher-691769,2025,-3.36813,1.92778,37
pitcher-691799,2025,-0.39771,1.09922,298
pitcher-691951,2025,0.52234,0.83383,162
pitcher-692024,2025,0.22796,1.34437,46
pitcher-692030,2025,-0.93143,0.75141,16
pitcher-692230,2025,-0.52422,0.43448,106
pitcher-692285,2025,-1.089,1.26934,152
pitcher-693312,2025,-0.49493,0.9787,313
pitcher-693313,2025,0.07438,0.5427,335
pitcher-693433,2025,-0.4475,0.85482,1243
pitcher-693645,2025,-0.40726,0.95293,607
pitcher-693821,2025,-0.41026,0.67864,1280
pitcher-693855,2025,0.48221,0.77822,478
pitcher-694037,2025,1.18144,0.80991,404
pitcher-694297,2025,0.01572,0.52619,1443
pitcher-694335,2025,1.19757,0.84202,521
pitcher-694350,2025,1.38354,0.91676,218
pitcher-694359,2025,0.75061,0.61141,11
pitcher-694361,2025,0.59375,0.7099,166
pitcher-694363,2025,1.73036,1.10303,121
pitcher-694462,2025,-1.54028,0.92602,450
pitcher-694477,2025,0.82489,0.63473,989
pitcher-694646,2025,-0.89944,0.49483,126
pitcher-694738,2025,-0.66734,0.98803,999
pitcher-694819,2025,-1.22709,0.94178,577
pitcher-694851,2025,0.65032,0.88934,117
pitcher-694918,2025,-0.06405,0.45717,173
pitcher-694973,2025,0.96013,0.66806,1477
pitcher-695243,2025,1.13317,0.88576,471
pitcher-695418,2025,-0.77153,0.57527,1047
pitcher-695445,2025,-0.79729,1.13732,331
pitcher-695505,2025,0.32795,0.84003,341
pitcher-695534,2025,0.42402,0.72158,91
pitcher-695549,2025,-0.15285,0.90748,470
pitcher-696131,2025,0.71083,0.5289,30
pitcher-696136,2025,0.71615,0.91904,80
pitcher-696147,2025,0.95735,0.91297,168
pitcher-696149,2025,1.28908,0.81187,219
pitcher-696270,2025,-1.66396,1.35933,141
pitcher-697812,2025,1.0205,1.37347,76
pitcher-699134,2025,0.88752,1.3621,67
pitcher-699911,2025,-0.38449,1.2166,103
pitcher-700187,2025,-1.04011,1.07077,70
pitcher-700241,2025,-2.1268,0.83607,741
pitcher-700249,2025,-0.38969,0.63656,1034
pitcher-700270,2025,1.14544,0.76111,34
pitcher-700363,2025,-0.3587,0.96327,367
pitcher-700669,2025,1.40922,1.27742,339
pitcher-701121,2025,1.05687,0.58213,98
pitcher-701487,2025,-0.82612,1.37371,259
pitcher-701519,2025,0.46443,0.95575,335
pitcher-701542,2025,1.38764,0.58509,1547
pitcher-701552,2025,-1.29353,0.85567,173
pitcher-701581,2025,-1.47069,0.65806,406
pitcher-701656,2025,1.07591,0.51767,184
pitcher-702056,2025,-2.16129,0.98891,121
pitcher-702070,2025,-0.28219,0.85579,1076
pitcher-702352,2025,0.62737,0.75664,632
pitcher-702674,2025,0.51465,1.0952,311
pitcher-702752,2025,-0.51295,0.40031,17
pitcher-702795,2025,1.2419,0.69796,117
pitcher-800048,2025,0.14734,0.94393,323
pitcher-800049,2025,0.85244,0.57671,234
pitcher-800311,2025,-1.46222,1.25471,152
pitcher-801139,2025,-2.69044,1.46993,139
pitcher-801216,2025,-0.37505,0.34043,29
pitcher-801403,2025,-0.78932,0.58877,913
pitcher-801434,2025,-1.48894,0.70772,75
pitcher-802419,2025,-1.67606,0.94387,100
pitcher-802686,2025,-0.71227,0.47277,23
pitcher-804636,2025,2.14721,1.47766,189
pitcher-805123,2025,-0.33204,0.99619,255
pitcher-805299,2025,0.49251,0.92732,148
pitcher-805427,2025,-1.84363,0.92143,48
pitcher-805673,2025,-0.95903,0.79934,630
pitcher-806185,2025,-1.1445,0.723,599
pitcher-806188,2025,0.7533,0.62968,489
pitcher-806960,2025,-0.93246,0.95864,447
pitcher-808963,2025,-0.23401,0.82355,331
pitcher-808967,2025,-0.7984,0.68647,1422
pitcher-813349,2025,-2.06505,1.4086,151
pitcher-815083,2025,-0.01163,1.34757,193
pitcher-820862,2025,0.20827,0.96056,330
pitcher-829272,2025,-0.33084,1.021,350
