person_key,effect_per_100,se_per_100,extra_strikes,clears_zero,qualified
umpire-427013,-0.98635,0.12739,-446.67739,True,True
umpire-427019,1.16971,0.18732,383.60717,True,True
umpire-427044,0.09862,0.1389,41.80695,False,True
umpire-427053,-0.46706,0.14963,-188.56786,True,True
umpire-427058,0.09267,0.18319,21.15569,False,True
umpire-427081,0.83561,0.17074,172.51232,True,True
umpire-427090,-0.0609,0.18069,-14.28793,False,True
umpire-427093,1.44216,0.14803,598.74044,True,True
umpire-427095,0.72371,0.1704,158.46408,True,True
umpire-427099,1.59934,0.25272,138.35884,True,True
umpire-427103,-1.19009,0.17868,-271.81626,True,True
umpire-427108,-1.69175,0.23534,-236.57381,True,True
umpire-427113,0.38763,0.1339,171.70461,True,True
umpire-427115,-0.00151,0.26484,-0.12928,False,True
umpire-427128,0.73949,0.14403,271.93309,True,True
umpire-427129,0.15748,0.16823,57.78316,False,True
umpire-427139,3.05883,0.15541,1383.75339,True,True
umpire-427144,-0.68311,0.17428,-148.07119,True,True
umpire-427156,0.86848,0.24625,161.31208,True,True
umpire-427164,-0.0473,0.13044,-20.59834,False,True
umpire-427168,0.67066,0.1776,155.64694,True,True
umpire-427184,-0.75718,0.16156,-202.41777,True,True
umpire-427192,1.50889,0.197,257.70356,True,True
umpire-427197,-0.70008,0.14253,-308.96061,True,True
umpire-427206,-0.76823,0.15757,-199.26233,True,True
umpire-427220,0.7934,0.18695,286.67789,True,True
umpire-427224,0.59625,0.18962,148.61497,True,True
umpire-427229,1.09618,0.313,87.72761,True,True
umpire-427235,-0.18824,0.16702,-50.40405,False,True
umpire-427243,0.00739,0.13493,3.4285,False,True
umpire-427248,0.79601,0.15175,343.89287,True,True
umpire-427261,-0.43963,0.25425,-30.69956,False,True
umpire-427269,-0.3788,0.23602,-66.4257,False,True
umpire-427286,0.36961,0.14964,124.65905,True,True
umpire-427292,1.12128,0.16991,389.65578,True,True
umpire-427299,-0.23171,0.21474,-47.36987,False,True
umpire-427315,-1.61624,0.11844,-753.2348,True,True
umpire-427339,-0.37895,0.15189,-128.35406,True,True
umpire-427344,2.41948,0.14497,1143.93003,True,True
umpire-427361,-0.43404,0.21224,-96.05389,True,True
umpire-427362,0.84447,0.13879,311.14512,True,True
umpire-427366,1.14319,0.13725,439.48746,True,True
umpire-427413,-0.00292,0.16322,-1.00278,False,True
umpire-427424,-0.2772,0.16178,-80.72248,False,True
umpire-427454,-0.27098,0.35302,-11.62765,False,True
umpire-427457,-0.84682,0.34988,-71.03103,True,True
umpire-427509,-0.01751,0.15009,-5.01324,False,True
umpire-427520,-0.42969,0.18604,-157.63463,True,True
umpire-427533,-1.65676,0.13432,-694.34854,True,True
umpire-427534,-0.33127,0.15218,-94.04474,True,True
umpire-427537,0.40173,0.15983,159.79149,True,True
umpire-427538,-0.30876,0.18318,-93.61208,False,True
umpire-427545,1.19595,0.35343,49.95494,True,True
umpire-427552,0.16621,0.21974,32.70506,False,True
umpire-427554,1.03454,0.13995,427.66981,True,True
umpire-428442,-0.92672,0.14125,-410.24921,True,True
umpire-429805,-0.80299,0.12757,-347.35832,True,True
umpire-431232,0.00845,0.12977,3.77974,False,True
umpire-482608,-0.75914,0.14636,-250.98534,True,True
umpire-482620,0.08114,0.1505,32.3998,False,True
umpire-482631,1.37089,0.14659,592.99027,True,True
umpire-482641,-0.72255,0.13739,-329.18562,True,True
umpire-482663,-0.40434,0.13449,-181.6072,True,True
umpire-482666,-0.0915,0.12087,-40.63207,False,True
umpire-483561,1.8458,0.16598,838.95452,True,True
umpire-483564,-0.26074,0.14526,-121.78285,False,True
umpire-483569,0.9481,0.14447,433.61165,True,True
umpire-483630,0.20649,0.13986,89.19783,False,True
umpire-483912,0.13974,0.13112,62.48026,False,True
umpire-483919,0.63088,0.13658,281.1205,True,True
umpire-484183,0.23054,0.13833,97.35501,False,True
umpire-484198,-0.65655,0.12941,-294.36907,True,True
umpire-484499,-0.13236,0.1549,-57.93511,False,True
umpire-485856,-1.37396,0.27742,-55.53529,True,True
umpire-486200,-0.56773,0.28562,-17.90629,False,True
umpire-489942,0.18811,0.24874,13.43266,False,True
umpire-489954,-0.42267,0.28469,-47.09342,False,True
umpire-489985,-0.0573,0.1575,-20.51406,False,True
umpire-490319,-0.22486,0.14737,-103.2535,False,True
umpire-503077,0.84081,0.13635,394.14687,True,True
umpire-503470,-0.18528,0.15913,-0.29088,False,False
umpire-503490,0.35117,0.12376,147.00235,True,True
umpire-503493,-0.24031,0.12053,-92.58902,False,True
umpire-503502,0.01863,0.13401,8.45579,False,True
umpire-503586,0.46348,0.15196,208.00967,True,True
umpire-504381,0.64012,0.11942,267.64016,True,True
umpire-511890,0.28287,0.16323,118.71536,False,True
umpire-521051,1.41258,0.15896,415.19991,True,True
umpire-521251,0.33474,0.12106,132.05094,True,True
umpire-521889,0.2595,0.13586,103.36007,False,True
umpire-524988,-1.81632,0.21551,-242.55111,True,True
umpire-544563,-0.32436,0.36547,-2.52025,False,False
umpire-544728,-0.4573,0.1441,-183.65262,True,True
umpire-545402,-0.12723,0.23201,-17.76826,False,True
umpire-547380,-1.36776,0.1248,-590.74724,True,True
umpire-554242,-1.33166,0.15619,-355.54042,True,True
umpire-573596,-0.74781,0.15658,-271.65668,True,True
umpire-573597,0.68933,0.12714,321.83359,True,True
umpire-573769,0.85614,0.20403,127.78686,True,True
umpire-575629,-0.93485,0.17026,-211.82774,True,True
umpire-577468,0.51286,0.16584,155.02114,True,True
umpire-594151,0.60168,0.15596,221.75049,True,True
umpire-596740,-0.28892,0.13731,-95.28183,True,True
umpire-596805,-0.90068,0.13239,-280.11206,True,True
umpire-596809,-0.08521,0.14134,-25.59891,False,True
umpire-598411,0.16722,0.17394,36.54968,False,True
umpire-605670,0.4836,0.18589,100.26564,True,True
umpire-605671,-0.42964,0.22618,-72.60919,False,True
umpire-605672,0.45222,0.13275,135.78704,True,True
umpire-605673,0.20851,0.16323,41.46592,False,True
umpire-605674,-0.17085,0.18774,-37.76225,False,True
umpire-607884,0.01489,0.24665,1.75961,False,True
umpire-607886,-0.2992,0.26555,-1.77129,False,False
umpire-608093,0.20033,0.22982,40.15982,False,True
umpire-608158,-0.80605,0.20225,-131.50689,True,True
umpire-621660,0.65143,0.24397,84.46461,True,True
umpire-622329,0.6716,0.45362,10.14795,False,False
umpire-623938,0.14333,0.20863,28.94034,False,True
umpire-623945,0.06143,0.20523,7.21509,False,True
umpire-623946,0.14669,0.2403,27.20003,False,True
umpire-623949,-0.84114,0.19464,-153.81038,True,True
umpire-639723,-0.85627,0.18391,-161.44174,True,True
umpire-644661,-0.12468,0.27654,-1.31041,False,False
umpire-644760,-0.0882,0.19779,-19.18425,False,True
umpire-658082,-0.37098,0.32699,-22.53361,False,True
umpire-658292,-1.34721,0.20574,-142.26489,True,True
umpire-658325,-0.48476,0.35467,-3.69868,False,False
umpire-658536,-0.4074,0.27933,-20.98943,False,True
umpire-664263,-0.12656,0.2824,-11.81942,False,True
umpire-664265,0.03678,0.31201,2.01607,False,True
umpire-665281,0.92214,0.29547,107.75157,True,True
umpire-665297,-0.51868,0.25213,-54.63288,True,True
umpire-665298,-0.07501,0.10454,-0.40056,False,False
umpire-665576,-0.88397,0.20843,-76.25113,True,True
umpire-668921,-0.04982,0.16452,-0.4255,False,False
umpire-676580,-0.20305,0.1731,-1.1635,False,False
umpire-676581,-1.66999,0.3209,-69.67195,True,True
umpire-691042,-1.28245,0.4349,-28.79104,True,True
catcher-150229,-0.64689,0.24064,-77.64637,True,True
catcher-408042,-0.09758,0.08511,-0.03805,False,False
catcher-408045,-0.0,0.00021,-0.0,False,False
catcher-408242,-0.05187,0.17855,-0.15249,False,False
catcher-424325,0.94692,0.26578,65.04379,True,True
catcher-425772,1.53845,0.16441,310.07418,True,True
catcher-425784,0.78673,0.19513,149.20417,True,True
catcher-425877,0.93515,0.1113,572.76029,True,True
catcher-425900,-1.54521,0.27168,-136.47258,True,True
catcher-430910,-0.21952,0.29721,-14.12845,False,True
catcher-431145,0.96941,0.13862,300.37297,True,True
catcher-434563,-1.3718,0.20826,-181.92758,True,True
catcher-434567,0.01713,0.29603,1.06972,False,True
catcher-435064,0.8421,0.19106,106.64363,True,True
catcher-435263,0.61429,0.15642,192.72633,True,True
catcher-435559,-0.25477,0.13297,-109.00164,False,True
catcher-444489,0.52289,0.19087,115.67467,True,True
catcher-446192,-0.70584,0.2514,-5.05384,True,False
catcher-446225,-0.05732,0.09324,-0.05846,False,False
catcher-446308,-0.81091,0.15336,-235.73954,True,True
catcher-446653,0.37823,0.26715,37.13797,False,True
catcher-446868,0.13961,0.09414,0.18708,False,False
catcher-449786,0.78155,0.23265,20.28109,True,True
catcher-450317,-0.53292,0.32769,-6.81607,False,False
catcher-451109,-1.12481,0.29531,-8.05364,True,False
catcher-451705,0.09445,0.25952,0.67812,False,False
catcher-452095,2.55645,0.16088,807.76172,True,True
catcher-452672,-0.99246,0.34215,-84.68687,True,True
catcher-454560,-1.2122,0.20876,-160.75048,True,True
catcher-455104,0.24268,0.15829,65.60938,False,True
catcher-455117,0.59638,0.10689,411.78878,True,True
catcher-455139,-0.84333,0.14374,-323.89854,True,True
catcher-455755,0.80204,0.29059,64.54813,True,True
catcher-456078,-0.29049,0.14982,-80.37314,False,True
catcher-456124,0.81246,0.22187,64.29007,True,True
catcher-457454,-1.1087,0.25688,-91.47875,True,True
catcher-457574,-0.2232,0.29321,-2.40159,False,False
catcher-457762,-0.55981,0.42208,-0.80613,False,False
catcher-457763,1.29852,0.13124,553.08012,True,True
catcher-460003,0.28082,0.19295,0.68519,False,False
catcher-460026,-0.82542,0.16348,-209.71335,True,True
catcher-460077,-0.67687,0.18086,-103.33781,True,True
catcher-460269,-0.11757,0.2413,-12.72252,False,True
catcher-461865,-0.00962,0.00922,-0.00048,False,False
catcher-465041,0.95387,0.15288,291.67414,True,True
catcher-467092,0.21394,0.13656,87.969,False,True
catcher-471083,1.39087,0.21784,204.38836,True,True
catcher-473724,-0.34326,0.20901,-2.64996,False,False
catcher-474233,0.63636,0.26447,44.46259,True,True
catcher-476192,-0.40297,0.25971,-2.42989,False,False
catcher-488671,-0.48563,0.17568,-108.9756,True,True
catcher-488771,0.83674,0.15145,291.26944,True,True
catcher-488810,-0.16361,0.35762,-4.76755,False,True
catcher-488912,-0.08018,0.25429,-4.15418,False,True
catcher-489232,-1.45406,0.27624,-53.01513,True,True
catcher-489365,0.38409,0.297,14.37661,False,True
catcher-491696,0.45686,0.19389,58.88531,True,True
catcher-492802,0.47171,0.32581,13.29272,False,True
catcher-500207,0.17101,0.18128,0.71482,False,False
catcher-500871,-0.02323,0.02524,-0.00116,False,False
catcher-501647,0.14332,0.10866,0.17198,False,False
catcher-502023,0.00645,0.07648,0.00381,False,False
catcher-502182,-0.72216,0.31715,-13.37436,True,False
catcher-502213,-0.14766,0.20063,-0.55374,False,False
catcher-502374,0.36551,0.26293,7.86207,False,True
catcher-502570,0.05033,0.25629,0.29695,False,False
catcher-506702,0.51362,0.14168,154.91319,True,True
catcher-506747,-0.44514,0.29456,-17.55617,False,True
catcher-506997,0.18169,0.12201,0.25073,False,False
catcher-516472,-0.65616,0.29511,-13.20849,True,True
catcher-516949,-1.65015,0.36461,-50.8907,True,True
catcher-518542,-1.78199,0.2552,-111.39228,True,True
catcher-518595,0.87488,0.12456,431.13365,True,True
catcher-518700,-0.26492,0.30207,-11.43672,False,True
catcher-518735,1.85753,0.10032,1165.13718,True,True
catcher-518960,-0.55786,0.14198,-206.4916,True,True
catcher-519023,-0.95239,0.24982,-83.72438,True,True
catcher-519083,1.09644,0.17899,231.07462,True,True
catcher-519222,0.49074,0.15159,118.78417,True,True
catcher-519237,-0.69315,0.19729,-131.78248,True,True
catcher-519390,-0.17596,0.14048,-52.27898,False,True
catcher-519425,-0.02698,0.10412,-0.0545,False,False
catcher-521692,-0.72781,0.0977,-508.57784,True,True
catcher-541608,-2.2341,0.30372,-81.9915,True,True
catcher-542194,-0.00065,0.18416,-0.12094,False,True
catcher-542208,-0.3332,0.21832,-51.37343,False,True
catcher-542513,-1.45936,0.48291,-11.93757,True,False
catcher-542908,0.00192,0.22796,0.178,False,True
catcher-542942,-1.55416,0.39381,-12.13799,True,False
catcher-542963,-0.84497,0.35682,-15.69961,True,False
catcher-543089,0.59664,0.19225,3.62163,True,False
catcher-543148,-0.12017,0.28398,-4.11569,False,True
catcher-543228,-0.05832,0.11585,-31.06457,False,True
catcher-543302,-0.74895,0.224,-75.80828,True,True
catcher-543308,-0.1726,0.23744,-13.75603,False,True
catcher-543309,1.38008,0.15287,391.80611,True,True
catcher-543362,-0.22572,0.16831,-0.3273,False,False
catcher-543376,0.72552,0.18009,163.06695,True,True
catcher-543432,-0.36069,0.29225,-12.18426,False,True
catcher-543510,-0.19783,0.11973,-120.93399,False,True
catcher-543592,0.13549,0.20797,23.58479,False,True
catcher-543877,1.32479,0.1022,795.13693,True,True
catcher-545358,1.61149,0.16806,378.16857,True,True
catcher-547172,0.55561,0.20204,128.33927,True,True
catcher-547379,1.32448,0.13335,416.33822,True,True
catcher-553869,-0.55644,0.12285,-267.13949,True,True
catcher-553882,0.12278,0.13472,51.57211,False,True
catcher-553902,0.2199,0.2238,6.70708,False,True
catcher-554054,-0.27347,0.1727,-0.53873,False,False
catcher-571466,0.13304,0.11802,75.45937,False,True
catcher-571467,0.2921,0.2952,1.42543,False,False
catcher-571657,-0.2275,0.26743,-1.71763,False,False
catcher-571679,0.40727,0.30757,9.99031,False,True
catcher-571851,-0.34115,0.29219,-10.23109,False,True
catcher-571912,0.34173,0.1597,90.10374,True,True
catcher-571974,1.21216,0.20447,142.22237,True,True
catcher-572000,-0.43255,0.27087,-1.28467,False,False
catcher-572033,-0.4325,0.17383,-78.30009,True,True
catcher-572180,-0.02698,0.26998,-0.90996,False,True
catcher-572287,1.09639,0.13642,486.05133,True,True
catcher-572863,-0.34765,0.24251,-35.29371,False,True
catcher-575929,-0.5203,0.12187,-277.14425,True,True
catcher-576788,-0.28416,0.21146,-0.46887,False,False
catcher-591712,-0.07681,0.2766,-0.70743,False,False
catcher-592200,0.45941,0.14808,124.97814,True,True
catcher-592407,-0.91633,0.27019,-103.42621,True,True
catcher-592592,-1.16323,0.38748,-24.04398,True,True
catcher-592663,0.10729,0.09496,97.33875,False,True
catcher-592774,-0.05493,0.11647,-0.02142,False,False
catcher-593590,0.335,0.22138,4.71684,False,False
catcher-593993,0.23589,0.32322,6.13315,False,True
catcher-594828,0.33266,0.25198,24.10474,False,True
catcher-595284,-0.44201,0.18612,-66.04045,True,True
catcher-595453,0.39327,0.21897,33.10115,False,True
catcher-595751,0.35567,0.17421,103.10165,True,True
catcher-595956,1.24323,0.21746,157.96432,True,True
catcher-595978,2.04584,0.1099,1021.97893,True,True
catcher-596117,-0.35205,0.23334,-33.38807,False,True
catcher-596119,-0.52054,0.24442,-44.22022,True,True
catcher-596142,0.3148,0.10715,142.71439,True,True
catcher-600466,-0.57402,0.31169,-1.66465,False,False
catcher-600474,-0.23467,0.17278,-52.33908,False,True
catcher-602080,-0.26316,0.13527,-0.44474,False,False
catcher-605131,1.62228,0.14492,445.558,True,True
catcher-605170,0.49334,0.14534,160.3461,True,True
catcher-605244,0.93101,0.23759,55.656,True,True
catcher-605357,-0.24817,0.22232,-1.97294,False,False
catcher-605421,-0.1313,0.16281,-15.05491,False,True
catcher-606213,0.10237,0.06427,0.02457,False,False
catcher-606988,0.20846,0.19765,20.54121,False,True
catcher-606992,-0.36752,0.1753,-62.76842,True,True
catcher-607257,0.20218,0.30743,6.97127,False,True
catcher-607333,0.36857,0.27038,4.45968,False,False
catcher-607345,-0.29012,0.21229,-45.84831,False,True
catcher-607732,0.60818,0.12655,216.81785,True,True
catcher-608348,0.04759,0.12737,18.44565,False,True
catcher-608360,-0.04411,0.18056,-0.16057,False,False
catcher-608422,0.09478,0.32167,1.1753,False,False
catcher-608596,0.10784,0.19255,19.50025,False,True
catcher-608700,0.64878,0.17397,164.00474,True,True
catcher-620443,-0.7696,0.19557,-131.43181,True,True
catcher-620453,-0.38557,0.25187,-0.74029,False,False
catcher-621493,-0.12169,0.13118,-0.02799,False,False
catcher-621512,1.34557,0.18062,256.04777,True,True
catcher-621529,-0.22333,0.24114,-1.89159,False,False
catcher-621532,0.87718,0.23213,40.28015,True,True
catcher-622194,-0.26011,0.31611,-19.4275,False,True
catcher-623143,-0.89182,0.27589,-35.744,True,True
catcher-623168,0.68524,0.22415,64.44662,True,True
catcher-624407,0.01298,0.01203,0.00117,False,False
catcher-624419,-0.23651,0.2236,-2.69148,False,False
catcher-624431,1.70733,0.17081,532.41517,True,True
catcher-624512,1.00928,0.14782,229.561,True,True
catcher-624513,0.76352,0.20978,52.64475,True,True
catcher-640459,0.23698,0.17637,1.04508,False,False
catcher-640902,-0.54393,0.29449,-13.93001,False,True
catcher-641470,-0.98718,0.22884,-58.84575,True,True
catcher-641511,1.04657,0.17735,84.31185,True,True
catcher-641555,0.87635,0.2883,15.30111,True,False
catcher-641598,-0.17214,0.15422,-41.30926,False,True
catcher-641680,0.64964,0.13555,232.12244,True,True
catcher-641924,0.2836,0.35273,5.60116,False,False
catcher-641929,-0.03719,0.31913,-0.41389,False,False
catcher-642020,0.45277,0.23995,14.98657,False,True
catcher-642082,-1.11276,0.2212,-109.30624,True,True
catcher-642136,-0.60623,0.20494,-72.09238,True,True
catcher-642156,-0.70956,0.24223,-11.58004,True,False
catcher-642165,-0.08878,0.07783,-0.02131,False,False
catcher-642336,-0.03566,0.17132,-6.29162,False,True
catcher-642851,-0.2112,0.19731,-35.34472,False,True
catcher-643348,0.45366,0.1852,2.18211,True,False
catcher-643376,0.22363,0.125,81.73087,False,True
catcher-643396,-2.07409,0.27472,-105.05245,True,True
catcher-644433,0.77357,0.2906,28.8773,True,True
catcher-645305,0.42918,0.2178,12.47185,False,True
catcher-645444,-0.85562,0.20213,-104.96786,True,True
catcher-650619,0.11916,0.27917,6.9842,False,True
catcher-650907,0.64386,0.24318,30.0039,True,True
catcher-650968,-0.36886,0.32821,-9.84108,False,True
catcher-656024,-0.52817,0.25101,-7.30463,True,False
catcher-656180,-1.64014,0.16855,-264.48887,True,True
catcher-656494,-0.00525,0.00502,-0.00052,False,False
catcher-656577,0.65139,0.23343,55.62222,True,True
catcher-656627,-0.03082,0.23012,-0.15626,False,False
catcher-656883,0.2919,0.16587,0.91072,False,False
catcher-656941,0.20019,0.34431,2.55245,False,False
catcher-657136,-0.46961,0.15269,-93.16981,True,True
catcher-657247,-0.37179,0.24307,-1.36818,False,False
catcher-657709,0.16309,0.20991,3.76078,False,True
catcher-660688,-0.59977,0.15039,-186.85251,True,True
catcher-661388,0.21194,0.13325,70.88936,False,True
catcher-661531,0.98523,0.26661,58.28598,True,True
catcher-662139,-0.18716,0.2871,-8.85651,False,True
catcher-663584,-0.08092,0.24809,-1.39828,False,False
catcher-663698,-0.20005,0.1886,-40.16635,False,True
catcher-663728,1.16439,0.14066,402.01583,True,True
catcher-663743,0.40253,0.16289,91.23004,True,True
catcher-663886,-0.13704,0.18311,-37.6014,False,True
catcher-663967,0.64437,0.30317,7.73243,True,False
catcher-664119,0.5626,0.2791,11.82589,True,True
catcher-664731,0.01358,0.22279,0.32436,False,True
catcher-664848,-0.10626,0.10917,-0.0085,False,False
catcher-664850,0.49574,0.30912,13.7072,False,True
catcher-664874,1.50309,0.18388,168.73653,True,True
catcher-664926,-0.22407,0.4061,-2.93526,False,False
catcher-664954,-0.85048,0.25535,-19.55247,True,True
catcher-665066,0.02255,0.02329,0.00519,False,False
catcher-665154,0.01271,0.01423,0.00114,False,False
catcher-665561,-0.24191,0.22713,-10.54227,False,True
catcher-665804,-0.05643,0.18761,-6.51891,False,True
catcher-665856,-0.05731,0.05388,-0.0063,False,False
catcher-665861,-0.2093,0.37248,-4.95419,False,True
catcher-665966,-0.24334,0.24819,-19.12906,False,True
catcher-666023,-0.09399,0.17059,-15.33095,False,True
catcher-666128,0.01813,0.01748,0.01995,False,False
catcher-666163,0.86069,0.18804,109.91039,True,True
catcher-666165,0.12619,0.29331,5.29514,False,True
catcher-666310,0.30736,0.19411,60.12323,False,True
catcher-667428,0.02608,0.06011,0.03051,False,False
catcher-667674,0.05062,0.05095,0.00557,False,False
catcher-667690,-0.29036,0.25312,-0.2439,False,False
catcher-668663,0.58083,0.28019,19.45198,True,True
catcher-668670,0.74817,0.1775,151.87899,True,True
catcher-668721,0.5362,0.21544,5.86608,True,False
catcher-668800,-0.48966,0.20252,-95.08766,True,True
catcher-668832,-0.18367,0.31149,-4.78271,False,True
catcher-668939,0.76761,0.15408,195.95575,True,True
catcher-668974,-0.05362,0.20127,-0.53998,False,False
catcher-669004,-1.4613,0.25177,-81.52589,True,True
catcher-669087,-0.00579,0.28166,-0.24306,False,True
catcher-669127,-0.71279,0.13886,-198.81203,True,True
catcher-669134,-0.15738,0.25222,-14.8169,False,True
catcher-669221,0.67115,0.13279,245.56587,True,True
catcher-669224,0.80071,0.17012,136.01673,True,True
catcher-669257,0.20289,0.13599,88.73307,False,True
catcher-669450,-1.2429,0.3071,-12.54088,True,False
catcher-671056,0.07198,0.2411,4.14814,False,True
catcher-672275,1.91994,0.18375,430.54619,True,True
catcher-672386,0.99763,0.14871,288.05685,True,True
catcher-672515,-0.1023,0.16212,-19.44431,False,True
catcher-672832,0.00326,0.23731,0.00955,False,False
catcher-673237,-0.30915,0.16499,-58.98225,False,True
catcher-676439,-0.04641,0.23274,-0.93712,False,True
catcher-677943,-0.00817,0.12961,-0.01863,False,False
catcher-678011,-0.09452,0.08719,-0.01701,False,False
catcher-680418,0.02518,0.17592,0.04709,False,False
catcher-680728,0.36606,0.26513,6.07655,False,False
catcher-680777,0.11965,0.13652,31.82442,False,True
catcher-680779,-0.5615,0.2125,-41.35993,True,True
catcher-680862,-0.97749,0.25773,-20.76183,True,True
catcher-681351,-0.76823,0.1886,-156.57351,True,True
catcher-681508,-0.95805,0.30134,-11.02712,True,False
catcher-681526,-0.06503,0.09331,-0.2042,False,False
catcher-681807,-0.3321,0.38788,-6.66199,False,True
catcher-682515,0.14801,0.23006,1.27728,False,False
catcher-682626,0.46591,0.1847,87.94932,True,True
catcher-682663,-0.54373,0.25989,-27.21368,True,True
catcher-682848,0.27149,0.2847,10.70204,False,True
catcher-686452,-0.21132,0.23752,-6.17262,False,True
catcher-686482,0.58588,0.30857,3.78476,False,False
catcher-686676,-0.33244,0.20056,-34.98624,False,True
catcher-686780,-0.06684,0.21316,-7.62672,False,True
catcher-686948,-0.79033,0.20154,-48.16254,True,True
catcher-687221,-0.64228,0.2509,-16.33964,True,True
catcher-689414,-0.63091,0.25086,-23.21107,True,True
catcher-690924,-1.2079,0.34905,-26.4289,True,True
catcher-691011,0.11847,0.3461,1.13259,False,False
catcher-691016,-0.52675,0.26838,-6.02607,False,False
catcher-691019,-0.63321,0.29086,-27.93703,True,True
catcher-693307,-0.16847,0.2497,-16.56728,False,True
catcher-694208,0.03857,0.03441,0.0135,False,False
catcher-694212,-0.59425,0.22264,-8.28385,True,False
catcher-695600,-0.01035,0.18043,-0.05446,False,False
catcher-695670,-0.20122,0.12418,-0.22939,False,False
catcher-696100,-0.77561,0.22126,-64.76308,True,True
catcher-699625,-0.41794,0.22004,-3.62353,False,False
catcher-700250,-0.53588,0.31514,-10.56225,False,False
catcher-700337,-2.00133,0.27602,-96.204,True,True
catcher-804668,-0.12757,0.11091,-0.09695,False,False
pitcher-112526,0.97125,0.35031,50.47577,True,True
pitcher-115629,0.44779,0.15309,1.14186,True,False
pitcher-136600,-0.01751,0.01934,-0.00998,False,False
pitcher-150116,0.12112,0.17819,0.38395,False,False
pitcher-150274,0.04588,0.06273,0.02983,False,False
pitcher-150302,0.09283,0.18307,0.36576,False,False
pitcher-150359,1.45037,0.39383,18.72426,True,False
pitcher-217096,-0.02331,0.07102,-0.02167,False,False
pitcher-218596,0.53855,0.27139,4.97618,False,False
pitcher-234194,-0.09413,0.08033,-0.05365,False,False
pitcher-276351,-0.29029,0.28586,-3.55605,False,False
pitcher-276514,0.14941,0.14185,0.15538,False,False
pitcher-276520,0.17064,0.23869,0.98461,False,False
pitcher-276542,-0.00418,0.27654,-0.05214,False,False
pitcher-279571,0.72747,0.27413,9.22434,True,False
pitcher-279824,0.62081,0.28698,8.71615,True,False
pitcher-282332,0.73488,0.2358,46.06937,True,True
pitcher-285064,1.07327,0.29756,22.0557,True,True
pitcher-285079,0.02843,0.37144,1.24713,False,True
pitcher-329092,0.12415,0.15598,0.26071,False,False
pitcher-346793,-0.06405,0.20512,-0.19407,False,False
pitcher-346797,0.0419,0.05446,0.01969,False,False
pitcher-346798,1.33762,0.29274,18.94067,True,False
pitcher-346847,0.58875,0.2321,1.98409,True,False
pitcher-400085,-0.08408,0.08944,-0.00504,False,False
pitcher-400089,-0.06604,0.14714,-0.02972,False,False
pitcher-405395,0.06048,0.06408,0.00847,False,False
pitcher-407793,-0.24713,0.27714,-10.3795,False,True
pitcher-407819,0.17708,0.18658,0.72781,False,False
pitcher-407822,-0.47073,0.31196,-14.95029,False,True
pitcher-407845,-0.14627,0.27135,-4.09126,False,True
pitcher-407890,0.4845,0.3111,12.07363,False,True
pitcher-407908,-0.16326,0.22037,-0.7412,False,False
pitcher-408061,1.135,0.2806,12.33746,True,False
pitcher-408241,0.42364,0.29184,7.8162,False,False
pitcher-408314,-0.00414,0.0048,-0.00104,False,False
pitcher-421685,0.34556,0.24339,4.84475,False,False
pitcher-424144,-0.1772,0.28799,-3.27821,False,False
pitcher-424325,0.0431,0.0377,0.00259,False,False
pitcher-425386,0.07572,0.17934,0.98515,False,False
pitcher-425426,0.08668,0.20835,0.35364,False,False
pitcher-425492,-0.26335,0.262,-4.40059,False,False
pitcher-425532,0.87834,0.27306,9.63544,True,False
pitcher-425543,-0.0019,0.00199,-0.00019,False,False
pitcher-425560,-0.01451,0.01448,-0.00116,False,False
pitcher-425626,0.19667,0.2818,1.11317,False,False
pitcher-425657,0.74718,0.2455,3.8629,True,False
pitcher-425772,0.04758,0.03578,0.01047,False,False
pitcher-425786,0.30309,0.16862,0.50615,False,False
pitcher-425794,-0.07687,0.22677,-7.50089,False,True
pitcher-425796,0.11445,0.1083,0.03434,False,False
pitcher-425835,0.22225,0.18787,0.18447,False,False
pitcher-425840,-0.01787,0.2759,-0.09509,False,False
pitcher-425844,1.20057,0.23025,141.22309,True,True
pitcher-425856,0.25077,0.15063,0.85261,False,False
pitcher-425877,0.0903,0.08356,0.01716,False,False
pitcher-429400,-0.30722,0.27352,-0.87251,False,False
pitcher-429717,0.76658,0.30602,11.70569,True,False
pitcher-429719,-0.21002,0.32519,-6.68904,False,True
pitcher-429722,-0.13727,0.28965,-6.37738,False,True
pitcher-429780,0.03599,0.16938,0.10941,False,False
pitcher-429781,0.34915,0.22592,0.73671,False,False
pitcher-429783,0.28257,0.21298,0.8477,False,False
pitcher-430404,0.02919,0.02745,0.0035,False,False
pitcher-430580,-0.84316,0.26186,-17.77377,True,True
pitcher-430589,-0.25909,0.20893,-1.8706,False,False
pitcher-430599,0.50055,0.25775,7.56331,False,False
pitcher-430605,-0.00624,0.00709,-0.00094,False,False
pitcher-430613,-0.14039,0.13735,-0.10669,False,False
pitcher-430630,0.26508,0.20597,0.71838,False,False
pitcher-430634,-0.09376,0.1246,-0.04688,False,False
pitcher-430641,-0.36248,0.28283,-5.34664,False,False
pitcher-430661,-0.45077,0.27611,-5.68426,False,False
pitcher-430911,0.28244,0.15562,0.62703,False,False
pitcher-430912,0.06718,0.25814,1.6492,False,True
pitcher-430935,0.50562,0.23072,35.44898,True,True
pitcher-430947,0.05352,0.04467,0.00428,False,False
pitcher-431145,-0.05078,0.04376,-0.00965,False,False
pitcher-431148,0.34216,0.34446,9.48461,False,True
pitcher-431162,0.18633,0.17802,0.39875,False,False
pitcher-432934,0.44396,0.28205,9.45639,False,True
pitcher-433217,-0.00319,0.00339,-0.0001,False,False
pitcher-433579,0.25469,0.34426,4.13357,False,False
pitcher-433584,0.75886,0.24064,5.85083,True,False
pitcher-433585,0.30795,0.14172,0.64978,True,False
pitcher-433586,1.18212,0.28238,20.98255,True,False
pitcher-433587,0.87513,0.22645,46.74072,True,True
pitcher-433589,2.13575,0.30024,74.23868,True,True
pitcher-434137,0.1898,0.12474,0.33595,False,False
pitcher-434378,0.67831,0.20231,82.10304,True,True
pitcher-434442,0.67114,0.26047,6.61077,True,False
pitcher-434538,0.44216,0.25588,25.5566,False,True
pitcher-434540,0.02814,0.02808,0.0031,False,False
pitcher-434563,0.07945,0.07326,0.01669,False,False
pitcher-434622,0.20418,0.29248,8.9859,False,True
pitcher-434628,0.07444,0.27227,3.80478,False,True
pitcher-434643,0.80005,0.22733,6.90445,True,False
pitcher-434665,0.09268,0.15404,0.17239,False,False
pitcher-434671,-0.41693,0.27598,-29.8606,False,True
pitcher-434672,0.8872,0.28903,6.83142,True,False
pitcher-434678,-0.00067,0.00437,-0.00015,False,False
pitcher-434718,0.84501,0.22792,6.04181,True,False
pitcher-434778,-0.04676,0.03252,-0.00982,False,False
pitcher-435043,-0.53174,0.30637,-10.00199,False,False
pitcher-435044,0.17951,0.13215,0.16514,False,False
pitcher-435045,-0.23942,0.1026,-0.28731,True,False
pitcher-435079,0.00196,0.00313,0.00031,False,False
pitcher-435221,-0.25228,0.30687,-4.79577,False,False
pitcher-435400,0.32579,0.30154,2.96144,False,False
pitcher-435522,0.02277,0.02342,0.00205,False,False
pitcher-435622,0.00127,0.00169,9e-05,False,False
pitcher-444436,0.36394,0.22343,1.75784,False,False
pitcher-444446,-0.09594,0.14326,-0.14199,False,False
pitcher-444468,0.93699,0.28323,24.19309,True,True
pitcher-444482,0.01492,0.01385,0.00194,False,False
pitcher-444520,0.29068,0.26276,2.6161,False,False
pitcher-444836,0.01817,0.0221,0.0109,False,False
pitcher-444857,0.17587,0.3554,4.58853,False,True
pitcher-444876,0.10329,0.0935,0.01446,False,False
pitcher-444935,-0.38891,0.15165,-0.81283,True,False
pitcher-445055,0.00678,0.0073,0.00047,False,False
pitcher-445060,0.56653,0.31491,19.65858,False,True
pitcher-445163,0.42685,0.22203,1.28482,False,False
pitcher-445170,0.14437,0.13128,0.19923,False,False
pitcher-445197,-0.56717,0.28933,-9.1825,False,False
pitcher-445213,1.19307,0.30759,29.63591,True,True
pitcher-445276,0.03994,0.25518,1.79855,False,True
pitcher-445590,0.48486,0.29639,1.82309,False,False
pitcher-445612,-0.4292,0.18626,-1.25754,True,False
pitcher-445926,2.10848,0.28901,141.94314,True,True
pitcher-445968,-0.24224,0.2203,-0.6928,False,False
pitcher-446099,0.20752,0.25836,4.03415,False,False
pitcher-446185,-0.17243,0.1224,-0.11035,False,False
pitcher-446321,-0.51922,0.29648,-12.94936,False,True
pitcher-446372,0.68804,0.2118,60.10722,True,True
pitcher-446381,0.03538,0.03377,0.00248,False,False
pitcher-446386,-0.00146,0.00165,-6e-05,False,False
pitcher-446399,-0.21515,0.28651,-2.93901,False,False
pitcher-446481,0.01625,0.01278,0.00081,False,False
pitcher-446899,1.54701,0.28679,28.31033,True,False
pitcher-447714,-0.37843,0.30141,-2.33116,False,False
pitcher-447755,-0.04538,0.23338,-0.15021,False,False
pitcher-448159,-0.22305,0.12993,-0.55093,False,False
pitcher-448167,-0.03069,0.10182,-0.0224,False,False
pitcher-448178,0.44923,0.23513,5.35935,False,False
pitcher-448179,-0.6333,0.23699,-52.20258,True,True
pitcher-448281,0.79099,0.27449,14.47519,True,False
pitcher-448306,0.05137,0.25777,3.10328,False,True
pitcher-448602,0.06807,0.06699,0.00953,False,False
pitcher-448609,1.09006,0.26836,17.46281,True,False
pitcher-448614,-0.32237,0.2727,-5.67379,False,False
pitcher-448801,0.02467,0.02326,0.00173,False,False
pitcher-448802,-0.7,0.29712,-28.55318,True,True
pitcher-448855,0.06895,0.26188,2.89862,False,True
pitcher-449079,-0.16989,0.18048,-0.11213,False,False
pitcher-449097,0.34279,0.31673,2.22125,False,False
pitcher-449104,0.16876,0.15018,0.5164,False,False
pitcher-449170,-0.24668,0.12087,-0.24668,True,False
pitcher-449173,0.4569,0.25703,2.47183,False,False
pitcher-450172,-0.01007,0.29863,-0.44129,False,True
pitcher-450203,-0.3358,0.21082,-43.68147,False,True
pitcher-450212,0.53528,0.28998,7.83117,False,False
pitcher-450275,0.79021,0.23573,6.76421,True,False
pitcher-450282,-0.04296,0.21415,-0.18687,False,False
pitcher-450306,0.22092,0.26792,9.32934,False,True
pitcher-450308,0.16679,0.31075,5.20538,False,True
pitcher-450314,-0.04886,0.05034,-0.00537,False,False
pitcher-450351,0.20667,0.24358,2.3147,False,False
pitcher-450665,-0.20474,0.26815,-1.6543,False,False
pitcher-450729,0.45764,0.33506,18.46124,False,True
pitcher-451085,0.01156,0.23878,0.05872,False,False
pitcher-451532,0.02257,0.12495,0.06591,False,False
pitcher-451584,0.57194,0.26063,16.09452,True,True
pitcher-451596,0.73132,0.26658,37.34106,True,True
pitcher-451661,0.11498,0.26662,1.50502,False,False
pitcher-451775,0.05862,0.20863,0.45841,False,False
pitcher-451783,-0.09837,0.22315,-0.07476,False,False
pitcher-451788,0.25628,0.20554,0.76114,False,False
pitcher-452027,0.03067,0.2757,0.2193,False,False
pitcher-452061,0.13593,0.06769,0.08292,True,False
pitcher-452657,2.09703,0.22909,206.57828,True,True
pitcher-452666,-0.29653,0.26718,-3.46942,False,False
pitcher-452678,0.06792,0.06025,0.00611,False,False
pitcher-452718,0.44139,0.30192,5.34087,False,False
pitcher-452733,-0.42516,0.22266,-1.7049,False,False
pitcher-453156,-0.14979,0.17214,-0.43889,False,False
pitcher-453172,-0.57423,0.28246,-14.69445,True,True
pitcher-453178,0.34573,0.23453,24.99259,False,True
pitcher-453192,-0.04145,0.31218,-1.18758,False,True
pitcher-453203,0.01852,0.0183,0.00167,False,False
pitcher-453214,0.35324,0.32943,9.61179,False,True
pitcher-453222,0.2194,0.20016,0.66917,False,False
pitcher-453249,0.08504,0.2616,0.56807,False,False
pitcher-453264,0.01482,0.08844,0.00533,False,False
pitcher-453265,-0.01489,0.28373,-0.42036,False,True
pitcher-453268,0.40555,0.3046,7.64057,False,False
pitcher-453281,0.46212,0.33891,18.00435,False,True
pitcher-453284,0.95584,0.27259,21.85041,True,True
pitcher-453286,0.54348,0.21764,67.5602,True,True
pitcher-453307,0.01002,0.11413,0.00952,False,False
pitcher-453311,-0.04006,0.18335,-0.43026,False,False
pitcher-453329,0.06096,0.32719,1.96948,False,True
pitcher-453343,1.03155,0.28708,33.57707,True,True
pitcher-453344,0.7579,0.31938,6.16932,True,False
pitcher-453385,-0.64855,0.26187,-25.28677,True,True
pitcher-453562,-0.57639,0.23832,-50.22109,True,True
pitcher-453646,0.59495,0.27738,6.21132,True,False
pitcher-453895,-0.00902,0.00901,-0.00099,False,False
pitcher-453943,0.04511,0.04746,0.00361,False,False
pitcher-455009,0.07232,0.26659,0.77024,False,False
pitcher-455117,-0.077,0.07981,-0.01309,False,False
pitcher-455119,0.28224,0.27482,7.31561,False,True
pitcher-455374,0.30972,0.23986,3.55245,False,False
pitcher-455376,-0.18117,0.20548,-0.10327,False,False
pitcher-456027,-0.35259,0.25882,-2.63738,False,False
pitcher-456034,0.90192,0.26509,64.55978,True,True
pitcher-456051,0.04298,0.20606,0.22395,False,False
pitcher-456068,-0.59759,0.28566,-21.44141,True,True
pitcher-456071,-0.65212,0.26963,-4.00403,True,False
pitcher-456121,0.00919,0.00996,9e-05,False,False
pitcher-456124,0.29651,0.1664,0.21646,False,False
pitcher-456167,-0.24717,0.38891,-4.41443,False,False
pitcher-456379,0.09744,0.26215,0.71622,False,False
pitcher-456387,-0.14029,0.12635,-0.06173,False,False
pitcher-456488,0.04515,0.04663,0.00361,False,False
pitcher-456496,0.044,0.1653,0.11044,False,False
pitcher-456501,0.79423,0.22306,64.8252,True,True
pitcher-456696,-0.07059,0.24407,-1.47182,False,True
pitcher-456701,-0.7292,0.29631,-24.15832,True,True
pitcher-456713,0.52706,0.33925,9.02851,False,False
pitcher-456776,0.40331,0.28436,1.42368,False,False
pitcher-457117,0.1714,0.1316,0.44049,False,False
pitcher-457429,0.23989,0.21541,2.26455,False,False
pitcher-457435,-0.01958,0.18103,-0.03739,False,False
pitcher-457448,0.10617,0.12966,0.17093,False,False
pitcher-457456,0.02254,0.02159,0.00361,False,False
pitcher-457711,0.13643,0.17589,1.04778,False,False
pitcher-457732,0.34796,0.27244,1.6702,False,False
pitcher-457744,-0.13353,0.13452,-0.32447,False,False
pitcher-457754,-0.24431,0.18571,-0.7989,False,False
pitcher-457759,0.02412,0.02492,0.00096,False,False
pitcher-457768,-0.61671,0.28113,-4.64384,True,False
pitcher-457779,-0.01889,0.06792,-0.00453,False,False
pitcher-457915,0.00367,0.31807,0.04352,False,False
pitcher-457918,0.72087,0.2383,63.40759,True,True
pitcher-458006,0.51123,0.27458,11.15506,False,True
pitcher-458537,-0.0334,0.12617,-0.03975,False,False
pitcher-458584,0.3934,0.24452,4.15828,False,False
pitcher-458676,0.40627,0.1568,2.7748,True,False
pitcher-458677,-1.09543,0.26296,-39.36966,True,True
pitcher-458678,-0.12424,0.19654,-0.22984,False,False
pitcher-458681,-0.12352,0.20268,-14.61102,False,True
pitcher-458690,0.19831,0.2196,1.19185,False,False
pitcher-458708,1.27476,0.27962,57.89957,True,True
pitcher-458730,0.11128,0.19251,0.29379,False,False
pitcher-458919,-0.34136,0.25701,-1.56343,False,False
pitcher-458924,-0.36636,0.18772,-1.48008,False,False
pitcher-459429,0.11124,0.26352,2.95003,False,True
pitcher-459967,0.13358,0.1428,0.24179,False,False
pitcher-459987,-0.01818,0.32465,-0.13797,False,False
pitcher-460008,0.05118,0.18752,0.05886,False,False
pitcher-460024,0.42912,0.22467,3.09392,False,False
pitcher-460059,0.37277,0.31357,14.29554,False,True
pitcher-460060,-0.01769,0.01609,-0.00336,False,False
pitcher-460077,0.11775,0.09822,0.04474,False,False
pitcher-460086,-0.05196,0.03894,-0.01715,False,False
pitcher-460156,0.05314,0.16973,0.21683,False,False
pitcher-460269,0.13863,0.10345,0.1012,False,False
pitcher-460283,1.03596,0.31761,17.13473,True,False
pitcher-460576,-0.03423,0.03061,-0.0065,False,False
pitcher-460701,0.09754,0.17416,0.30724,False,False
pitcher-461325,1.25831,0.28275,38.83146,True,True
pitcher-461815,-0.03576,0.03611,-0.00286,False,False
pitcher-461829,1.66123,0.25366,128.91112,True,True
pitcher-461833,-0.47058,0.33281,-10.40452,False,True
pitcher-461865,0.14495,0.11214,0.08987,False,False
pitcher-461872,1.0309,0.27481,18.15407,True,False
pitcher-462089,0.04023,0.07348,0.00845,False,False
pitcher-462136,0.88391,0.28235,51.4434,True,True
pitcher-462382,0.10973,0.3083,2.33717,False,True
pitcher-462480,0.07055,0.06759,0.01764,False,False
pitcher-462515,0.65465,0.2231,3.78389,True,False
pitcher-462945,0.36141,0.18482,0.69391,False,False
pitcher-462985,-0.06142,0.21166,-0.32676,False,False
pitcher-464416,0.21318,0.17907,0.2878,False,False
pitcher-465629,-0.2747,0.18488,-0.91751,False,False
pitcher-465657,0.52676,0.25959,16.55082,True,True
pitcher-465679,-0.42395,0.22204,-0.81822,False,False
pitcher-465753,0.03053,0.02094,0.00611,False,False
pitcher-466948,0.1832,0.23176,0.92517,False,False
pitcher-467008,-0.09452,0.26344,-2.06906,False,True
pitcher-467055,0.028,0.02032,0.00252,False,False
pitcher-467094,-1.14486,0.34748,-7.47591,True,False
pitcher-467100,-0.07151,0.26272,-4.19469,False,True
pitcher-467785,0.02586,0.20914,0.04965,False,False
pitcher-467827,0.04156,0.04085,0.00831,False,False
pitcher-468396,-0.42167,0.24837,-3.68538,False,False
pitcher-468504,-0.51511,0.2664,-34.83186,False,True
pitcher-469134,-0.09992,0.16038,-0.28778,False,False
pitcher-471083,0.07418,0.12013,0.02374,False,False
pitcher-471822,-0.43198,0.27652,-4.84247,False,False
pitcher-471911,0.72544,0.20554,72.04363,True,True
pitcher-472551,-0.79504,0.31856,-12.90348,True,False
pitcher-472610,-0.59839,0.25766,-24.86902,True,True
pitcher-473879,-0.15374,0.29668,-3.64061,False,True
pitcher-474029,0.50361,0.21218,3.12238,True,False
pitcher-474039,0.05523,0.04866,0.00442,False,False
pitcher-474284,0.01484,0.1929,0.0644,False,False
pitcher-474463,-0.41801,0.25956,-21.28077,False,True
pitcher-474521,-0.06402,0.30099,-0.59664,False,False
pitcher-474668,-0.75224,0.28003,-3.09925,True,False
pitcher-474699,0.39997,0.36711,7.63546,False,False
pitcher-475054,0.14923,0.2746,2.6861,False,False
pitcher-475115,0.49988,0.28382,19.82525,False,True
pitcher-475138,0.024,0.05255,0.01488,False,False
pitcher-475243,0.47449,0.27412,10.36755,False,True
pitcher-475247,0.06513,0.06481,0.00586,False,False
pitcher-475416,-0.17016,0.26277,-0.9529,False,False
pitcher-475479,0.05917,0.28077,2.21529,False,True
pitcher-475857,-0.11073,0.11651,-0.29122,False,False
pitcher-476123,-0.18021,0.10014,-0.21445,False,False
pitcher-476451,0.59196,0.25126,29.50308,True,True
pitcher-476454,-0.20803,0.28188,-6.15562,False,True
pitcher-476570,0.07504,0.12738,0.08705,False,False
pitcher-476589,0.99572,0.26582,30.41918,True,True
pitcher-476594,0.122,0.21963,0.91743,False,False
pitcher-476595,0.59321,0.19956,7.11263,True,False
pitcher-477003,-0.19871,0.3186,-4.84048,False,True
pitcher-477132,1.12571,0.25248,111.81685,True,True
pitcher-477195,-0.03874,0.03868,-0.00426,False,False
pitcher-477229,-0.05591,0.11686,-0.03578,False,False
pitcher-477569,0.47111,0.23292,8.62129,True,False
pitcher-487675,-0.02433,0.13556,-0.03382,False,False
pitcher-488671,0.10786,0.09227,0.02157,False,False
pitcher-488674,0.38658,0.22801,2.18415,False,False
pitcher-488748,0.28099,0.26006,5.95143,False,True
pitcher-488768,0.26221,0.24429,18.13714,False,True
pitcher-488786,0.38033,0.25872,3.49903,False,False
pitcher-488818,-0.03627,0.03587,-0.00326,False,False
pitcher-488846,-0.26842,0.25532,-3.67472,False,False
pitcher-488984,-0.29067,0.24727,-6.11269,False,True
pitcher-489002,-0.23444,0.1729,-0.51577,False,False
pitcher-489039,0.10226,0.06693,0.04602,False,False
pitcher-489119,1.98361,0.25841,192.62842,True,True
pitcher-489138,-0.00105,0.00092,-2e-05,False,False
pitcher-489197,0.04113,0.03862,0.00617,False,False
pitcher-489265,1.75154,0.24172,55.22603,True,True
pitcher-489267,-0.10528,0.07913,-0.0179,False,False
pitcher-489294,-0.33122,0.21131,-1.47723,False,False
pitcher-489295,0.1402,0.16003,0.19768,False,False
pitcher-489334,0.7749,0.28243,23.64222,True,True
pitcher-489446,0.39775,0.27583,13.93712,False,True
pitcher-489448,0.05207,0.05592,0.00989,False,False
pitcher-490063,0.59952,0.25281,17.39798,True,True
pitcher-491159,0.00046,0.14493,0.00103,False,False
pitcher-491624,-0.38043,0.25251,-2.53749,False,False
pitcher-491646,0.04622,0.24836,0.82316,False,False
pitcher-491696,0.08897,0.06469,0.03559,False,False
pitcher-491703,-0.19872,0.25669,-2.50188,False,False
pitcher-491708,-0.48478,0.28076,-5.2744,False,False
pitcher-492841,0.00113,0.0015,7e-05,False,False
pitcher-493114,-0.0004,0.00178,-5e-05,False,False
pitcher-493117,0.07726,0.07842,0.00927,False,False
pitcher-493157,0.41975,0.23015,3.8323,False,False
pitcher-493159,0.17761,0.1529,0.49021,False,False
pitcher-493200,0.70859,0.25193,12.19478,True,False
pitcher-493247,-0.04613,0.25843,-0.54158,False,False
pitcher-493351,0.05085,0.04837,0.00407,False,False
pitcher-493603,0.098,0.22053,4.91092,False,True
pitcher-497807,0.09875,0.10375,0.11258,False,False
pitcher-500610,0.60127,0.29301,8.15929,True,False
pitcher-500721,-0.0832,0.11451,-0.17555,False,False
pitcher-500724,-0.70604,0.28232,-14.83393,True,True
pitcher-500743,6e-05,0.13707,3e-05,False,False
pitcher-500765,0.1514,0.15936,0.3346,False,False
pitcher-500779,0.50277,0.19894,67.1854,True,True
pitcher-500871,-0.08648,0.0779,-0.02421,False,False
pitcher-500872,-0.66588,0.21718,-3.88207,True,False
pitcher-500891,0.08384,0.11719,0.03605,False,False
pitcher-501303,0.07302,0.09223,0.01971,False,False
pitcher-501381,0.50885,0.27705,29.07554,False,True
pitcher-501563,-0.18563,0.26818,-0.77591,False,False
pitcher-501593,0.69503,0.29148,12.35767,True,False
pitcher-501625,0.93587,0.27032,27.28059,True,True
pitcher-501627,-0.02489,0.02724,-0.00199,False,False
pitcher-501697,0.39738,0.27582,3.97773,False,False
pitcher-501789,0.34549,0.27915,8.9551,False,True
pitcher-501817,0.11959,0.26853,1.35971,False,False
pitcher-501822,0.72717,0.24265,11.24926,True,False
pitcher-501870,0.04009,0.1687,0.02085,False,False
pitcher-501925,0.42846,0.26534,10.28311,False,True
pitcher-501936,0.04332,0.05461,0.0143,False,False
pitcher-501955,-0.13466,0.19042,-0.63157,False,False
pitcher-501957,0.36435,0.24683,15.53596,False,True
pitcher-501985,0.05872,0.28579,3.65379,False,True
pitcher-501992,-0.21182,0.35782,-5.47555,False,True
pitcher-502004,0.39401,0.2655,6.12287,False,False
pitcher-502009,0.42503,0.29115,6.79205,False,False
pitcher-502010,0.32948,0.12434,0.49752,True,False
pitcher-502011,-0.01283,0.01364,-0.00192,False,False
pitcher-502026,-0.29963,0.27291,-8.26976,False,True
pitcher-502028,-0.54855,0.26325,-7.86073,True,False
pitcher-502032,0.46298,0.23669,13.02839,False,True
pitcher-502042,-0.04274,0.17814,-3.64896,False,True
pitcher-502043,0.61699,0.20075,85.19347,True,True
pitcher-502046,1.53587,0.32197,42.32862,True,True
pitcher-502051,0.52732,0.18312,1.74541,True,False
pitcher-502083,0.14509,0.31024,2.92207,False,True
pitcher-502085,1.01767,0.23659,43.38334,True,True
pitcher-502087,-0.11994,0.13397,-0.16912,False,False
pitcher-502130,-0.13376,0.15393,-0.06153,False,False
pitcher-502143,0.03555,0.03392,0.00142,False,False
pitcher-502154,0.66621,0.26008,15.92919,True,True
pitcher-502162,0.0265,0.0434,0.0106,False,False
pitcher-502166,-0.04843,0.04739,-0.0218,False,False
pitcher-502171,0.30723,0.26512,21.81041,False,True
pitcher-502179,0.20822,0.29444,4.84941,False,True
pitcher-502188,0.31813,0.23765,21.99264,False,True
pitcher-502190,0.90999,0.26868,62.93498,True,True
pitcher-502202,0.50314,0.26575,16.9911,False,True
pitcher-502210,-0.00988,0.00919,-0.00079,False,False
pitcher-502211,0.55828,0.28974,9.28422,False,False
pitcher-502212,-0.6756,0.35499,-6.64114,False,False
pitcher-502239,0.02939,0.26913,1.2365,False,True
pitcher-502260,-0.12129,0.11932,-0.14798,False,False
pitcher-502264,-0.12213,0.11506,-0.2357,False,False
pitcher-502272,-0.00877,0.20841,-0.07462,False,False
pitcher-502273,0.05064,0.05126,0.01317,False,False
pitcher-502281,-0.10174,0.10549,-0.01628,False,False
pitcher-502285,-0.0226,0.02276,-0.00226,False,False
pitcher-502304,-0.20723,0.15475,-0.44555,False,False
pitcher-502327,-0.0318,0.2797,-1.82302,False,True
pitcher-502381,-0.14356,0.25227,-2.00984,False,False
pitcher-502457,0.03124,0.11881,0.0303,False,False
pitcher-502462,0.12043,0.08686,0.16259,False,False
pitcher-502522,-0.55528,0.25969,-7.46848,True,False
pitcher-502578,-0.13388,0.16224,-0.39493,False,False
pitcher-502593,-0.20046,0.27418,-2.47169,False,False
pitcher-502624,0.08632,0.25845,7.35712,False,True
pitcher-502706,0.75718,0.25622,43.95448,True,True
pitcher-502748,1.48302,0.32671,46.01815,True,True
pitcher-503285,0.65669,0.32489,12.81198,True,False
pitcher-503444,-0.08572,0.187,-0.41915,False,False
pitcher-503449,0.96022,0.27376,42.74878,True,True
pitcher-503556,0.0151,0.01532,0.00136,False,False
pitcher-503566,0.05408,0.06844,0.00811,False,False
pitcher-503569,0.41987,0.23224,2.25051,False,False
pitcher-504083,-0.24359,0.16818,-0.44089,False,False
pitcher-504186,-0.03333,0.2155,-0.07599,False,False
pitcher-504379,0.4196,0.27496,12.45785,False,True
pitcher-505447,0.07714,0.07815,0.01543,False,False
pitcher-506433,-1.00574,0.22734,-98.47182,True,True
pitcher-506560,-0.00108,0.00111,-1e-05,False,False
pitcher-506693,-0.35131,0.23298,-1.07502,False,False
pitcher-506702,-0.10075,0.0839,-0.05743,False,False
pitcher-514669,0.1419,0.16577,0.21711,False,False
pitcher-514913,-0.00174,0.00324,-0.00023,False,False
pitcher-514981,0.1213,0.08198,0.15405,False,False
pitcher-515052,-0.14079,0.24747,-0.40126,False,False
pitcher-516414,-0.338,0.18704,-0.90247,False,False
pitcher-516472,0.02404,0.02357,0.00288,False,False
pitcher-516589,0.08355,0.1716,0.14789,False,False
pitcher-516714,-0.46659,0.1931,-2.08566,True,False
pitcher-516769,-0.10958,0.06492,-0.0515,False,False
pitcher-516910,-0.0284,0.28893,-0.17408,False,False
pitcher-516935,-0.19016,0.23047,-0.15783,False,False
pitcher-516969,0.21752,0.2588,4.86168,False,True
pitcher-516970,-0.23615,0.15702,-0.54551,False,False
pitcher-517008,1.00728,0.26626,37.38033,True,True
pitcher-517059,-0.02916,0.02663,-0.01195,False,False
pitcher-517414,0.42214,0.2263,8.02484,False,False
pitcher-517448,-0.1644,0.18832,-0.2055,False,False
pitcher-517593,-0.50789,0.25813,-18.16208,False,True
pitcher-517629,0.05631,0.05885,0.01351,False,False
pitcher-518397,-0.33295,0.28061,-7.94747,False,True
pitcher-518418,-0.08356,0.08468,-0.04846,False,False
pitcher-518420,0.02886,0.20106,0.03578,False,False
pitcher-518435,0.00467,0.12088,0.00098,False,False
pitcher-518445,-0.32619,0.26617,-2.21813,False,False
pitcher-518452,1.15149,0.28525,50.72306,True,True
pitcher-518468,0.72223,0.24736,7.59787,True,False
pitcher-518489,-0.13436,0.22683,-2.80949,False,True
pitcher-518516,0.88815,0.23825,86.55903,True,True
pitcher-518526,-0.19183,0.13878,-0.06906,False,False
pitcher-518553,0.69692,0.25064,30.82492,True,True
pitcher-518560,-0.89237,0.35146,-5.76473,True,False
pitcher-518566,0.34519,0.19603,2.60964,False,False
pitcher-518567,1.13488,0.2839,17.14799,True,False
pitcher-518585,0.12606,0.23529,2.03458,False,False
pitcher-518586,-0.07578,0.04421,-0.04395,False,False
pitcher-518603,-0.07659,0.20204,-0.53457,False,False
pitcher-518614,-0.02083,0.015,-0.00667,False,False
pitcher-518617,-0.47105,0.23098,-21.90865,True,True
pitcher-518626,-0.00331,0.00317,-0.00017,False,False
pitcher-518633,-0.61631,0.21697,-43.28955,True,True
pitcher-518649,-0.17771,0.10239,-0.06397,False,False
pitcher-518653,0.02901,0.02765,0.00261,False,False
pitcher-518693,-0.7727,0.3133,-11.55179,True,False
pitcher-518703,0.10624,0.17646,0.15617,False,False
pitcher-518715,-0.16888,0.24418,-3.36907,False,False
pitcher-518716,-0.175,0.22067,-2.99422,False,False
pitcher-518748,0.49675,0.26739,9.14021,False,False
pitcher-518764,-0.01057,0.01163,-0.00307,False,False
pitcher-518771,-0.16007,0.12367,-0.30734,False,False
pitcher-518774,0.19986,0.29358,11.94779,False,True
pitcher-518790,-0.36186,0.25584,-6.08648,False,False
pitcher-518813,0.1953,0.28931,4.44319,False,True
pitcher-518833,0.06193,0.04589,0.0161,False,False
pitcher-518858,0.37086,0.27662,4.98805,False,False
pitcher-518863,-0.07132,0.17172,-0.08701,False,False
pitcher-518875,0.19415,0.29115,3.23457,False,False
pitcher-518876,0.20879,0.20159,16.35653,False,True
pitcher-518883,0.01821,0.13798,0.03788,False,False
pitcher-518886,0.54336,0.23696,26.20647,True,True
pitcher-518927,-0.04837,0.25265,-0.45756,False,False
pitcher-519008,1.51618,0.30739,47.77479,True,True
pitcher-519043,-0.08553,0.25069,-5.56657,False,True
pitcher-519048,0.02448,0.07208,0.00367,False,False
pitcher-519076,-1.10475,0.24082,-53.71299,True,True
pitcher-519085,0.1443,0.23541,1.33763,False,False
pitcher-519096,0.19559,0.29086,3.63991,False,False
pitcher-519141,0.17519,0.25461,11.01046,False,True
pitcher-519144,0.67029,0.22018,55.01086,True,True
pitcher-519151,-0.39746,0.24984,-16.8879,False,True
pitcher-519166,-0.17466,0.29491,-2.16922,False,False
pitcher-519168,-0.27419,0.29621,-1.30239,False,False
pitcher-519169,0.27486,0.14461,0.45352,False,False
pitcher-519186,0.19793,0.14966,0.33054,False,False
pitcher-519203,0.02032,0.02122,0.00264,False,False
pitcher-519208,-0.00094,0.00089,-2e-05,False,False
pitcher-519222,0.00839,0.00803,0.00075,False,False
pitcher-519229,-0.15177,0.15769,-0.03794,False,False
pitcher-519240,-0.40256,0.24695,-4.19471,False,False
pitcher-519242,-0.23307,0.2223,-26.15949,False,True
pitcher-519263,0.09778,0.2915,0.72262,False,False
pitcher-519267,0.55028,0.19897,3.19711,True,False
pitcher-519293,0.38609,0.25824,13.82981,False,True
pitcher-519294,0.10433,0.29691,0.79496,False,False
pitcher-519295,0.04614,0.04454,0.00185,False,False
pitcher-519299,0.03669,0.02682,0.01211,False,False
pitcher-519301,0.51705,0.27273,5.72374,False,False
pitcher-519322,0.65736,0.28114,8.70343,True,False
pitcher-519326,0.15023,0.22476,5.53152,False,True
pitcher-519344,-0.00416,0.0662,-0.00807,False,False
pitcher-519381,0.28186,0.21291,1.8659,False,False
pitcher-519393,-0.34346,0.22329,-2.93317,False,False
pitcher-519411,0.07713,0.05613,0.02083,False,False
pitcher-519437,-0.18509,0.19236,-0.59783,False,False
pitcher-519443,0.68939,0.25049,12.96751,True,False
pitcher-519455,0.25594,0.30689,14.64755,False,True
pitcher-520980,0.31157,0.27021,8.03229,False,True
pitcher-521230,-0.22053,0.25214,-7.62135,False,True
pitcher-521655,-0.15887,0.20746,-2.22258,False,False
pitcher-523253,0.04328,0.03903,0.00476,False,False
pitcher-523260,0.28124,0.28156,13.69616,False,True
pitcher-523848,0.26015,0.13231,0.8897,False,False
pitcher-523989,0.00322,0.27008,0.0642,False,False
pitcher-525768,0.08432,0.17577,0.22091,False,False
pitcher-527048,1.03697,0.23198,120.85917,True,True
pitcher-527054,0.79806,0.24067,70.62819,True,True
pitcher-527055,0.09591,0.28496,1.38008,False,False
pitcher-528748,-0.24111,0.22607,-2.36531,False,False
pitcher-532077,1.28494,0.26055,26.4313,True,True
pitcher-533167,0.34879,0.25385,13.81205,False,True
pitcher-534606,1e-05,0.00103,0.0,False,False
pitcher-534627,0.00019,0.0002,0.0,False,False
pitcher-534737,-0.33918,0.26546,-2.02832,False,False
pitcher-534812,0.43836,0.2595,6.38245,False,False
pitcher-534910,-0.6242,0.27152,-13.08332,True,True
pitcher-534947,-0.6028,0.33897,-9.37353,False,False
pitcher-538506,-0.02689,0.02587,-0.00995,False,False
pitcher-539438,0.00943,0.00967,0.00141,False,False
pitcher-541640,-0.01205,0.26336,-0.56312,False,True
pitcher-541650,-0.17904,0.10316,-0.14323,False,False
pitcher-541652,-0.31302,0.26747,-3.19591,False,False
pitcher-542194,-0.02677,0.09899,-0.03265,False,False
pitcher-542208,-0.01636,0.01408,-0.0036,False,False
pitcher-542266,-0.31323,0.19819,-0.85511,False,False
pitcher-542289,-0.15851,0.15725,-0.06023,False,False
pitcher-542432,0.14931,0.24367,1.47666,False,False
pitcher-542585,0.23127,0.26778,4.57907,False,False
pitcher-542587,-0.04308,0.21605,-0.24987,False,False
pitcher-542609,-0.10673,0.19084,-0.65853,False,False
pitcher-542669,-0.16212,0.13865,-0.22048,False,False
pitcher-542674,0.09624,0.24454,0.68521,False,False
pitcher-542866,-0.43023,0.21319,-2.43508,True,False
pitcher-542881,0.05906,0.22698,5.60493,False,True
pitcher-542882,-0.62837,0.29267,-26.02062,True,True
pitcher-542884,0.02529,0.02307,0.00658,False,False
pitcher-542888,-0.89627,0.23697,-30.19531,True,True
pitcher-542914,1.30238,0.24817,31.2962,True,True
pitcher-542923,0.09095,0.13713,0.09095,False,False
pitcher-542924,-0.20152,0.1168,-0.4897,False,False
pitcher-542932,0.05371,0.0728,0.01719,False,False
pitcher-542946,0.03793,0.03699,0.00114,False,False
pitcher-542947,-0.35234,0.27422,-7.08557,False,True
pitcher-542953,0.27296,0.19352,2.01444,False,False
pitcher-542960,0.5045,0.31235,16.76972,False,True
pitcher-542963,0.01645,0.01609,0.00132,False,False
pitcher-542992,0.0285,0.02727,0.00342,False,False
pitcher-543001,0.10717,0.14603,0.58728,False,False
pitcher-543017,-0.62033,0.25894,-2.68603,True,False
pitcher-543022,0.02305,0.24956,1.11549,False,True
pitcher-543031,0.48141,0.19442,0.84729,True,False
pitcher-543037,0.73738,0.19872,99.20677,True,True
pitcher-543045,0.1786,0.30408,6.20627,False,True
pitcher-543054,0.32048,0.28807,4.86485,False,False
pitcher-543056,-0.25758,0.26311,-6.59416,False,True
pitcher-543063,-0.01208,0.01122,-0.00435,False,False
pitcher-543089,-0.00183,0.00197,-4e-05,False,False
pitcher-543094,0.03821,0.03667,0.00229,False,False
pitcher-543101,-0.25834,0.22464,-19.29526,False,True
pitcher-543118,-0.32603,0.25274,-5.6795,False,False
pitcher-543135,-0.28975,0.20997,-27.64767,False,True
pitcher-543144,-0.08312,0.30571,-1.01074,False,False
pitcher-543148,-0.0035,0.00395,-0.00014,False,False
pitcher-543169,-0.21615,0.25262,-2.78184,False,False
pitcher-543184,-0.29856,0.26341,-4.57695,False,False
pitcher-543193,-0.27637,0.17303,-0.82912,False,False
pitcher-543195,0.06744,0.1544,0.08902,False,False
pitcher-543208,0.47267,0.35372,11.84029,False,True
pitcher-543219,0.15571,0.27201,1.5446,False,False
pitcher-543238,0.19957,0.12181,0.57876,False,False
pitcher-543242,0.37518,0.26493,2.01849,False,False
pitcher-543243,1.02658,0.20017,135.27228,True,True
pitcher-543258,-0.0221,0.1709,-0.03691,False,False
pitcher-543261,-0.13668,0.10384,-0.20092,False,False
pitcher-543272,-0.32222,0.26564,-16.02073,False,True
pitcher-543278,-0.5343,0.28629,-11.20437,False,True
pitcher-543281,-0.01117,0.08398,-0.00637,False,False
pitcher-543294,0.11928,0.19587,16.04327,False,True
pitcher-543305,0.06625,0.06232,0.00663,False,False
pitcher-543331,-0.01188,0.28035,-0.15419,False,False
pitcher-543334,-0.25657,0.16865,-0.52084,False,False
pitcher-543339,0.09995,0.25601,3.79817,False,True
pitcher-543343,-0.02145,0.08476,-0.00794,False,False
pitcher-543351,0.4161,0.26782,3.99452,False,False
pitcher-543357,-0.1521,0.10528,-0.06996,False,False
pitcher-543359,-0.77435,0.30585,-16.90416,True,True
pitcher-543376,0.00105,0.00129,3e-05,False,False
pitcher-543380,0.75318,0.32472,10.45413,True,False
pitcher-543391,-0.35933,0.19945,-1.72121,False,False
pitcher-543408,0.0002,0.28929,0.00755,False,True
pitcher-543409,-0.09412,0.06895,-0.04518,False,False
pitcher-543424,-0.61306,0.31495,-7.76745,False,False
pitcher-543456,-0.30947,0.29169,-2.4108,False,False
pitcher-543475,0.10276,0.20201,8.48108,False,True
pitcher-543483,0.01763,0.23909,0.19097,False,False
pitcher-543506,0.30521,0.26666,5.68597,False,False
pitcher-543507,0.33315,0.23625,11.75692,False,True
pitcher-543508,-0.02993,0.15221,-0.0805,False,False
pitcher-543510,0.08207,0.19577,0.01067,False,False
pitcher-543518,-0.354,0.23952,-3.85511,False,False
pitcher-543521,-0.18873,0.23067,-12.23886,False,True
pitcher-543532,0.20601,0.19111,0.90852,False,False
pitcher-543542,-0.46577,0.20318,-4.60643,True,False
pitcher-543543,0.01772,0.01454,0.00443,False,False
pitcher-543548,0.99735,0.2683,38.3879,True,True
pitcher-543557,-0.23122,0.2798,-10.19891,False,True
pitcher-543592,-0.05207,0.05056,-0.00625,False,False
pitcher-543594,-0.41017,0.2165,-2.28053,False,False
pitcher-543606,0.47915,0.26955,43.19999,False,True
pitcher-543607,-0.18241,0.15088,-0.2426,False,False
pitcher-543652,0.21889,0.17979,0.45748,False,False
pitcher-543677,0.01535,0.01598,0.00107,False,False
pitcher-543698,-0.12148,0.07227,-0.09232,False,False
pitcher-543699,-0.02343,0.21611,-1.85454,False,True
pitcher-543716,0.05672,0.24128,0.16846,False,False
pitcher-543726,-0.50143,0.30389,-5.52579,False,False
pitcher-543734,-0.57044,0.28967,-15.36189,False,True
pitcher-543746,-0.04991,0.23028,-0.34735,False,False
pitcher-543766,-0.48586,0.23155,-21.65464,True,True
pitcher-543776,-0.00756,0.01109,-0.00106,False,False
pitcher-543779,0.45045,0.27845,7.28832,False,False
pitcher-543803,-0.07947,0.05077,-0.01669,False,False
pitcher-543829,0.09872,0.09894,0.01777,False,False
pitcher-543859,-0.4587,0.2503,-11.83445,False,True
pitcher-543867,-0.05401,0.1801,-0.20093,False,False
pitcher-543881,0.02902,0.17191,0.10098,False,False
pitcher-543883,-0.08964,0.27728,-1.76771,False,False
pitcher-543900,-0.1332,0.13828,-0.36098,False,False
pitcher-543901,0.5779,0.26455,9.0672,True,False
pitcher-543903,-0.23538,0.20452,-0.83561,False,False
pitcher-543921,-0.23734,0.15199,-0.29668,False,False
pitcher-543935,0.51869,0.29665,10.55017,False,True
pitcher-543942,-0.19655,0.22068,-0.14545,False,False
pitcher-543964,-0.55321,0.26584,-3.38565,True,False
pitcher-544150,0.2282,0.23851,4.90631,False,True
pitcher-544365,-0.13116,0.27692,-1.46633,False,False
pitcher-544725,0.08011,0.07585,0.01041,False,False
pitcher-544727,-0.47049,0.24532,-17.89257,False,True
pitcher-544759,-0.08137,0.2643,-0.36944,False,False
pitcher-544836,-0.28832,0.31823,-3.76837,False,False
pitcher-544928,-0.22643,0.26772,-3.64778,False,False
pitcher-544930,-0.09137,0.05968,-0.03198,False,False
pitcher-544931,0.1647,0.27196,10.86017,False,True
pitcher-544993,-0.0191,0.17059,-0.15106,False,False
pitcher-545064,-0.30651,0.1928,-2.30803,False,False
pitcher-545121,-0.07093,0.08496,-0.01773,False,False
pitcher-545332,-0.10979,0.25679,-0.87285,False,False
pitcher-545333,0.53763,0.21969,52.37575,True,True
pitcher-545338,0.04122,0.03929,0.00371,False,False
pitcher-545341,0.01353,0.01416,0.00068,False,False
pitcher-545343,-0.07302,0.18495,-0.3892,False,False
pitcher-545346,0.1269,0.22488,0.18782,False,False
pitcher-545348,0.24454,0.2178,0.28122,False,False
pitcher-545357,-0.03875,0.18729,-0.06742,False,False
pitcher-545358,0.01202,0.01175,0.00036,False,False
pitcher-545363,-0.56323,0.3364,-3.49201,False,False
pitcher-545404,0.02826,0.02457,0.02289,False,False
pitcher-546276,-0.13553,0.19421,-0.29682,False,False
pitcher-546991,0.0763,0.07772,0.01144,False,False
pitcher-547001,-0.41745,0.22381,-3.12254,False,False
pitcher-547007,-0.2338,0.2542,-0.7879,False,False
pitcher-547176,-0.141,0.1631,-0.11421,False,False
pitcher-547179,0.1475,0.18948,11.89465,False,True
pitcher-547184,0.03981,0.23092,0.30852,False,False
pitcher-547348,0.00913,0.00667,0.00173,False,False
pitcher-547749,0.20085,0.25813,3.08301,False,False
pitcher-547874,-0.69911,0.25548,-18.00916,True,True
pitcher-547888,1.38438,0.2504,90.6214,True,True
pitcher-547942,0.19561,0.23528,2.45683,False,False
pitcher-547943,0.46145,0.28145,26.3073,False,True
pitcher-547973,-0.02396,0.22954,-1.17679,False,True
pitcher-547982,0.02633,0.02764,0.00184,False,False
pitcher-548337,0.60549,0.26809,7.03579,True,False
pitcher-548357,-0.16711,0.32218,-2.0955,False,False
pitcher-548384,0.22008,0.2679,4.04952,False,False
pitcher-548389,0.58667,0.24243,39.51777,True,True
pitcher-552640,-0.03567,0.24503,-0.79088,False,True
pitcher-553872,0.08659,0.08981,0.03983,False,False
pitcher-553878,-0.75426,0.30009,-19.28636,True,True
pitcher-553883,0.07433,0.07228,0.03642,False,False
pitcher-553902,-0.01855,0.06522,-0.01299,False,False
pitcher-553970,0.1173,0.12983,0.2041,False,False
pitcher-554234,0.50563,0.29311,7.48843,False,False
pitcher-554340,-0.18557,0.27647,-6.02559,False,True
pitcher-554374,-0.23697,0.14141,-0.59241,False,False
pitcher-554430,-0.08608,0.2009,-9.38928,False,True
pitcher-554431,0.30348,0.22479,4.45812,False,False
pitcher-554432,-0.05795,0.07575,-0.02724,False,False
pitcher-570240,-0.28735,0.28114,-6.21536,False,True
pitcher-570257,-0.73414,0.2946,-11.29837,True,False
pitcher-570488,-0.04823,0.20856,-0.48373,False,False
pitcher-570560,0.00433,0.02306,0.00048,False,False
pitcher-570632,0.36359,0.25584,30.68323,False,True
pitcher-570649,-0.12968,0.26119,-3.83335,False,True
pitcher-570663,0.6517,0.25651,23.73476,True,True
pitcher-570666,0.0968,0.25188,3.23781,False,True
pitcher-570702,-0.09755,0.14189,-0.18145,False,False
pitcher-570714,0.07905,0.21506,0.25611,False,False
pitcher-570731,0.04328,0.04039,0.00346,False,False
pitcher-570810,-0.01932,0.29504,-0.05952,False,False
pitcher-571035,0.08662,0.15959,0.20615,False,False
pitcher-571057,0.19329,0.26644,0.6572,False,False
pitcher-571437,-0.01578,0.01522,-0.00142,False,False
pitcher-571439,-0.25002,0.16714,-0.56253,False,False
pitcher-571446,0.00261,0.08882,0.00227,False,False
pitcher-571466,0.24925,0.12603,0.09222,False,False
pitcher-571473,0.09995,0.14741,0.29786,False,False
pitcher-571476,0.14278,0.2748,1.68621,False,False
pitcher-571479,0.24946,0.20677,2.21023,False,False
pitcher-571510,-1.11305,0.21939,-99.09476,True,True
pitcher-571521,0.1371,0.25569,1.12284,False,False
pitcher-571527,0.14352,0.2354,0.92713,False,False
pitcher-571539,0.01229,0.24045,0.06946,False,False
pitcher-571561,-0.42205,0.26076,-6.24209,False,False
pitcher-571572,0.02709,0.12909,0.02547,False,False
pitcher-571577,0.15586,0.20643,0.22444,False,False
pitcher-571578,0.43384,0.21411,59.37497,True,True
pitcher-571584,0.2425,0.16359,0.72024,False,False
pitcher-571602,0.03719,0.0757,0.01413,False,False
pitcher-571616,-0.23585,0.1432,-0.59199,False,False
pitcher-571656,0.95467,0.23871,43.1795,True,True
pitcher-571657,-0.0507,0.08032,-0.00913,False,False
pitcher-571666,0.16891,0.25878,12.77806,False,True
pitcher-571670,0.95285,0.27515,31.06287,True,True
pitcher-571676,-0.12721,0.10115,-0.22135,False,False
pitcher-571697,0.01514,0.01656,0.00167,False,False
pitcher-571704,0.80272,0.2817,18.18974,True,True
pitcher-571710,-0.20466,0.23223,-8.10247,False,True
pitcher-571735,-0.28375,0.3127,-3.92712,False,False
pitcher-571760,-0.61342,0.22296,-55.85792,True,True
pitcher-571771,-0.16055,0.19389,-0.1766,False,False
pitcher-571787,0.01402,0.26138,0.12716,False,False
pitcher-571788,0.11034,0.08414,0.01986,False,False
pitcher-571800,0.02533,0.32015,0.71427,False,True
pitcher-571858,-0.26739,0.17638,-1.06153,False,False
pitcher-571863,-0.00895,0.26835,-0.11364,False,False
pitcher-571871,-0.59825,0.28358,-7.76534,True,False
pitcher-571875,-0.00629,0.00553,-0.00025,False,False
pitcher-571882,0.22603,0.23686,6.70186,False,True
pitcher-571893,0.21325,0.3003,1.55458,False,False
pitcher-571901,0.09328,0.25954,2.72381,False,True
pitcher-571911,-0.0355,0.08853,-0.01598,False,False
pitcher-571912,-0.04505,0.12172,-0.04325,False,False
pitcher-571917,0.25756,0.1567,0.75723,False,False
pitcher-571927,0.20255,0.21463,18.08995,False,True
pitcher-571945,-0.57942,0.2233,-50.85554,True,True
pitcher-571946,-0.33958,0.22738,-15.44408,False,True
pitcher-571948,0.64074,0.29571,20.3371,True,True
pitcher-571951,-1.16047,0.36349,-16.90806,True,False
pitcher-571963,-0.10373,0.10171,-0.09958,False,False
pitcher-571969,0.00255,0.09518,0.00089,False,False
pitcher-571974,-0.10315,0.07966,-0.0392,False,False
pitcher-571976,0.11467,0.07758,0.02064,False,False
pitcher-572008,-0.01567,0.0134,-0.00407,False,False
pitcher-572020,-0.91775,0.26312,-63.05873,True,True
pitcher-572021,-0.79157,0.30672,-8.31144,True,False
pitcher-572033,-0.01268,0.01234,-0.00076,False,False
pitcher-572038,-0.00115,0.12887,-0.00294,False,False
pitcher-572044,-0.35726,0.23421,-1.53265,False,False
pitcher-572070,0.19234,0.26849,9.18234,False,True
pitcher-572086,0.06377,0.14709,0.10139,False,False
pitcher-572089,0.02196,0.09606,0.01976,False,False
pitcher-572096,0.33573,0.26852,6.16728,False,False
pitcher-572102,0.62237,0.30233,6.01207,True,False
pitcher-572119,0.06757,0.07043,0.08919,False,False
pitcher-572125,0.26602,0.23235,1.88875,False,False
pitcher-572140,0.12028,0.25244,3.56629,False,True
pitcher-572143,0.21225,0.27903,3.78658,False,False
pitcher-572191,0.14686,0.11894,0.03231,False,False
pitcher-572193,0.37962,0.22274,10.67867,False,True
pitcher-572208,0.06374,0.08892,0.06565,False,False
pitcher-572283,-0.00377,0.08742,-0.00252,False,False
pitcher-572308,-0.33896,0.21932,-1.62699,False,False
pitcher-572309,0.02482,0.08516,0.03202,False,False
pitcher-572362,-0.04134,0.24487,-0.70364,False,False
pitcher-572365,0.02866,0.0274,0.00143,False,False
pitcher-572383,-0.06172,0.13911,-0.08147,False,False
pitcher-572403,-1.08103,0.25017,-25.76089,True,True
pitcher-572703,0.14548,0.2219,0.99069,False,False
pitcher-572728,-0.02632,0.12021,-0.05185,False,False
pitcher-572750,0.10978,0.30331,2.25051,False,True
pitcher-572761,0.06306,0.06358,0.01072,False,False
pitcher-572788,0.39515,0.26447,2.54872,False,False
pitcher-572816,-0.05208,0.05289,-0.00521,False,False
pitcher-572821,-0.00206,0.00196,-0.00016,False,False
pitcher-572831,-0.09153,0.1635,-0.35971,False,False
pitcher-572888,-0.08204,0.27758,-2.73779,False,True
pitcher-572889,0.03789,0.03543,0.00114,False,False
pitcher-572955,0.39828,0.30816,11.44662,False,True
pitcher-572971,1.73973,0.28487,174.61645,True,True
pitcher-572990,-0.10399,0.20157,-0.21839,False,False
pitcher-572998,0.30571,0.24326,1.00883,False,False
pitcher-573009,-0.03409,0.25849,-0.53289,False,False
pitcher-573016,-0.07228,0.06738,-0.01807,False,False
pitcher-573046,0.22506,0.28442,2.69849,False,False
pitcher-573062,-0.01599,0.09594,-0.01119,False,False
pitcher-573064,0.18431,0.36451,2.83473,False,False
pitcher-573109,0.6437,0.22437,13.13799,True,True
pitcher-573124,0.68925,0.26377,32.25668,True,True
pitcher-573127,0.53919,0.22813,3.33757,True,False
pitcher-573131,-0.00388,0.03827,-0.0005,False,False
pitcher-573166,0.01961,0.05662,0.00353,False,False
pitcher-573185,-0.16522,0.26008,-7.79506,False,True
pitcher-573186,0.29371,0.21246,33.07497,False,True
pitcher-573188,0.09255,0.1222,0.10736,False,False
pitcher-573204,0.1339,0.25712,2.96315,False,True
pitcher-573244,-0.0412,0.08964,-0.07375,False,False
pitcher-573262,-0.14781,0.13108,-0.04582,False,False
pitcher-573589,-0.39168,0.21606,-2.42843,False,False
pitcher-573668,-0.17242,0.25302,-2.70706,False,False
pitcher-575070,0.04201,0.0415,0.01554,False,False
pitcher-576397,0.01354,0.01147,0.0023,False,False
pitcher-579328,-1.6454,0.27238,-135.35065,True,True
pitcher-580792,-0.21913,0.29706,-2.75883,False,False
pitcher-582494,-0.27718,0.21205,-1.48568,False,False
pitcher-584171,-0.28331,0.3045,-3.80485,False,False
pitcher-591672,-0.03014,0.02748,-0.00121,False,False
pitcher-591693,-0.54044,0.31034,-7.39862,False,False
pitcher-591701,0.05061,0.07763,0.03593,False,False
pitcher-591720,0.12854,0.11436,0.02057,False,False
pitcher-591741,0.0205,0.01911,0.00328,False,False
pitcher-592091,0.08175,0.19017,0.29268,False,False
pitcher-592094,-0.07133,0.22212,-1.92961,False,True
pitcher-592102,0.70538,0.24788,18.31864,True,True
pitcher-592120,-0.25463,0.22143,-0.19352,False,False
pitcher-592127,0.10641,0.16422,0.44797,False,False
pitcher-592130,-0.03012,0.24113,-0.31899,False,False
pitcher-592135,0.63968,0.27126,16.29271,True,True
pitcher-592145,-0.16411,0.23014,-1.63454,False,False
pitcher-592155,0.11224,0.23189,0.66221,False,False
pitcher-592165,0.08492,0.22879,0.3677,False,False
pitcher-592169,-0.35456,0.2552,-5.16242,False,False
pitcher-592170,-0.29511,0.21623,-2.82711,False,False
pitcher-592181,0.05921,0.12076,0.06986,False,False
pitcher-592222,0.55205,0.29894,14.22627,False,True
pitcher-592229,-0.45161,0.26489,-12.20699,False,True
pitcher-592233,0.28199,0.27225,2.27003,False,False
pitcher-592238,0.02949,0.02984,0.00796,False,False
pitcher-592254,0.18183,0.22024,1.23645,False,False
pitcher-592273,0.02471,0.02339,0.00296,False,False
pitcher-592279,-0.19999,0.18886,-0.30199,False,False
pitcher-592280,-0.02443,0.07515,-0.02492,False,False
pitcher-592288,0.53773,0.25567,1.6616,True,False
pitcher-592314,0.01443,0.2728,1.00817,False,True
pitcher-592329,-0.09026,0.16192,-0.25634,False,False
pitcher-592330,-0.07301,0.08327,-0.0606,False,False
pitcher-592332,0.78741,0.21506,105.11923,True,True
pitcher-592340,-0.0506,0.2359,-0.55308,False,False
pitcher-592341,0.25342,0.15508,0.69183,False,False
pitcher-592346,0.43607,0.29359,10.91047,False,True
pitcher-592351,-0.26143,0.19894,-25.77402,False,True
pitcher-592390,0.32028,0.26255,9.522,False,True
pitcher-592398,-0.14347,0.13309,-0.1492,False,False
pitcher-592407,0.05185,0.05236,0.01866,False,False
pitcher-592419,-0.02378,0.02487,-0.00166,False,False
pitcher-592422,-0.0158,0.1012,-0.01865,False,False
pitcher-592426,-0.2665,0.23458,-8.68509,False,True
pitcher-592433,-0.3837,0.2357,-1.86862,False,False
pitcher-592454,0.05348,0.25159,1.69279,False,True
pitcher-592464,-0.03148,0.10624,-0.04344,False,False
pitcher-592468,-0.0592,0.22821,-0.68025,False,False
pitcher-592473,0.19212,0.28448,2.24011,False,False
pitcher-592499,-0.51574,0.24852,-2.21766,True,False
pitcher-592527,0.11445,0.16124,0.29184,False,False
pitcher-592533,-0.57385,0.26555,-2.96679,True,False
pitcher-592547,-0.35687,0.22825,-1.72366,False,False
pitcher-592570,-0.00565,0.0704,-0.01175,False,False
pitcher-592592,0.09091,0.0964,0.00455,False,False
pitcher-592593,-0.03089,0.22914,-0.48347,False,False
pitcher-592612,-0.66743,0.26274,-11.61324,True,False
pitcher-592614,-0.05784,0.16107,-0.22905,False,False
pitcher-592644,0.13475,0.25996,3.00498,False,True
pitcher-592662,0.72619,0.20471,87.51995,True,True
pitcher-592665,0.90336,0.30483,17.09163,True,False
pitcher-592677,0.08542,0.12674,0.10507,False,False
pitcher-592705,0.08841,0.14748,0.27052,False,False
pitcher-592712,-0.08613,0.17776,-0.30061,False,False
pitcher-592716,0.07433,0.29797,1.68443,False,True
pitcher-592717,-0.3924,0.28985,-22.52008,False,True
pitcher-592741,0.63761,0.27909,19.07721,True,True
pitcher-592743,0.02968,0.0286,0.00416,False,False
pitcher-592753,-0.00084,0.00136,-5e-05,False,False
pitcher-592761,0.87811,0.25499,34.79953,True,True
pitcher-592767,0.01413,0.26605,0.94627,False,True
pitcher-592769,-0.13724,0.07366,-0.08235,False,False
pitcher-592773,0.11897,0.20738,4.44117,False,True
pitcher-592779,0.30235,0.27521,4.67733,False,False
pitcher-592781,0.16806,0.13135,0.12437,False,False
pitcher-592789,0.51924,0.26192,36.59089,False,True
pitcher-592791,-0.25135,0.2363,-24.0218,False,True
pitcher-592804,0.34593,0.24534,5.49337,False,False
pitcher-592811,-0.08662,0.34884,-1.39459,False,False
pitcher-592815,-0.18273,0.23845,-1.99538,False,False
pitcher-592826,-0.07385,0.227,-4.9036,False,True
pitcher-592831,0.3054,0.14377,0.38786,True,False
pitcher-592833,-0.2897,0.11802,-0.41716,True,False
pitcher-592836,0.03602,0.21559,3.75748,False,True
pitcher-592848,-0.14546,0.18215,-0.33892,False,False
pitcher-592858,0.28831,0.20203,3.60677,False,False
pitcher-592859,0.14598,0.08552,0.03941,False,False
pitcher-592865,0.29871,0.23241,2.68239,False,False
pitcher-592866,0.22894,0.22182,19.0683,False,True
pitcher-592869,-0.23519,0.27104,-2.69294,False,False
pitcher-592872,0.01229,0.17358,0.0301,False,False
pitcher-592879,-0.32652,0.23379,-6.02099,False,False
pitcher-593140,0.3191,0.25062,7.49555,False,True
pitcher-593144,-0.10345,0.29319,-1.85905,False,False
pitcher-593160,0.07535,0.07836,0.00301,False,False
pitcher-593334,0.25113,0.28703,10.52227,False,True
pitcher-593372,-0.62377,0.2104,-42.40988,True,True
pitcher-593417,0.10227,0.22042,0.43565,False,False
pitcher-593423,0.42823,0.21829,26.4859,False,True
pitcher-593576,-0.13947,0.22876,-6.88983,False,True
pitcher-593582,-0.20158,0.09357,-0.13707,True,False
pitcher-593604,0.09842,0.08364,0.10826,False,False
pitcher-593619,-0.21047,0.23334,-1.43961,False,False
pitcher-593643,-0.04952,0.08815,-0.052,False,False
pitcher-593679,0.16334,0.27739,2.12336,False,False
pitcher-593833,-0.0969,0.29172,-1.60857,False,False
pitcher-593958,0.24088,0.1921,27.17411,False,True
pitcher-593969,-0.07674,0.22434,-0.10974,False,False
pitcher-593974,-0.02337,0.2355,-0.82234,False,True
pitcher-594027,-0.45835,0.21821,-4.60639,True,False
pitcher-594056,-0.15757,0.1946,-0.56568,False,False
pitcher-594311,-0.13331,0.24154,-0.98917,False,False
pitcher-594577,0.11607,0.29026,2.67201,False,True
pitcher-594580,-0.25425,0.26011,-4.246,False,False
pitcher-594694,0.04085,0.0295,0.01348,False,False
pitcher-594736,-0.26338,0.27479,-3.05263,False,False
pitcher-594742,0.01455,0.27243,0.15265,False,False
pitcher-594760,-0.44234,0.19502,-2.79998,True,False
pitcher-594762,-0.03052,0.03254,-0.00671,False,False
pitcher-594772,0.34097,0.15737,0.71603,True,False
pitcher-594792,-0.42347,0.22406,-2.01994,False,False
pitcher-594795,-0.23861,0.272,-2.05916,False,False
pitcher-594798,1.59597,0.23995,160.1079,True,True
pitcher-594809,-0.04268,0.04341,-0.00469,False,False
pitcher-594815,-0.27457,0.15057,-0.47501,False,False
pitcher-594824,0.06483,0.05807,0.00324,False,False
pitcher-594835,0.79484,0.2714,55.79756,True,True
pitcher-594838,-0.00251,0.00253,-5e-05,False,False
pitcher-594840,-0.24835,0.3248,-3.30548,False,False
pitcher-594857,0.59011,0.19194,1.87655,True,False
pitcher-594867,-0.14257,0.0645,-0.20245,True,False
pitcher-594902,-0.10481,0.29734,-3.56354,False,True
pitcher-594943,-0.22679,0.24869,-1.7395,False,False
pitcher-594951,-0.06597,0.22564,-0.27641,False,False
pitcher-594965,-0.02064,0.31848,-0.28241,False,False
pitcher-594977,0.08377,0.11799,0.10136,False,False
pitcher-594985,0.01855,0.11029,0.02616,False,False
pitcher-594986,0.10431,0.31046,1.86513,False,False
pitcher-594987,0.39529,0.23658,3.6881,False,False
pitcher-594992,-0.52452,0.21197,-1.61552,True,False
pitcher-595001,0.30402,0.27267,5.09542,False,False
pitcher-595014,-1.02616,0.28803,-40.56421,True,True
pitcher-595032,0.16855,0.24105,1.10229,False,False
pitcher-595191,0.12679,0.24383,4.86758,False,True
pitcher-595234,0.00387,0.14701,0.00894,False,False
pitcher-595235,0.08333,0.07595,0.09166,False,False
pitcher-595263,-0.04364,0.03925,-0.02051,False,False
pitcher-595284,-0.00089,0.00104,-2e-05,False,False
pitcher-595307,0.35316,0.25864,2.7193,False,False
pitcher-595345,-0.57729,0.25202,-14.51309,True,True
pitcher-595371,-0.04026,0.04909,-0.01248,False,False
pitcher-595411,-0.11771,0.20004,-0.51202,False,False
pitcher-595441,-0.04375,0.043,-0.01137,False,False
pitcher-595465,-0.17447,0.32004,-2.39891,False,False
pitcher-595798,-0.17554,0.13184,-0.31071,False,False
pitcher-595881,0.8148,0.24504,14.94346,True,False
pitcher-595897,0.30892,0.21535,0.9422,False,False
pitcher-595918,0.63959,0.32626,11.34638,False,False
pitcher-595928,-0.44235,0.2627,-4.84368,False,False
pitcher-595939,-0.50898,0.18494,-1.55747,True,False
pitcher-595943,-0.00241,0.00224,-2e-05,False,False
pitcher-595978,0.10435,0.23339,0.07617,False,False
pitcher-596001,-0.43132,0.2104,-30.11052,True,True
pitcher-596027,-0.43083,0.18813,-2.96844,True,False
pitcher-596035,-0.25123,0.14691,-0.60295,False,False
pitcher-596043,0.03167,0.3234,0.8365,False,True
pitcher-596049,-0.01101,0.11553,-0.01893,False,False
pitcher-596056,0.06679,0.0494,0.00801,False,False
pitcher-596057,-0.45015,0.25531,-23.02056,False,True
pitcher-596064,0.26563,0.26139,2.03474,False,False
pitcher-596071,-0.20523,0.33724,-3.53812,False,False
pitcher-596074,0.17741,0.16831,0.49496,False,False
pitcher-596082,-0.07021,0.14997,-0.19447,False,False
pitcher-596101,-0.07017,0.22071,-0.34453,False,False
pitcher-596103,-0.00378,0.05151,-0.00042,False,False
pitcher-596112,0.11723,0.27394,3.43132,False,True
pitcher-596117,-0.03986,0.08984,-0.02551,False,False
pitcher-596133,0.72314,0.23921,45.03004,True,True
pitcher-596142,-0.02786,0.02782,-0.00334,False,False
pitcher-596143,0.03239,0.04716,0.00421,False,False
pitcher-596271,-0.3925,0.29374,-4.68645,False,False
pitcher-596295,-0.09122,0.26767,-5.18306,False,True
pitcher-596331,0.00132,0.13873,0.00207,False,False
pitcher-596451,-0.06085,0.04973,-0.03773,False,False
pitcher-596720,-0.41493,0.25613,-3.14106,False,False
pitcher-596816,-0.02799,0.1116,-0.03723,False,False
pitcher-596825,-0.13306,0.1432,-0.01996,False,False
pitcher-597113,-0.07533,0.16194,-0.24333,False,False
pitcher-598264,0.98028,0.22986,42.52438,True,True
pitcher-598265,0.03801,0.04053,0.00646,False,False
pitcher-598271,0.25396,0.25101,4.03037,False,False
pitcher-598286,0.5425,0.25993,7.35634,True,False
pitcher-598287,-0.03706,0.25193,-0.95984,False,True
pitcher-599683,-0.39021,0.25787,-3.67578,False,False
pitcher-599998,0.01519,0.13063,0.04619,False,False
pitcher-600301,0.10152,0.07917,0.01624,False,False
pitcher-600303,-0.02203,0.0227,-0.00264,False,False
pitcher-600526,0.18234,0.25968,0.9719,False,False
pitcher-600858,0.04508,0.04302,0.00541,False,False
pitcher-600887,-0.08464,0.13992,-0.16251,False,False
pitcher-600917,-0.22051,0.24756,-7.32314,False,True
pitcher-600921,-0.55263,0.2651,-6.72546,True,False
pitcher-600944,-0.08736,0.18096,-0.37042,False,False
pitcher-600965,-0.12538,0.20334,-0.2006,False,False
pitcher-600968,-0.30819,0.21371,-1.72278,False,False
pitcher-600986,0.01667,0.20302,0.11084,False,False
pitcher-601713,-0.52003,0.1884,-53.33439,True,True
pitcher-602083,0.00835,0.10711,0.01503,False,False
pitcher-602922,-0.01363,0.01126,-0.00041,False,False
pitcher-602928,-0.13409,0.09209,-0.09922,False,False
pitcher-605121,-0.60534,0.24395,-9.12244,True,False
pitcher-605130,0.27191,0.23899,11.10491,False,True
pitcher-605135,-1.09445,0.20617,-115.03739,True,True
pitcher-605138,-0.03661,0.19153,-0.15082,False,False
pitcher-605143,-0.25376,0.20184,-0.96175,False,False
pitcher-605151,1.25411,0.23426,55.20593,True,True
pitcher-605152,-0.12578,0.1013,-0.08931,False,False
pitcher-605154,0.34388,0.24467,10.60172,False,True
pitcher-605155,0.28256,0.26392,3.2721,False,False
pitcher-605156,0.36405,0.30664,6.23253,False,False
pitcher-605164,-0.44552,0.22075,-32.50974,True,True
pitcher-605169,0.07761,0.18768,0.23516,False,False
pitcher-605170,0.11515,0.07834,0.0357,False,False
pitcher-605177,1.19473,0.26391,49.65298,True,True
pitcher-605182,-0.03968,0.24738,-2.75887,False,True
pitcher-605194,-0.24221,0.27008,-4.53417,False,False
pitcher-605195,-0.36819,0.28813,-6.64218,False,False
pitcher-605200,1.7082,0.2407,162.43302,True,True
pitcher-605204,-0.05972,0.03858,-0.01194,False,False
pitcher-605218,-0.39874,0.27637,-10.02021,False,True
pitcher-605222,-0.03865,0.11694,-0.04251,False,False
pitcher-605226,-0.207,0.09394,-0.26496,True,False
pitcher-605228,0.7155,0.33708,14.07379,True,False
pitcher-605232,-0.37022,0.31994,-8.15965,False,True
pitcher-605240,-0.4295,0.22608,-5.73818,False,False
pitcher-605242,-0.10065,0.25709,-5.45042,False,True
pitcher-605254,-0.06558,0.26495,-0.64926,False,False
pitcher-605255,0.0212,0.14411,0.05659,False,False
pitcher-605260,0.07624,0.1515,0.27064,False,False
pitcher-605276,0.15137,0.28147,2.72155,False,False
pitcher-605280,0.57751,0.29616,25.92455,False,True
pitcher-605288,0.5379,0.2449,33.73196,True,True
pitcher-605301,-0.1084,0.18281,-0.28183,False,False
pitcher-605304,-0.81924,0.29112,-5.13661,True,False
pitcher-605309,-0.82872,0.26497,-16.7982,True,True
pitcher-605317,0.04747,0.05158,0.02706,False,False
pitcher-605333,0.01235,0.18499,0.02432,False,False
pitcher-605335,0.08317,0.06981,0.10646,False,False
pitcher-605338,0.02187,0.12797,0.01181,False,False
pitcher-605347,-0.24502,0.25504,-11.77562,False,True
pitcher-605359,-0.00701,0.21759,-0.08355,False,False
pitcher-605361,0.06789,0.07058,0.00883,False,False
pitcher-605374,0.00285,0.20503,0.00638,False,False
pitcher-605388,0.6661,0.26946,19.51017,True,True
pitcher-605396,0.16878,0.21441,0.59242,False,False
pitcher-605397,-0.36746,0.23481,-29.48858,False,True
pitcher-605400,0.86583,0.20316,120.48902,True,True
pitcher-605428,-0.02269,0.09016,-0.01134,False,False
pitcher-605441,-0.43066,0.22479,-3.66488,False,False
pitcher-605446,0.05278,0.2599,1.05251,False,False
pitcher-605447,-0.104,0.22129,-2.20477,False,True
pitcher-605452,0.06997,0.25704,3.21322,False,True
pitcher-605463,0.0558,0.23572,0.80964,False,False
pitcher-605469,-0.11618,0.10374,-0.18356,False,False
pitcher-605476,0.06356,0.23,0.51549,False,False
pitcher-605477,0.0612,0.04562,0.0153,False,False
pitcher-605479,-0.07403,0.13146,-0.14435,False,False
pitcher-605482,0.06078,0.13319,0.19753,False,False
pitcher-605483,0.73826,0.22224,75.90761,True,True
pitcher-605486,0.03503,0.02831,0.00806,False,False
pitcher-605488,0.05056,0.27975,2.10715,False,True
pitcher-605498,0.06861,0.29542,1.30904,False,False
pitcher-605501,-0.07993,0.19019,-0.39405,False,False
pitcher-605507,0.2386,0.2275,4.01798,False,False
pitcher-605513,-0.54246,0.26129,-17.53215,True,True
pitcher-605521,-0.0969,0.20483,-0.51841,False,False
pitcher-605525,-0.2534,0.27402,-3.36512,False,False
pitcher-605528,-0.04978,0.04582,-0.01444,False,False
pitcher-605538,0.23532,0.21511,9.64577,False,True
pitcher-605540,0.40499,0.25305,23.58635,False,True
pitcher-605541,-0.21358,0.29229,-5.41008,False,True
pitcher-605612,0.05609,0.08404,0.03366,False,False
pitcher-605795,0.00153,0.07047,0.00144,False,False
pitcher-605894,0.01605,0.1555,0.08809,False,False
pitcher-606115,-0.0004,0.02001,-8e-05,False,False
pitcher-606131,0.27575,0.25003,10.31596,False,True
pitcher-606149,1.2517,0.22523,30.60416,True,True
pitcher-606160,0.70643,0.24293,30.68736,True,True
pitcher-606162,0.05956,0.23333,0.51997,False,False
pitcher-606167,-0.39001,0.28405,-5.39781,False,False
pitcher-606213,-0.00546,0.00712,-0.00115,False,False
pitcher-606273,-0.38142,0.26082,-7.18211,False,False
pitcher-606291,-0.30812,0.17943,-0.96442,False,False
pitcher-606299,-0.05985,0.04673,-0.00838,False,False
pitcher-606303,0.05811,0.26098,1.29576,False,True
pitcher-606424,0.0497,0.27925,1.26083,False,True
pitcher-606478,-0.26726,0.17515,-0.7403,False,False
pitcher-606625,-0.17874,0.29166,-2.8617,False,False
pitcher-606930,0.82918,0.23372,23.43271,True,True
pitcher-606944,-0.02778,0.16545,-0.06528,False,False
pitcher-606959,0.08454,0.19416,0.31279,False,False
pitcher-606965,0.60033,0.24557,19.70889,True,True
pitcher-606983,0.15342,0.28758,0.69654,False,False
pitcher-606993,0.04479,0.04361,0.00448,False,False
pitcher-606995,0.11172,0.13588,0.13183,False,False
pitcher-606996,0.02293,0.20134,0.12038,False,False
pitcher-607030,0.05767,0.05527,0.00923,False,False
pitcher-607054,0.0043,0.07875,0.00301,False,False
pitcher-607067,0.1956,0.26877,9.99148,False,True
pitcher-607068,-0.00264,0.02386,-0.00082,False,False
pitcher-607074,-0.61671,0.23008,-67.0671,True,True
pitcher-607162,-0.13972,0.14998,-0.0992,False,False
pitcher-607179,0.13944,0.22133,1.98837,False,False
pitcher-607188,-0.20382,0.25518,-3.88481,False,False
pitcher-607192,-0.50832,0.27234,-31.65801,False,True
pitcher-607200,-0.11111,0.24022,-8.11885,False,True
pitcher-607215,-0.60578,0.29528,-5.63374,True,False
pitcher-607216,0.3002,0.24292,1.95732,False,False
pitcher-607219,-0.35893,0.25825,-8.4529,False,True
pitcher-607223,-0.01301,0.01222,-0.00078,False,False
pitcher-607229,-0.23029,0.2909,-6.89708,False,True
pitcher-607231,-0.15707,0.2783,-5.03417,False,True
pitcher-607237,-0.28311,0.2787,-8.32626,False,True
pitcher-607259,-0.35852,0.21966,-22.81274,False,True
pitcher-607309,-0.25315,0.17183,-0.93665,False,False
pitcher-607320,0.20852,0.15263,0.50253,False,False
pitcher-607352,0.31859,0.24636,8.70714,False,True
pitcher-607359,0.30267,0.25535,3.05393,False,False
pitcher-607374,0.03953,0.24043,0.76167,False,False
pitcher-607387,0.04237,0.04499,0.00085,False,False
pitcher-607391,-0.77421,0.29384,-5.21817,True,False
pitcher-607405,-0.05885,0.06331,-0.00765,False,False
pitcher-607455,-0.62324,0.23785,-12.11572,True,False
pitcher-607457,-0.28394,0.23893,-7.97881,False,True
pitcher-607461,0.05055,0.04924,0.00657,False,False
pitcher-607468,-0.04887,0.0438,-0.02248,False,False
pitcher-607473,-0.00805,0.30535,-0.05847,False,False
pitcher-607481,-0.90252,0.24984,-32.40962,True,True
pitcher-607536,0.35498,0.24021,35.6646,False,True
pitcher-607555,-0.1617,0.14555,-0.27975,False,False
pitcher-607560,-0.16417,0.29206,-1.43159,False,False
pitcher-607572,0.28851,0.20114,2.44366,False,False
pitcher-607609,0.023,0.02087,0.00391,False,False
pitcher-607625,0.29792,0.21483,24.44456,False,True
pitcher-607644,0.84125,0.25762,27.13028,True,True
pitcher-607680,-0.00076,0.00084,-2e-05,False,False
pitcher-607706,0.00299,0.00582,0.00134,False,False
pitcher-607727,-0.02894,0.03039,-0.00897,False,False
pitcher-607732,0.09918,0.06417,0.05356,False,False
pitcher-607755,0.01074,0.2254,0.06957,False,False
pitcher-607951,0.08881,0.06923,0.05773,False,False
pitcher-607968,-0.35812,0.22238,-2.10214,False,False
pitcher-608032,-0.01432,0.22211,-0.57018,False,True
pitcher-608167,-0.13101,0.07941,-0.12053,False,False
pitcher-608328,0.27235,0.26851,4.36298,False,False
pitcher-608331,-0.3119,0.20924,-26.68295,False,True
pitcher-608334,0.21358,0.28655,4.93591,False,True
pitcher-608335,-0.0343,0.2004,-0.26647,False,False
pitcher-608337,-0.1102,0.21394,-10.54276,False,True
pitcher-608344,-0.09688,0.27334,-4.15536,False,True
pitcher-608348,-0.03051,0.06561,-0.01983,False,False
pitcher-608349,0.56544,0.26458,15.71345,True,True
pitcher-608371,-0.32184,0.26937,-9.75179,False,True
pitcher-608372,-0.93481,0.29541,-12.06842,True,False
pitcher-608379,-0.64676,0.2031,-73.62108,True,True
pitcher-608566,-0.95718,0.25045,-82.98722,True,True
pitcher-608596,-0.00069,0.00691,-0.00011,False,False
pitcher-608601,-0.26785,0.20714,-0.86516,False,False
pitcher-608638,0.2459,0.29463,4.62049,False,False
pitcher-608641,0.20253,0.21474,0.51443,False,False
pitcher-608648,0.38747,0.25561,15.59185,False,True
pitcher-608650,0.00025,0.16774,0.00131,False,False
pitcher-608652,-0.4773,0.21618,-4.90184,True,False
pitcher-608654,-0.03613,0.03725,-0.00361,False,False
pitcher-608665,1.21862,0.28419,70.05843,True,True
pitcher-608671,0.00959,0.00948,0.00058,False,False
pitcher-608678,-0.14375,0.2434,-3.95753,False,True
pitcher-608686,0.02125,0.05076,0.00234,False,False
pitcher-608700,0.11295,0.07732,0.06212,False,False
pitcher-608703,0.00173,0.00147,0.0001,False,False
pitcher-608716,0.6523,0.25011,10.82812,True,False
pitcher-608717,0.27283,0.24151,14.69213,False,True
pitcher-608718,0.33108,0.30692,15.87872,False,True
pitcher-608723,-0.20525,0.25752,-6.25192,False,True
pitcher-611093,-0.63807,0.2581,-5.18752,True,False
pitcher-612272,-0.08364,0.0639,-0.04433,False,False
pitcher-612434,0.05945,0.25357,2.47074,False,True
pitcher-612672,0.74009,0.32179,31.73488,True,True
pitcher-613317,-0.24788,0.17344,-0.34207,False,False
pitcher-613534,-0.00304,0.23065,-0.04942,False,False
pitcher-613564,-0.0458,0.03827,-0.00321,False,False
pitcher-614177,0.05143,0.04882,0.00309,False,False
pitcher-614179,0.19467,0.24704,4.74994,False,True
pitcher-615698,-0.00046,0.20815,-0.03178,False,True
pitcher-615868,-0.03288,0.04674,-0.00756,False,False
pitcher-617228,0.01285,0.25811,0.1114,False,False
pitcher-620396,0.10247,0.06847,0.05021,False,False
pitcher-620443,-0.04768,0.03047,-0.01431,False,False
pitcher-620445,0.05156,0.04671,0.01959,False,False
pitcher-620446,0.04934,0.04998,0.0074,False,False
pitcher-620454,-0.00511,0.17645,-0.03262,False,False
pitcher-620982,-0.31934,0.17195,-1.30611,False,False
pitcher-621002,0.03206,0.02202,0.00385,False,False
pitcher-621005,-0.04156,0.04092,-0.00208,False,False
pitcher-621011,-0.00255,0.034,-0.00046,False,False
pitcher-621016,-0.24992,0.24321,-2.92657,False,False
pitcher-621028,-0.00057,0.00678,-7e-05,False,False
pitcher-621044,-0.07877,0.07837,-0.01575,False,False
pitcher-621051,-0.142,0.24848,-2.47651,False,False
pitcher-621052,-0.21535,0.25191,-2.8512,False,False
pitcher-621053,-0.10244,0.22348,-0.94249,False,False
pitcher-621056,-0.05781,0.25435,-0.42257,False,False
pitcher-621057,-0.11607,0.18867,-0.5908,False,False
pitcher-621058,0.16643,0.18024,0.81217,False,False
pitcher-621074,0.11923,0.19579,1.26739,False,False
pitcher-621076,0.32929,0.27909,9.03889,False,True
pitcher-621078,0.07027,0.13065,0.13492,False,False
pitcher-621079,0.11025,0.08856,0.08159,False,False
pitcher-621082,-0.0015,0.14891,-0.00267,False,False
pitcher-621086,0.23132,0.1344,0.35392,False,False
pitcher-621094,0.04283,0.08253,0.01756,False,False
pitcher-621097,-0.00178,0.22693,-0.01723,False,False
pitcher-621098,0.10391,0.11935,0.12054,False,False
pitcher-621107,0.02115,0.25861,1.71714,False,True
pitcher-621111,0.73989,0.23822,49.43221,True,True
pitcher-621112,0.85603,0.26579,34.8834,True,True
pitcher-621114,-0.31956,0.24745,-3.0422,False,False
pitcher-621121,-0.30114,0.21816,-21.21546,False,True
pitcher-621129,0.04046,0.19081,0.12299,False,False
pitcher-621139,0.15231,0.18494,0.6321,False,False
pitcher-621141,0.21643,0.20472,0.98692,False,False
pitcher-621142,-0.10652,0.19551,-1.01726,False,False
pitcher-621199,0.52227,0.27868,11.06694,False,True
pitcher-621209,0.17029,0.22958,0.56367,False,False
pitcher-621219,0.37999,0.21801,8.11668,False,True
pitcher-621237,0.29133,0.22051,9.71864,False,True
pitcher-621242,0.27009,0.21192,11.02239,False,True
pitcher-621244,0.097,0.19627,12.29769,False,True
pitcher-621248,-0.0192,0.18112,-0.10041,False,False
pitcher-621249,0.40112,0.27044,6.08501,False,False
pitcher-621259,-0.07313,0.14209,-0.02486,False,False
pitcher-621261,0.46927,0.24038,3.57112,False,False
pitcher-621281,-0.31483,0.17478,-0.60761,False,False
pitcher-621289,-0.6493,0.18019,-2.38944,True,False
pitcher-621290,-0.04949,0.13736,-0.05593,False,False
pitcher-621294,-0.32411,0.20929,-1.9414,False,False
pitcher-621295,0.11123,0.26455,3.10561,False,True
pitcher-621345,-0.13083,0.24173,-3.74711,False,True
pitcher-621348,-0.15715,0.23651,-0.75587,False,False
pitcher-621350,0.07524,0.08408,0.07223,False,False
pitcher-621363,0.17132,0.24374,2.9175,False,False
pitcher-621366,0.10958,0.23952,2.29678,False,True
pitcher-621368,0.35576,0.28434,7.56709,False,True
pitcher-621381,-0.80276,0.28729,-32.94535,True,True
pitcher-621383,-0.02653,0.23937,-0.5427,False,True
pitcher-621385,-0.32552,0.24735,-3.34307,False,False
pitcher-621389,-0.41984,0.30238,-17.45258,False,True
pitcher-621397,-0.22205,0.23575,-1.76752,False,False
pitcher-621399,-0.04115,0.04144,-0.00864,False,False
pitcher-621408,0.11853,0.19976,0.29633,False,False
pitcher-621433,0.07058,0.04443,0.03529,False,False
pitcher-621500,0.04647,0.0463,0.00186,False,False
pitcher-621512,0.04342,0.04475,0.0013,False,False
pitcher-621532,-0.02364,0.01538,-0.00449,False,False
pitcher-621550,0.00015,0.00073,1e-05,False,False
pitcher-621592,-0.03535,0.11007,-0.03358,False,False
pitcher-621593,-0.15516,0.20681,-0.59428,False,False
pitcher-621962,-0.05646,0.12624,-0.12195,False,False
pitcher-622065,0.14632,0.2729,3.2073,False,True
pitcher-622072,0.61993,0.24495,51.52257,True,True
pitcher-622075,0.2805,0.25058,5.39963,False,False
pitcher-622088,0.01096,0.17229,0.07845,False,False
pitcher-622092,-0.58165,0.25734,-5.1592,True,False
pitcher-622097,-0.21307,0.20688,-2.29478,False,False
pitcher-622098,0.28918,0.26238,4.71945,False,False
pitcher-622103,-0.03633,0.18221,-0.13914,False,False
pitcher-622110,-0.01895,0.01245,-0.00284,False,False
pitcher-622161,0.18407,0.14846,0.624,False,False
pitcher-622217,0.04193,0.27571,0.15767,False,False
pitcher-622250,0.89227,0.22244,12.2687,True,False
pitcher-622251,0.24221,0.26802,4.34037,False,False
pitcher-622253,-0.07025,0.24875,-1.26524,False,False
pitcher-622256,-0.04706,0.06927,-0.03812,False,False
pitcher-622259,0.14018,0.19376,1.17188,False,False
pitcher-622268,0.08229,0.08419,0.01646,False,False
pitcher-622379,-0.1195,0.19229,-0.14101,False,False
pitcher-622382,-0.14375,0.18737,-0.51463,False,False
pitcher-622446,-0.93492,0.28558,-10.19999,True,False
pitcher-622490,-0.00578,0.04931,-0.00514,False,False
pitcher-622491,0.4295,0.20267,48.51592,True,True
pitcher-622492,-0.06498,0.11244,-0.17285,False,False
pitcher-622503,-0.14822,0.22655,-2.46484,False,False
pitcher-622505,-0.36381,0.22062,-2.11009,False,False
pitcher-622554,-0.25381,0.23823,-6.58141,False,True
pitcher-622569,-0.08049,0.09849,-0.04427,False,False
pitcher-622608,-0.35862,0.31572,-25.2002,False,True
pitcher-622663,0.1239,0.20144,10.80528,False,True
pitcher-622694,-0.26204,0.25955,-6.7081,False,True
pitcher-622703,0.02703,0.02838,0.00568,False,False
pitcher-622761,-0.06068,0.06042,-0.01214,False,False
pitcher-622766,0.03527,0.27263,0.40662,False,False
pitcher-622772,-0.11007,0.23159,-0.95647,False,False
pitcher-622774,0.22287,0.08559,0.28751,True,False
pitcher-622780,-0.08907,0.21608,-0.47918,False,False
pitcher-622783,-0.00615,0.09688,-0.0088,False,False
pitcher-622786,0.06221,0.24305,0.66565,False,False
pitcher-622795,-0.7686,0.26552,-3.48946,True,False
pitcher-622797,-0.44522,0.24197,-1.0062,False,False
pitcher-622864,-0.42775,0.15338,-2.6563,True,False
pitcher-623149,-0.04669,0.23633,-1.56168,False,True
pitcher-623167,0.14076,0.27022,8.05994,False,True
pitcher-623168,0.0178,0.09912,0.00481,False,False
pitcher-623184,-0.69868,0.29661,-14.17624,True,True
pitcher-623211,-0.57518,0.24224,-9.84708,True,False
pitcher-623352,0.47404,0.28381,18.76236,False,True
pitcher-623354,-0.23595,0.16014,-0.48606,False,False
pitcher-623364,0.12962,0.23388,0.72718,False,False
pitcher-623381,0.60981,0.22843,6.26882,True,False
pitcher-623395,-0.52502,0.26059,-4.90369,True,False
pitcher-623402,-0.0394,0.17353,-0.10087,False,False
pitcher-623406,-0.13939,0.09416,-0.17145,False,False
pitcher-623430,0.71602,0.25902,10.28924,True,False
pitcher-623433,0.36934,0.22775,4.76824,False,False
pitcher-623434,-0.13511,0.13798,-0.19592,False,False
pitcher-623437,-0.04588,0.26213,-0.56794,False,False
pitcher-623439,-0.1422,0.23562,-0.79062,False,False
pitcher-623451,-0.44415,0.25493,-4.9656,False,False
pitcher-623454,0.18054,0.16459,0.72577,False,False
pitcher-623465,0.30196,0.2637,6.43487,False,True
pitcher-623470,0.84283,0.23488,5.57113,True,False
pitcher-623474,-0.44629,0.24339,-8.67137,False,False
pitcher-623485,-0.17911,0.20311,-0.92777,False,False
pitcher-623507,0.0085,0.00914,0.00085,False,False
pitcher-623520,-0.07132,0.0746,-0.00571,False,False
pitcher-623913,-0.03208,0.17964,-0.09174,False,False
pitcher-624133,-0.06559,0.27062,-4.03041,False,True
pitcher-624407,-0.05231,0.05355,-0.00523,False,False
pitcher-624414,-0.01969,0.01872,-0.00197,False,False
pitcher-624418,-0.08979,0.11989,-0.41931,False,False
pitcher-624427,-0.26468,0.20851,-0.83374,False,False
pitcher-624431,0.0291,0.03667,0.01251,False,False
pitcher-624503,-0.05453,0.07794,-0.02836,False,False
pitcher-624512,0.05441,0.0527,0.00762,False,False
pitcher-624522,-0.22627,0.25124,-4.46884,False,False
pitcher-624586,-0.13318,0.22429,-1.12939,False,False
pitcher-624636,0.00169,0.00198,8e-05,False,False
pitcher-624647,0.06555,0.25222,0.58271,False,False
pitcher-625643,-0.62314,0.21385,-41.68773,True,True
pitcher-626929,-0.14002,0.18594,-0.7281,False,False
pitcher-627262,-0.07321,0.0389,-0.02928,False,False
pitcher-627500,0.02805,0.03889,0.01851,False,False
pitcher-627894,-0.07158,0.14394,-0.26128,False,False
pitcher-628317,0.73863,0.23313,58.49945,True,True
pitcher-628318,-0.21281,0.17996,-0.48095,False,False
pitcher-628333,-0.27743,0.26068,-6.60279,False,True
pitcher-628345,-0.08601,0.04115,-0.05161,True,False
pitcher-628452,-0.2649,0.21506,-14.54828,False,True
pitcher-628708,-0.05106,0.20615,-0.52696,False,False
pitcher-628711,0.0063,0.23055,0.34475,False,True
pitcher-629496,-0.05871,0.11128,-0.11097,False,False
pitcher-629498,-0.09103,0.0968,-0.04552,False,False
pitcher-630023,-0.39563,0.29213,-10.19151,False,True
pitcher-630105,0.00449,0.00416,0.00013,False,False
pitcher-630263,0.05111,0.06599,0.03067,False,False
pitcher-635903,-0.31187,0.18022,-0.51147,False,False
pitcher-639373,-0.26486,0.1655,-0.40523,False,False
pitcher-640444,0.081,0.23464,1.61517,False,False
pitcher-640447,0.00049,0.00051,0.0,False,False
pitcher-640448,0.37514,0.23934,10.35768,False,True
pitcher-640451,0.30021,0.25707,4.41314,False,False
pitcher-640454,-0.12467,0.09873,-0.13464,False,False
pitcher-640455,-0.62409,0.22264,-60.01225,True,True
pitcher-640461,0.03868,0.04056,0.00619,False,False
pitcher-640462,-0.08558,0.23743,-1.61138,False,False
pitcher-640463,0.67325,0.2915,6.19391,True,False
pitcher-640464,-0.0055,0.21929,-0.03676,False,False
pitcher-640470,-0.07681,0.26249,-1.51085,False,False
pitcher-640902,-0.00073,0.06941,-0.0003,False,False
pitcher-641149,0.14936,0.18146,0.71393,False,False
pitcher-641154,-0.51747,0.22154,-37.91997,True,True
pitcher-641302,0.13573,0.29354,5.74663,False,True
pitcher-641312,-0.10452,0.23442,-1.43091,False,False
pitcher-641329,0.20329,0.26649,3.54129,False,False
pitcher-641341,-0.1726,0.24756,-0.93892,False,False
pitcher-641343,-0.26019,0.11957,-0.21075,True,False
pitcher-641360,0.02093,0.24748,0.32837,False,False
pitcher-641384,-0.00298,0.00347,-0.00027,False,False
pitcher-641386,0.32966,0.1766,1.43073,False,False
pitcher-641394,0.52086,0.20561,3.54704,True,False
pitcher-641401,-0.09621,0.22169,-1.50469,False,False
pitcher-641420,-0.02759,0.14747,-0.05464,False,False
pitcher-641427,-0.42432,0.2153,-2.44835,False,False
pitcher-641438,0.28794,0.22564,1.58658,False,False
pitcher-641447,-0.35918,0.18565,-2.43526,False,False
pitcher-641482,0.19911,0.22096,10.06327,False,True
pitcher-641490,-0.17402,0.2152,-0.67869,False,False
pitcher-641501,-0.03422,0.22368,-0.1776,False,False
pitcher-641513,0.01158,0.01131,0.00093,False,False
pitcher-641525,0.16681,0.08578,0.04337,False,False
pitcher-641531,-0.00769,0.00913,-0.00108,False,False
pitcher-641540,0.39867,0.27961,20.20855,False,True
pitcher-641541,-0.29052,0.19163,-1.45259,False,False
pitcher-641571,-0.1304,0.20084,-1.23094,False,False
pitcher-641576,0.11024,0.07689,0.01984,False,False
pitcher-641582,0.43443,0.25295,4.26173,False,False
pitcher-641585,-0.58185,0.26501,-8.4193,True,False
pitcher-641598,-0.00119,0.00181,-8e-05,False,False
pitcher-641627,0.76808,0.26425,16.82093,True,True
pitcher-641632,-0.07587,0.16137,-0.15401,False,False
pitcher-641645,-0.03304,0.03271,-0.01256,False,False
pitcher-641656,0.16565,0.22978,1.96297,False,False
pitcher-641658,-0.00267,0.00255,-0.00019,False,False
pitcher-641672,0.14476,0.21992,1.18268,False,False
pitcher-641682,0.2037,0.1487,0.76592,False,False
pitcher-641703,-0.04963,0.26355,-0.40949,False,False
pitcher-641712,-1.21448,0.23606,-57.63917,True,True
pitcher-641726,0.12739,0.25054,0.73885,False,False
pitcher-641729,-0.37916,0.26565,-12.28493,False,True
pitcher-641739,0.08895,0.10194,0.04359,False,False
pitcher-641743,-0.17672,0.17974,-1.38196,False,False
pitcher-641745,-0.39708,0.19982,-26.37808,False,True
pitcher-641755,0.31402,0.27728,8.31537,False,True
pitcher-641771,-0.46737,0.24183,-29.08007,False,True
pitcher-641778,-0.55172,0.26174,-33.04827,True,True
pitcher-641793,-0.61385,0.28924,-26.80089,True,True
pitcher-641816,0.34572,0.23491,22.80366,False,True
pitcher-641835,0.98742,0.24824,26.21594,True,True
pitcher-641838,-0.61186,0.28328,-8.32133,True,False
pitcher-641850,-0.02798,0.14202,-0.02239,False,False
pitcher-641851,-0.36797,0.24041,-2.20044,False,False
pitcher-641853,-0.05882,0.19541,-0.21057,False,False
pitcher-641871,-0.37556,0.2319,-5.72352,False,False
pitcher-641907,-0.06995,0.2278,-0.2623,False,False
pitcher-641914,0.02595,0.06011,0.00467,False,False
pitcher-641927,0.64731,0.273,29.18061,True,True
pitcher-641941,-0.39268,0.22923,-14.24248,False,True
pitcher-641962,0.01806,0.04263,0.01282,False,False
pitcher-641995,-0.04624,0.04413,-0.0111,False,False
pitcher-642003,-0.41611,0.32091,-5.23879,False,False
pitcher-642008,-0.29223,0.17506,-1.13387,False,False
pitcher-642016,-0.22085,0.10694,-0.41962,True,False
pitcher-642028,0.36108,0.26996,2.92116,False,False
pitcher-642048,-0.45113,0.27569,-4.8632,False,False
pitcher-642060,-0.03767,0.03649,-0.01168,False,False
pitcher-642067,0.23144,0.17726,0.54621,False,False
pitcher-642068,0.20075,0.18468,0.50187,False,False
pitcher-642073,0.70332,0.22394,3.91048,True,False
pitcher-642083,-0.23917,0.19176,-1.61203,False,False
pitcher-642086,0.12077,0.0912,0.0157,False,False
pitcher-642092,0.19368,0.30059,1.33059,False,False
pitcher-642098,0.23413,0.32367,3.53074,False,False
pitcher-642100,-0.18003,0.22674,-2.39986,False,False
pitcher-642121,0.1307,0.22336,1.82323,False,False
pitcher-642130,0.4497,0.20768,3.31878,True,False
pitcher-642133,0.00589,0.17854,0.0023,False,False
pitcher-642152,-0.44991,0.27383,-12.15213,False,True
pitcher-642162,-0.00208,0.00201,-2e-05,False,False
pitcher-642165,0.00652,0.02078,0.00235,False,False
pitcher-642180,-0.00493,0.00467,-0.00064,False,False
pitcher-642203,0.3902,0.30076,3.75759,False,False
pitcher-642207,0.48881,0.24757,12.72376,False,True
pitcher-642215,0.18008,0.13533,0.04322,False,False
pitcher-642216,0.00976,0.12635,0.0411,False,False
pitcher-642226,-0.27305,0.18644,-0.13653,False,False
pitcher-642229,0.10453,0.21314,0.53622,False,False
pitcher-642231,-0.23108,0.26339,-3.08262,False,False
pitcher-642232,-0.27134,0.23529,-17.43342,False,True
pitcher-642233,0.74998,0.25565,3.70491,True,False
pitcher-642239,-0.5789,0.22063,-4.34172,True,False
pitcher-642336,0.05969,0.05855,0.00776,False,False
pitcher-642397,-0.78883,0.25821,-26.40221,True,True
pitcher-642520,-0.05674,0.14647,-0.18158,False,False
pitcher-642528,0.0356,0.24322,0.68312,False,False
pitcher-642545,0.07107,0.23078,2.72326,False,True
pitcher-642546,0.40092,0.21789,5.58074,False,False
pitcher-642547,-0.05518,0.20862,-4.54661,False,True
pitcher-642558,-0.18331,0.29041,-2.83399,False,False
pitcher-642564,0.13424,0.20719,0.71284,False,False
pitcher-642571,0.42095,0.18614,0.98924,True,False
pitcher-642578,0.00042,0.15418,0.00085,False,False
pitcher-642584,-0.06275,0.0885,-0.07781,False,False
pitcher-642585,0.76912,0.22742,9.66785,True,False
pitcher-642607,-0.32411,0.2002,-1.909,False,False
pitcher-642629,-0.22217,0.16394,-0.41102,False,False
pitcher-642657,0.13218,0.10688,0.05287,False,False
pitcher-642659,-0.06473,0.05885,-0.03366,False,False
pitcher-642701,0.1201,0.27441,2.76104,False,True
pitcher-642708,-0.06864,0.068,-0.0103,False,False
pitcher-642727,-0.00181,0.00187,-2e-05,False,False
pitcher-642758,-0.0376,0.21187,-0.22375,False,False
pitcher-642759,-0.20598,0.15083,-0.20186,False,False
pitcher-642770,-0.00087,0.21566,-0.00525,False,False
pitcher-642834,0.10184,0.12407,0.06721,False,False
pitcher-642840,0.09397,0.10047,0.21048,False,False
pitcher-642851,0.03535,0.07013,0.00672,False,False
pitcher-643230,-0.46019,0.27067,-15.19994,False,True
pitcher-643256,-0.87543,0.27987,-20.17,True,True
pitcher-643290,-0.14608,0.33379,-1.8611,False,False
pitcher-643297,0.22034,0.08547,0.25119,True,False
pitcher-643316,0.12381,0.24874,2.18034,False,False
pitcher-643320,-0.25903,0.14014,-0.28752,False,False
pitcher-643325,0.11575,0.08438,0.09376,False,False
pitcher-643327,-0.19199,0.24804,-9.07339,False,True
pitcher-643329,-0.06164,0.1118,-0.09061,False,False
pitcher-643338,0.26249,0.24674,10.31047,False,True
pitcher-643354,0.45585,0.21685,3.58756,True,False
pitcher-643355,0.12841,0.19089,0.19518,False,False
pitcher-643361,-0.25591,0.18124,-1.1388,False,False
pitcher-643377,0.4351,0.25344,11.93052,False,True
pitcher-643396,-0.03659,0.05105,-0.01354,False,False
pitcher-643400,-0.24528,0.1141,-0.46359,True,False
pitcher-643410,0.36293,0.2045,11.06207,False,True
pitcher-643414,-0.00599,0.01487,-0.00269,False,False
pitcher-643466,0.35596,0.17704,1.66946,True,False
pitcher-643478,0.06037,0.22236,0.12738,False,False
pitcher-643493,0.84038,0.24026,19.62289,True,True
pitcher-643511,-0.70195,0.32959,-20.98825,True,True
pitcher-643524,0.03594,0.03973,0.00575,False,False
pitcher-643532,0.0925,0.05387,0.06012,False,False
pitcher-643550,-0.02209,0.02246,-0.00618,False,False
pitcher-643565,0.06211,0.06251,0.00621,False,False
pitcher-643603,0.05906,0.07543,0.04724,False,False
pitcher-643615,-0.06725,0.236,-0.40012,False,False
pitcher-643617,0.3624,0.20673,2.16356,False,False
pitcher-643778,-0.3507,0.26716,-3.749,False,False
pitcher-644364,-0.13,0.25376,-1.07247,False,False
pitcher-644374,0.01622,0.01169,0.0013,False,False
pitcher-644428,-0.03619,0.17173,-0.09447,False,False
pitcher-644429,0.15893,0.09798,0.1192,False,False
pitcher-645261,-0.18561,0.26486,-14.19,False,True
pitcher-645305,0.00548,0.0053,0.00038,False,False
pitcher-645307,-0.03979,0.14955,-0.02586,False,False
pitcher-645444,-0.04999,0.09299,-0.0175,False,False
pitcher-645801,0.31115,0.25867,0.18047,False,False
pitcher-646241,-0.09529,0.14194,-0.06099,False,False
pitcher-646242,-0.18333,0.13727,-0.79748,False,False
pitcher-647315,0.14485,0.22252,1.80054,False,False
pitcher-647336,-0.62196,0.26579,-21.20889,True,True
pitcher-647351,0.05331,0.05169,0.0032,False,False
pitcher-648737,0.29394,0.16202,0.85536,False,False
pitcher-649144,0.10263,0.27534,0.46183,False,False
pitcher-650204,0.08264,0.21151,0.138,False,False
pitcher-650339,-0.00878,0.00986,-0.00018,False,False
pitcher-650347,0.09053,0.20188,0.10501,False,False
pitcher-650382,-0.51796,0.23326,-5.22105,True,False
pitcher-650489,-0.14242,0.11037,-0.047,False,False
pitcher-650496,-0.02894,0.20035,-0.18611,False,False
pitcher-650530,0.24578,0.19089,1.85565,False,False
pitcher-650556,-0.19719,0.20138,-5.7047,False,True
pitcher-650633,0.30999,0.27573,13.49374,False,True
pitcher-650644,0.85084,0.27757,52.78615,True,True
pitcher-650668,-0.00568,0.11358,-0.01703,False,False
pitcher-650671,-0.07476,0.24549,-0.95318,False,False
pitcher-650738,-0.04598,0.04575,-0.00736,False,False
pitcher-650813,0.00221,0.06117,0.0011,False,False
pitcher-650828,0.09402,0.24791,0.83676,False,False
pitcher-650893,-0.10966,0.24006,-2.89929,False,True
pitcher-650895,-0.46145,0.23586,-10.4334,False,True
pitcher-650907,0.02505,0.02552,0.00376,False,False
pitcher-650911,-0.27078,0.26642,-10.25988,False,True
pitcher-650959,-0.28394,0.15781,-0.95405,False,False
pitcher-650960,-0.32549,0.15856,-1.13923,True,False
pitcher-655889,-0.1553,0.20217,-1.1539,False,False
pitcher-656004,-0.05722,0.06799,-0.01831,False,False
pitcher-656008,0.03691,0.02918,0.00664,False,False
pitcher-656061,0.57802,0.27408,7.49689,True,False
pitcher-656186,-0.43735,0.25402,-5.48433,False,False
pitcher-656212,-0.22252,0.2063,-0.77437,False,False
pitcher-656222,0.40364,0.22049,13.30391,False,True
pitcher-656232,-0.69331,0.27447,-12.5627,True,False
pitcher-656234,-0.54128,0.25511,-10.92311,True,True
pitcher-656240,-0.18223,0.23032,-1.02231,False,False
pitcher-656257,-0.14481,0.22465,-1.61757,False,False
pitcher-656266,-0.22155,0.1455,-0.51401,False,False
pitcher-656271,-0.05735,0.27083,-1.18195,False,True
pitcher-656288,0.44003,0.26193,21.54374,False,True
pitcher-656290,-0.20747,0.17808,-0.50415,False,False
pitcher-656302,0.60833,0.22064,54.35409,True,True
pitcher-656322,-0.42656,0.22561,-4.02673,False,False
pitcher-656353,-1.038,0.35787,-11.49067,True,False
pitcher-656354,-0.04608,0.26589,-0.68791,False,False
pitcher-656382,-0.15397,0.14825,-0.3141,False,False
pitcher-656412,0.5761,0.2807,8.66456,True,False
pitcher-656420,0.32266,0.2483,2.67809,False,False
pitcher-656427,0.14125,0.2189,12.17738,False,True
pitcher-656457,-0.19904,0.20645,-2.37255,False,False
pitcher-656458,0.25316,0.1922,2.12403,False,False
pitcher-656464,0.07464,0.24949,1.64354,False,True
pitcher-656492,-0.07482,0.08023,-0.05312,False,False
pitcher-656529,-0.07534,0.23754,-1.26342,False,False
pitcher-656546,-0.20349,0.23816,-9.19183,False,True
pitcher-656547,0.36459,0.27768,5.14794,False,False
pitcher-656548,0.18735,0.17035,0.7644,False,False
pitcher-656550,-0.30277,0.25279,-4.20243,False,False
pitcher-656557,-0.02438,0.24775,-0.95336,False,True
pitcher-656577,-0.0499,0.04595,-0.00749,False,False
pitcher-656578,0.18595,0.17481,1.19936,False,False
pitcher-656605,-0.20876,0.19564,-15.16013,False,True
pitcher-656620,0.0754,0.07291,0.06333,False,False
pitcher-656629,-0.70811,0.21885,-27.0497,True,True
pitcher-656638,0.62898,0.27,9.9882,True,False
pitcher-656641,-0.43528,0.24944,-5.1102,False,False
pitcher-656657,-0.47194,0.23015,-2.82218,True,False
pitcher-656669,-0.06683,0.07148,-0.01203,False,False
pitcher-656671,0.03623,0.04592,0.01631,False,False
pitcher-656685,0.33882,0.24955,4.26573,False,False
pitcher-656686,-0.09629,0.17918,-0.76938,False,False
pitcher-656713,0.18823,0.17304,0.82446,False,False
pitcher-656716,0.00714,0.04882,0.00207,False,False
pitcher-656725,-0.05628,0.18382,-0.20599,False,False
pitcher-656730,-0.16993,0.26033,-2.63731,False,False
pitcher-656731,-0.38889,0.21852,-13.95712,False,True
pitcher-656738,0.01795,0.13144,0.03429,False,False
pitcher-656755,0.14254,0.07542,0.05274,False,False
pitcher-656756,0.11609,0.18526,7.66745,False,True
pitcher-656786,-0.09292,0.20756,-0.25647,False,False
pitcher-656793,-0.02505,0.24526,-0.25525,False,False
pitcher-656794,0.11444,0.28249,5.65459,False,True
pitcher-656798,-0.05102,0.19461,-0.17246,False,False
pitcher-656803,-0.24365,0.19009,-1.06718,False,False
pitcher-656805,0.1924,0.15502,0.24435,False,False
pitcher-656814,-0.14635,0.11888,-0.41856,False,False
pitcher-656818,0.0797,0.22059,0.38974,False,False
pitcher-656820,-0.05215,0.0988,-0.04224,False,False
pitcher-656848,0.03087,0.18048,0.09383,False,False
pitcher-656849,0.61482,0.25523,32.56708,True,True
pitcher-656876,0.11408,0.22695,3.96528,False,True
pitcher-656887,0.36738,0.28849,4.75024,False,False
pitcher-656896,0.00526,0.03611,0.00284,False,False
pitcher-656913,0.02565,0.02743,0.00692,False,False
pitcher-656924,-0.15313,0.13494,-0.23735,False,False
pitcher-656945,-0.07978,0.2215,-2.7772,False,True
pitcher-656954,0.28304,0.27485,4.75507,False,False
pitcher-656970,0.11736,0.29491,1.49514,False,False
pitcher-656976,-0.02041,0.02025,-0.00225,False,False
pitcher-656977,-0.17468,0.15848,-0.76335,False,False
pitcher-656981,0.09583,0.11054,0.25204,False,False
pitcher-656986,-0.35065,0.26426,-1.97068,False,False
pitcher-657006,-1.39453,0.29006,-53.53591,True,True
pitcher-657024,0.35684,0.25868,7.46873,False,True
pitcher-657031,0.06833,0.20085,0.68872,False,False
pitcher-657041,0.04756,0.04671,0.00523,False,False
pitcher-657044,-0.55643,0.29079,-10.41636,False,False
pitcher-657053,-0.03391,0.26286,-0.96337,False,True
pitcher-657061,-0.00061,0.00088,-3e-05,False,False
pitcher-657093,0.02003,0.19222,0.27277,False,False
pitcher-657097,-0.31608,0.25219,-6.07506,False,False
pitcher-657117,0.04655,0.07352,0.04608,False,False
pitcher-657140,-0.61497,0.26101,-14.29201,True,True
pitcher-657141,-0.0986,0.2261,-0.90222,False,False
pitcher-657193,0.00529,0.00543,0.00026,False,False
pitcher-657205,-0.06065,0.15507,-0.23047,False,False
pitcher-657209,0.00679,0.04481,0.00204,False,False
pitcher-657228,0.12245,0.16994,0.40532,False,False
pitcher-657240,0.24515,0.24848,3.2384,False,False
pitcher-657248,0.0761,0.2503,1.10197,False,False
pitcher-657265,0.32457,0.20913,2.48299,False,False
pitcher-657272,-0.03401,0.16154,-0.09455,False,False
pitcher-657277,0.72073,0.21573,62.02573,True,True
pitcher-657376,-0.741,0.30331,-25.29034,True,True
pitcher-657424,0.05653,0.22378,0.23688,False,False
pitcher-657508,-0.22187,0.24234,-3.1018,False,False
pitcher-657514,-0.03918,0.25179,-0.5575,False,False
pitcher-657566,-0.03181,0.08591,-0.05217,False,False
pitcher-657571,-0.41845,0.26266,-11.36087,False,True
pitcher-657585,0.264,0.25499,3.73828,False,False
pitcher-657610,0.1481,0.23061,1.59353,False,False
pitcher-657611,0.08223,0.07964,0.12746,False,False
pitcher-657612,-1.32986,0.30471,-40.08209,True,True
pitcher-657624,0.02912,0.23935,0.29611,False,False
pitcher-657649,-0.29062,0.26061,-4.12096,False,False
pitcher-657670,0.36476,0.20033,0.62009,False,False
pitcher-657681,0.17307,0.18471,0.31152,False,False
pitcher-657697,0.0026,0.09411,0.00362,False,False
pitcher-657745,-0.03484,0.02972,-0.00348,False,False
pitcher-657746,-0.1809,0.2554,-8.7427,False,True
pitcher-657756,-0.27186,0.27649,-2.80284,False,False
pitcher-657766,-0.07815,0.08186,-0.06877,False,False
pitcher-657770,0.47787,0.23967,1.32369,False,False
pitcher-657786,-0.01286,0.10374,-0.00617,False,False
pitcher-658069,0.00078,0.00119,4e-05,False,False
pitcher-658305,0.46414,0.21245,2.52956,True,False
pitcher-658431,-0.14411,0.11801,-0.45538,False,False
pitcher-658551,0.13308,0.22562,0.65477,False,False
pitcher-658648,0.11478,0.27554,1.45652,False,False
pitcher-658791,0.0094,0.05651,0.00517,False,False
pitcher-658792,0.08304,0.17657,0.27735,False,False
pitcher-659262,-0.04333,0.11528,-0.09446,False,False
pitcher-659275,0.14707,0.25596,4.66216,False,True
pitcher-660261,-0.46427,0.20916,-3.35665,True,False
pitcher-660271,-0.82878,0.22793,-35.12389,True,True
pitcher-660365,-0.11298,0.1564,-0.3039,False,False
pitcher-660422,-0.03216,0.03948,-0.01383,False,False
pitcher-660431,-0.07678,0.06425,-0.0238,False,False
pitcher-660494,-0.06912,0.06861,-0.1182,False,False
pitcher-660546,0.17982,0.13634,0.45676,False,False
pitcher-660593,-0.21973,0.14821,-0.47022,False,False
pitcher-660600,-0.36529,0.19975,-2.00908,False,False
pitcher-660604,-0.04022,0.13586,-0.03862,False,False
pitcher-660620,-0.01035,0.01057,-0.00052,False,False
pitcher-660623,0.19101,0.23888,1.96356,False,False
pitcher-660634,-0.00626,0.00633,-0.00019,False,False
pitcher-660636,0.07043,0.14781,0.02536,False,False
pitcher-660644,0.1188,0.10475,0.05109,False,False
pitcher-660730,-0.3493,0.22103,-1.7046,False,False
pitcher-660761,-0.47042,0.25118,-15.76388,False,True
pitcher-660787,0.24774,0.23808,1.84317,False,False
pitcher-660813,0.33341,0.24397,4.14093,False,False
pitcher-660825,-0.07319,0.265,-0.84898,False,False
pitcher-660844,-0.03493,0.06131,-0.00629,False,False
pitcher-660853,-0.49568,0.2487,-12.23328,False,True
pitcher-660875,-0.06486,0.10288,-0.02465,False,False
pitcher-660896,0.09663,0.288,1.74904,False,False
pitcher-660906,-0.02809,0.11521,-0.084,False,False
pitcher-661255,0.16909,0.20609,1.40348,False,False
pitcher-661269,0.40801,0.21795,5.41833,False,False
pitcher-661309,-0.35256,0.40771,-3.54676,False,False
pitcher-661383,-0.214,0.19953,-0.97157,False,False
pitcher-661395,-0.0651,0.24419,-1.1595,False,False
pitcher-661403,-0.14335,0.28185,-3.14932,False,True
pitcher-661440,0.06244,0.19201,0.36838,False,False
pitcher-661527,0.30613,0.24198,3.8082,False,False
pitcher-661531,0.00234,0.00224,0.00012,False,False
pitcher-661563,-0.30259,0.20423,-6.82343,False,True
pitcher-662253,0.43022,0.26592,8.94438,False,True
pitcher-663158,-0.57145,0.21138,-8.68032,True,False
pitcher-663321,-0.0719,0.13379,-0.1625,False,False
pitcher-663362,-0.81284,0.30476,-13.98084,True,False
pitcher-663366,-0.03234,0.17997,-0.06113,False,False
pitcher-663372,-0.52982,0.29115,-15.47083,False,True
pitcher-663378,0.00012,0.13337,0.00025,False,False
pitcher-663385,-0.04251,0.14151,-0.1373,False,False
pitcher-663399,-0.24231,0.1836,-0.98862,False,False
pitcher-663423,0.194,0.19556,6.61344,False,True
pitcher-663432,-0.59884,0.21627,-10.63534,True,False
pitcher-663436,-0.27733,0.20125,-5.63259,False,True
pitcher-663455,-0.48473,0.23951,-3.88754,True,False
pitcher-663460,-0.38873,0.22694,-15.60381,False,True
pitcher-663462,-0.16143,0.13362,-0.55048,False,False
pitcher-663465,-0.1818,0.27524,-5.13591,False,True
pitcher-663474,-0.61723,0.22698,-21.24492,True,True
pitcher-663485,-0.2573,0.25101,-4.21201,False,False
pitcher-663531,0.05203,0.23654,0.56194,False,False
pitcher-663534,0.00472,0.00453,0.00038,False,False
pitcher-663542,-0.58916,0.28777,-4.41867,True,False
pitcher-663546,1.10979,0.34354,14.24975,True,False
pitcher-663554,0.08816,0.2213,3.17389,False,True
pitcher-663556,-0.09755,0.23494,-2.87295,False,True
pitcher-663558,0.49949,0.21499,4.23071,True,False
pitcher-663559,-0.45603,0.30375,-16.26663,False,True
pitcher-663562,-0.2241,0.28661,-1.4499,False,False
pitcher-663567,0.05687,0.26353,1.17837,False,True
pitcher-663568,-0.29811,0.24964,-3.77412,False,False
pitcher-663574,-0.18807,0.28888,-2.77782,False,False
pitcher-663623,-0.91395,0.31225,-38.86128,True,True
pitcher-663629,-0.05653,0.07255,-0.0684,False,False
pitcher-663630,0.29176,0.22348,0.07294,False,False
pitcher-663658,-0.24683,0.22324,-1.00954,False,False
pitcher-663671,-0.08842,0.12472,-0.21132,False,False
pitcher-663687,-1.12642,0.23943,-20.21932,True,False
pitcher-663704,0.46592,0.24125,2.85608,False,False
pitcher-663734,0.14374,0.2218,0.59367,False,False
pitcher-663738,-0.52408,0.31392,-16.10503,False,True
pitcher-663752,-0.33699,0.11412,-0.91324,True,False
pitcher-663753,-0.18959,0.18073,-0.84178,False,False
pitcher-663765,0.00443,0.29189,0.10244,False,True
pitcher-663767,-0.07683,0.15734,-0.34418,False,False
pitcher-663770,0.15437,0.19525,0.43997,False,False
pitcher-663773,0.30322,0.21965,3.69325,False,False
pitcher-663776,-0.50882,0.21651,-23.79239,True,True
pitcher-663795,-0.11352,0.12126,-0.21114,False,False
pitcher-663804,0.21025,0.2504,1.96796,False,False
pitcher-663853,0.00067,0.00066,1e-05,False,False
pitcher-663855,-0.79151,0.29291,-30.86884,True,True
pitcher-663878,-0.13289,0.22616,-1.92296,False,False
pitcher-663893,0.04485,0.23272,0.43728,False,False
pitcher-663897,0.06095,0.04073,0.03779,False,False
pitcher-663903,0.40853,0.23723,30.70527,False,True
pitcher-663941,-0.24554,0.2943,-2.85314,False,False
pitcher-663947,0.30038,0.25336,5.74332,False,False
pitcher-663959,-0.01475,0.01784,-0.00605,False,False
pitcher-663967,-0.02119,0.02128,-0.00127,False,False
pitcher-663969,-0.22845,0.23397,-1.7956,False,False
pitcher-663971,-0.04386,0.04042,-0.00263,False,False
pitcher-663975,0.03422,0.02898,0.00308,False,False
pitcher-663978,-0.43656,0.254,-19.79345,False,True
pitcher-663986,-0.83739,0.21429,-13.61589,True,False
pitcher-663989,-0.21649,0.1536,-0.83999,False,False
pitcher-663992,-0.24703,0.22504,-2.32209,False,False
pitcher-664023,-0.01405,0.01482,-0.00042,False,False
pitcher-664028,-0.47116,0.2362,-2.01656,False,False
pitcher-664034,0.07125,0.08006,0.0114,False,False
pitcher-664042,-0.45356,0.2441,-3.69652,False,False
pitcher-664045,-0.68016,0.29904,-5.61136,True,False
pitcher-664054,0.42688,0.18013,2.12585,True,False
pitcher-664062,0.9683,0.27995,31.06306,True,True
pitcher-664068,0.01257,0.01362,0.00176,False,False
pitcher-664069,0.13133,0.09382,0.11688,False,False
pitcher-664074,0.2527,0.22579,1.23319,False,False
pitcher-664076,0.15982,0.26368,2.30773,False,False
pitcher-664079,-0.05108,0.05902,-0.03831,False,False
pitcher-664092,-0.12025,0.1496,-0.76957,False,False
pitcher-664123,0.19189,0.1751,1.24538,False,False
pitcher-664126,-0.41476,0.27137,-9.00021,False,True
pitcher-664129,-0.64582,0.29531,-5.07614,True,False
pitcher-664139,-0.66839,0.26946,-9.62478,True,False
pitcher-664141,0.77182,0.29666,21.45663,True,True
pitcher-664157,0.47872,0.19999,2.02976,True,False
pitcher-664161,-0.11646,0.1858,-0.38782,False,False
pitcher-664180,0.33885,0.16922,1.72811,True,False
pitcher-664192,0.66082,0.24928,24.00774,True,True
pitcher-664196,-0.08373,0.1257,-0.27548,False,False
pitcher-664199,0.70476,0.25993,19.14824,True,True
pitcher-664202,-0.05333,0.12489,-0.06347,False,False
pitcher-664208,-0.74034,0.21905,-29.03616,True,True
pitcher-664238,0.03655,0.0344,0.00621,False,False
pitcher-664285,-1.95364,0.24124,-162.21056,True,True
pitcher-664294,0.56412,0.22593,5.66373,True,False
pitcher-664299,-0.62347,0.24886,-29.71449,True,True
pitcher-664337,-0.23533,0.15982,-1.00016,False,False
pitcher-664350,-0.09662,0.15643,-0.55847,False,False
pitcher-664351,0.12395,0.08585,0.21567,False,False
pitcher-664353,-0.18818,0.2643,-5.76948,False,True
pitcher-664584,0.08271,0.07946,0.0612,False,False
pitcher-664641,0.05015,0.29264,0.90527,False,False
pitcher-664670,0.0271,0.02665,0.00271,False,False
pitcher-664682,-0.07006,0.12435,-0.20388,False,False
pitcher-664701,-0.04207,0.1736,-0.10056,False,False
pitcher-664714,0.05473,0.1824,0.12752,False,False
pitcher-664744,-0.07354,0.05386,-0.02059,False,False
pitcher-664747,-0.47166,0.19923,-8.40501,True,False
pitcher-664776,0.43271,0.25001,3.92036,False,False
pitcher-664789,0.02593,0.02265,0.00285,False,False
pitcher-664849,0.44961,0.17807,2.95393,True,False
pitcher-664852,0.01048,0.01242,0.00314,False,False
pitcher-664854,-0.21128,0.22259,-4.82347,False,True
pitcher-664856,0.42469,0.17357,1.86015,True,False
pitcher-664869,-0.09132,0.1539,-0.07032,False,False
pitcher-664871,0.07957,0.10881,0.2228,False,False
pitcher-664874,-0.00228,0.00257,-9e-05,False,False
pitcher-664875,-0.82483,0.27843,-17.00793,True,True
pitcher-664901,0.04234,0.07252,0.00974,False,False
pitcher-664918,-0.29067,0.22351,-1.29056,False,False
pitcher-664942,-0.12531,0.13234,-0.28196,False,False
pitcher-664944,-0.01992,0.10854,-0.02231,False,False
pitcher-664948,0.23645,0.22658,2.31725,False,False
pitcher-664977,-0.00484,0.07332,-0.00189,False,False
pitcher-664991,-0.12442,0.15238,-0.33344,False,False
pitcher-665001,-0.40829,0.19389,-2.22519,True,False
pitcher-665019,0.03512,0.14046,0.0281,False,False
pitcher-665048,-0.02322,0.15079,-0.04319,False,False
pitcher-665093,-0.00648,0.17762,-0.0182,False,False
pitcher-665120,-0.11925,0.07945,-0.0644,False,False
pitcher-665152,-0.83079,0.24098,-45.96757,True,True
pitcher-665155,0.00212,0.00272,0.0003,False,False
pitcher-665620,-0.25121,0.17175,-1.59772,False,False
pitcher-665621,-0.11009,0.24177,-0.78933,False,False
pitcher-665622,-0.29854,0.21664,-3.95261,False,False
pitcher-665625,0.08491,0.26779,0.96792,False,False
pitcher-665645,-0.06571,0.14887,-0.15048,False,False
pitcher-665660,0.03635,0.14534,0.14251,False,False
pitcher-665661,-0.05197,0.06156,-0.02391,False,False
pitcher-665665,-0.39215,0.24348,-3.1725,False,False
pitcher-665733,-0.08638,0.11071,-0.14339,False,False
pitcher-665734,-0.02233,0.08906,-0.03662,False,False
pitcher-665759,-0.00713,0.16283,-0.01169,False,False
pitcher-665795,-0.35366,0.29048,-13.78205,False,True
pitcher-665828,-0.01915,0.0198,-0.00211,False,False
pitcher-665854,0.09347,0.17467,0.29537,False,False
pitcher-665871,-0.05378,0.29217,-1.56768,False,True
pitcher-665896,-0.42034,0.19987,-1.9756,True,False
pitcher-666120,0.50205,0.24355,12.20989,True,True
pitcher-666129,0.41379,0.29528,10.67579,False,True
pitcher-666142,0.35269,0.26787,11.00731,False,True
pitcher-666149,-0.03912,0.04098,-0.00587,False,False
pitcher-666154,-0.12722,0.14242,-0.39184,False,False
pitcher-666157,-1.15046,0.32535,-38.48275,True,True
pitcher-666159,-0.67034,0.23949,-13.61451,True,True
pitcher-666163,-0.00461,0.00614,-0.00101,False,False
pitcher-666168,-0.45629,0.25107,-4.67239,False,False
pitcher-666171,-0.55925,0.21884,-3.52324,True,False
pitcher-666197,0.0456,0.04706,0.00319,False,False
pitcher-666200,0.67113,0.24033,38.21438,True,True
pitcher-666201,-0.17505,0.25054,-5.9517,False,True
pitcher-666204,0.48251,0.23649,3.79732,True,False
pitcher-666205,-0.37439,0.25633,-5.52231,False,False
pitcher-666207,-0.02114,0.09617,-0.01882,False,False
pitcher-666208,-0.0866,0.07993,-0.04936,False,False
pitcher-666214,-0.05965,0.28189,-1.62188,False,True
pitcher-666215,0.04527,0.10732,0.0842,False,False
pitcher-666277,-0.43061,0.2165,-4.72814,False,False
pitcher-666364,-0.17382,0.09975,-0.34243,False,False
pitcher-666374,-0.20177,0.20746,-3.31913,False,False
pitcher-666619,-0.25281,0.25251,-1.77728,False,False
pitcher-666622,0.00893,0.00937,0.00179,False,False
pitcher-666659,0.03143,0.08928,0.02609,False,False
pitcher-666661,-0.26796,0.15095,-0.81726,False,False
pitcher-666674,-0.02806,0.03125,-0.00365,False,False
pitcher-666711,0.00689,0.12695,0.01013,False,False
pitcher-666720,0.00937,0.17908,0.03345,False,False
pitcher-666721,0.18468,0.20213,0.96033,False,False
pitcher-666745,0.22093,0.28103,2.32421,False,False
pitcher-666808,-0.52997,0.22493,-13.27055,True,True
pitcher-666818,-0.23218,0.16926,-1.38149,False,False
pitcher-666974,-0.47433,0.24338,-8.02572,False,False
pitcher-667297,-0.08419,0.26085,-0.87978,False,False
pitcher-667373,-0.07663,0.08301,-0.04751,False,False
pitcher-667376,0.02106,0.17404,0.06466,False,False
pitcher-667427,0.36271,0.22966,2.54623,False,False
pitcher-667463,0.16296,0.28893,2.9529,False,False
pitcher-667465,0.27803,0.19732,0.5922,False,False
pitcher-667478,0.00083,0.0008,1e-05,False,False
pitcher-667498,0.0616,0.29119,0.48106,False,False
pitcher-667725,-0.2488,0.24029,-1.02258,False,False
pitcher-667755,-0.82679,0.31261,-22.27361,True,True
pitcher-668338,-0.02731,0.19772,-0.19278,False,False
pitcher-668390,0.00326,0.16837,0.01478,False,False
pitcher-668470,0.00674,0.00589,0.00034,False,False
pitcher-668472,0.0119,0.01096,0.00095,False,False
pitcher-668665,0.35108,0.19917,1.89583,False,False
pitcher-668670,-0.05004,0.17054,-0.01851,False,False
pitcher-668674,0.05659,0.27029,0.85277,False,False
pitcher-668676,0.18435,0.30164,6.6292,False,True
pitcher-668678,1.02599,0.22512,86.90173,True,True
pitcher-668683,-0.08398,0.16514,-0.07306,False,False
pitcher-668684,-0.1439,0.12481,-0.08203,False,False
pitcher-668687,-0.2553,0.27931,-1.19224,False,False
pitcher-668716,-0.16351,0.15982,-0.38099,False,False
pitcher-668754,-0.09389,0.11082,-0.05446,False,False
pitcher-668800,-0.02383,0.07426,-0.00691,False,False
pitcher-668820,-0.20823,0.2228,-1.17443,False,False
pitcher-668834,0.06674,0.1384,0.10278,False,False
pitcher-668868,0.07562,0.29826,0.82728,False,False
pitcher-668873,-0.07355,0.10714,-0.19784,False,False
pitcher-668874,-0.10363,0.10486,-0.03109,False,False
pitcher-668881,-0.07449,0.22684,-3.04307,False,True
pitcher-668909,-0.70921,0.31595,-20.14169,True,True
pitcher-668933,-0.47712,0.25296,-14.78128,False,True
pitcher-668941,0.29167,0.23719,4.6667,False,False
pitcher-668942,-0.01881,0.04005,-0.00658,False,False
pitcher-668943,-0.13327,0.0985,-0.13594,False,False
pitcher-668948,-0.11876,0.20394,-0.32541,False,False
pitcher-668964,0.45813,0.31657,6.47341,False,False
pitcher-668968,-0.17804,0.17463,-0.52167,False,False
pitcher-668970,-0.53069,0.19711,-2.69592,True,False
pitcher-668984,-0.44152,0.20921,-2.81689,True,False
pitcher-669020,-0.12127,0.18741,-0.41112,False,False
pitcher-669022,0.52975,0.23703,24.3155,True,True
pitcher-669060,0.20449,0.23257,7.53336,False,True
pitcher-669062,-0.17284,0.21029,-1.57458,False,False
pitcher-669064,-0.02208,0.07364,-0.01038,False,False
pitcher-669084,-0.4411,0.30004,-4.5654,False,False
pitcher-669093,-0.18734,0.22775,-2.18625,False,False
pitcher-669105,0.03018,0.05256,0.01418,False,False
pitcher-669111,0.17841,0.14426,0.22301,False,False
pitcher-669135,-0.03716,0.09035,-0.03641,False,False
pitcher-669145,-0.30736,0.29198,-3.94962,False,False
pitcher-669160,-0.59294,0.28308,-15.96206,True,True
pitcher-669165,0.15752,0.08766,0.06458,False,False
pitcher-669169,-0.11536,0.1699,-1.39355,False,False
pitcher-669193,-0.0067,0.00762,-0.00114,False,False
pitcher-669194,-0.95378,0.29196,-34.09754,True,True
pitcher-669199,0.14939,0.16732,0.99794,False,False
pitcher-669203,1.0933,0.21498,83.62613,True,True
pitcher-669211,0.07164,0.26604,2.15001,False,True
pitcher-669212,0.26769,0.24575,5.46351,False,True
pitcher-669214,-0.11324,0.15699,-0.43373,False,False
pitcher-669270,-0.24171,0.23795,-1.76931,False,False
pitcher-669276,-0.14107,0.1802,-1.84806,False,False
pitcher-669289,0.0222,0.02934,0.004,False,False
pitcher-669294,0.21314,0.18296,0.49449,False,False
pitcher-669302,-0.48346,0.25254,-29.64102,False,True
pitcher-669308,-0.20269,0.14465,-0.80873,False,False
pitcher-669330,0.10815,0.24323,2.59124,False,True
pitcher-669358,-0.4531,0.27692,-10.08602,False,True
pitcher-669371,0.32385,0.19417,1.69371,False,False
pitcher-669372,-0.18127,0.26575,-2.04106,False,False
pitcher-669373,-0.00371,0.25384,-0.20552,False,True
pitcher-669387,-0.25212,0.2814,-4.05908,False,False
pitcher-669391,0.07807,0.12549,0.09524,False,False
pitcher-669395,-0.74478,0.24136,-6.76263,True,False
pitcher-669422,0.1667,0.16132,0.65679,False,False
pitcher-669424,0.04513,0.25119,0.39717,False,False
pitcher-669432,-0.73405,0.23389,-31.94607,True,True
pitcher-669438,0.18524,0.25475,1.7579,False,False
pitcher-669449,-0.02896,0.0276,-0.0029,False,False
pitcher-669450,0.01566,0.01319,0.0011,False,False
pitcher-669456,0.55856,0.24443,36.99373,True,True
pitcher-669459,-0.0787,0.24712,-0.68547,False,False
pitcher-669461,-0.1318,0.27995,-3.50064,False,True
pitcher-669467,-0.79973,0.24832,-30.22193,True,True
pitcher-669618,0.36721,0.20581,1.9866,False,False
pitcher-669620,-0.02526,0.19564,-0.06922,False,False
pitcher-669622,0.1632,0.23102,2.7695,False,False
pitcher-669674,-0.0307,0.24001,-0.5606,False,False
pitcher-669684,-0.33489,0.2919,-2.48156,False,False
pitcher-669704,-0.39881,0.17527,-0.82953,True,False
pitcher-669707,-0.05323,0.05415,-0.00532,False,False
pitcher-669711,-0.08287,0.25139,-1.13118,False,False
pitcher-669713,-0.68084,0.24975,-12.52749,True,False
pitcher-669717,0.11357,0.11376,0.01704,False,False
pitcher-669721,0.08476,0.24543,0.37886,False,False
pitcher-669722,-0.00766,0.00886,-0.00092,False,False
pitcher-669724,0.14913,0.21431,1.13487,False,False
pitcher-669735,0.07304,0.15006,0.19721,False,False
pitcher-669742,0.01379,0.01398,0.00055,False,False
pitcher-669796,0.40144,0.19842,1.95101,True,False
pitcher-669804,0.01424,0.12221,0.01396,False,False
pitcher-669854,0.05097,0.32262,1.14076,False,True
pitcher-669912,-0.32107,0.25454,-2.2122,False,False
pitcher-669920,-0.3558,0.24751,-4.6503,False,False
pitcher-669923,0.52852,0.30068,24.1743,False,True
pitcher-669935,0.07848,0.16392,0.25192,False,False
pitcher-669947,0.0599,0.29045,0.484,False,False
pitcher-669952,-0.09916,0.24342,-1.51617,False,False
pitcher-670032,-0.05551,0.04265,-0.02331,False,False
pitcher-670036,-0.39465,0.24092,-5.48172,False,False
pitcher-670042,-0.06982,0.04529,-0.01326,False,False
pitcher-670046,0.14094,0.24812,0.79633,False,False
pitcher-670050,0.01263,0.03267,0.00505,False,False
pitcher-670056,-0.21129,0.13546,-0.73105,False,False
pitcher-670057,0.1113,0.10231,0.02671,False,False
pitcher-670059,-0.25592,0.27157,-3.53686,False,False
pitcher-670087,0.01519,0.03544,0.00501,False,False
pitcher-670090,-0.67037,0.26672,-2.61443,True,False
pitcher-670097,-0.05952,0.08345,-0.02857,False,False
pitcher-670102,-0.26391,0.28271,-4.06689,False,False
pitcher-670103,-0.0742,0.07244,-0.00742,False,False
pitcher-670124,-0.0937,0.30307,-1.17403,False,False
pitcher-670156,0.06854,0.05678,0.01508,False,False
pitcher-670161,0.0765,0.08205,0.02218,False,False
pitcher-670167,0.15694,0.25374,3.64269,False,True
pitcher-670174,0.00476,0.24442,0.09643,False,True
pitcher-670183,-0.07105,0.09065,-0.06039,False,False
pitcher-670219,-0.00537,0.00698,-0.00124,False,False
pitcher-670223,0.00158,0.00357,0.00035,False,False
pitcher-670241,0.01382,0.12611,0.03647,False,False
pitcher-670242,0.11821,0.11374,0.01418,False,False
pitcher-670280,0.59692,0.25277,14.52313,True,True
pitcher-670288,0.06096,0.07541,0.0506,False,False
pitcher-670329,-0.16059,0.22563,-0.9876,False,False
pitcher-670426,0.39318,0.17343,0.73525,True,False
pitcher-670456,0.18543,0.13897,0.77139,False,False
pitcher-670550,-0.03629,0.13384,-0.0606,False,False
pitcher-670712,0.14917,0.10266,0.11934,False,False
pitcher-670766,0.1815,0.17075,1.05634,False,False
pitcher-670768,0.16352,0.10365,0.07686,False,False
pitcher-670810,0.06891,0.17546,0.2274,False,False
pitcher-670871,-0.14522,0.18725,-0.24252,False,False
pitcher-670912,-0.62291,0.27587,-19.80234,True,True
pitcher-670950,0.37755,0.22565,18.86613,False,True
pitcher-670955,-0.11582,0.21997,-1.41994,False,False
pitcher-670970,-0.56536,0.26131,-9.07963,True,False
pitcher-670990,0.03831,0.25859,0.73858,False,False
pitcher-671096,-0.51825,0.27747,-17.77592,False,True
pitcher-671106,-0.43151,0.34836,-14.4815,False,True
pitcher-671109,-0.08359,0.08779,-0.14461,False,False
pitcher-671111,0.12746,0.17674,0.55445,False,False
pitcher-671131,-0.21277,0.24475,-1.98301,False,False
pitcher-671162,-0.01275,0.09969,-0.00778,False,False
pitcher-671212,-0.4731,0.23414,-5.63462,True,False
pitcher-671305,0.2663,0.17341,0.96135,False,False
pitcher-671345,0.01182,0.22162,0.18205,False,False
pitcher-671737,-0.25487,0.25897,-7.85509,False,True
pitcher-671790,-0.41264,0.14182,-1.91466,True,False
pitcher-671922,0.05764,0.21776,0.63979,False,False
pitcher-672282,-0.57923,0.24338,-22.12073,True,True
pitcher-672335,-0.56257,0.27603,-11.5777,True,True
pitcher-672391,-0.11327,0.24609,-1.1678,False,False
pitcher-672456,0.11449,0.26606,1.72988,False,False
pitcher-672552,0.16892,0.15964,0.15371,False,False
pitcher-672578,0.29056,0.23289,7.36576,False,True
pitcher-672582,-0.5227,0.25304,-8.30049,True,False
pitcher-672710,0.57006,0.2404,11.35561,True,False
pitcher-672715,-0.42343,0.23525,-5.1023,False,False
pitcher-672724,0.03578,0.03601,0.0068,False,False
pitcher-672730,-0.10568,0.10769,-0.1004,False,False
pitcher-672773,0.29458,0.15674,0.87489,False,False
pitcher-672782,-0.1346,0.22922,-0.90047,False,False
pitcher-672839,-0.00298,0.08362,-0.00158,False,False
pitcher-672841,-0.88034,0.26408,-5.1676,True,False
pitcher-672851,0.2805,0.202,3.43894,False,False
pitcher-672860,0.08938,0.18379,0.18234,False,False
pitcher-672911,0.03507,0.03813,0.03367,False,False
pitcher-673111,-0.02411,0.02308,-0.00699,False,False
pitcher-673258,0.26357,0.21604,0.83026,False,False
pitcher-673316,0.13687,0.08311,0.03148,False,False
pitcher-673380,0.17036,0.17166,0.50086,False,False
pitcher-673513,-0.37317,0.24087,-3.64587,False,False
pitcher-673540,-0.1055,0.25457,-2.4939,False,True
pitcher-673633,0.74796,0.26908,7.95835,True,False
pitcher-673820,-0.0909,0.1273,-0.0309,False,False
pitcher-673858,-0.09766,0.09334,-0.03028,False,False
pitcher-673904,0.01802,0.02812,0.00649,False,False
pitcher-673929,-0.28243,0.19598,-2.33289,False,False
pitcher-673965,0.01774,0.02328,0.00568,False,False
pitcher-674003,0.26217,0.29216,2.82356,False,False
pitcher-674072,-0.65962,0.2861,-9.5975,True,False
pitcher-674285,-0.60438,0.22613,-3.97682,True,False
pitcher-674370,-0.38155,0.25728,-6.44056,False,False
pitcher-674384,-0.10504,0.08514,-0.13235,False,False
pitcher-674444,-0.14823,0.17291,-0.72486,False,False
pitcher-674681,-0.0652,0.07332,-0.05477,False,False
pitcher-674841,-0.64585,0.29583,-1.54358,True,False
pitcher-674944,-0.13789,0.21751,-0.53089,False,False
pitcher-675512,-0.16624,0.16794,-0.55193,False,False
pitcher-675540,-0.26762,0.29594,-3.08564,False,False
pitcher-675627,-0.67068,0.2636,-7.80669,True,False
pitcher-675650,0.20872,0.11611,0.37987,False,False
pitcher-675848,-0.16036,0.21222,-0.86754,False,False
pitcher-675911,-0.5961,0.23328,-21.17351,True,True
pitcher-675912,0.2549,0.16224,0.8998,False,False
pitcher-675916,0.4598,0.22177,7.6557,True,False
pitcher-675919,-0.01733,0.02444,-0.00277,False,False
pitcher-675921,-0.10006,0.26005,-1.37184,False,False
pitcher-675971,-0.05606,0.05454,-0.00561,False,False
pitcher-675989,0.41742,0.22272,1.84917,False,False
pitcher-676050,-0.03508,0.18172,-0.18239,False,False
pitcher-676051,-0.01864,0.22643,-0.1303,False,False
pitcher-676070,0.00168,0.00174,2e-05,False,False
pitcher-676083,0.09235,0.23619,0.97614,False,False
pitcher-676092,0.23831,0.2631,2.48085,False,False
pitcher-676103,-0.07985,0.07842,-0.0527,False,False
pitcher-676105,-0.05367,0.13543,-0.09714,False,False
pitcher-676106,0.45834,0.21233,5.81177,True,False
pitcher-676130,-0.08331,0.27449,-1.33884,False,False
pitcher-676194,-0.19324,0.14759,-0.38261,False,False
pitcher-676206,0.27488,0.24106,0.64323,False,False
pitcher-676220,0.13046,0.13426,0.32876,False,False
pitcher-676254,-0.95434,0.24343,-16.95864,True,False
pitcher-676263,0.00213,0.20839,0.01117,False,False
pitcher-676265,-0.25165,0.20583,-2.34542,False,False
pitcher-676272,0.21277,0.23475,3.30639,False,False
pitcher-676282,-0.85039,0.21138,-10.73195,True,False
pitcher-676391,0.05261,0.04506,0.01894,False,False
pitcher-676395,0.36002,0.2667,4.10065,False,False
pitcher-676424,0.02401,0.06158,0.02377,False,False
pitcher-676428,0.09514,0.24045,0.85154,False,False
pitcher-676440,-0.05553,0.25305,-2.26112,False,True
pitcher-676467,-0.67422,0.27012,-4.71283,True,False
pitcher-676475,0.0437,0.0644,0.00787,False,False
pitcher-676477,0.15576,0.26859,3.68984,False,True
pitcher-676508,-0.53875,0.22585,-3.60963,True,False
pitcher-676510,0.00965,0.0108,0.00116,False,False
pitcher-676534,0.52382,0.22151,8.28162,True,False
pitcher-676568,-0.06153,0.03512,-0.01354,False,False
pitcher-676571,0.08183,0.19539,0.1833,False,False
pitcher-676596,0.61736,0.29113,12.53862,True,True
pitcher-676604,-0.00392,0.21056,-0.02705,False,False
pitcher-676606,0.07351,0.25543,0.72041,False,False
pitcher-676609,0.0631,0.06483,0.01073,False,False
pitcher-676614,0.2702,0.24015,0.47826,False,False
pitcher-676617,-0.09268,0.15735,-0.49122,False,False
pitcher-676632,-0.01031,0.01056,-0.00062,False,False
pitcher-676637,0.01307,0.10742,0.01229,False,False
pitcher-676641,-0.10028,0.10108,-0.16547,False,False
pitcher-676660,0.10971,0.18419,0.08886,False,False
pitcher-676661,-0.34483,0.22349,-1.5069,False,False
pitcher-676664,-0.65398,0.20992,-30.21366,True,True
pitcher-676679,0.08856,0.08471,0.01506,False,False
pitcher-676680,0.09121,0.21831,0.58919,False,False
pitcher-676684,0.30264,0.23819,6.99088,False,True
pitcher-676689,-0.04887,0.05169,-0.00733,False,False
pitcher-676701,0.03725,0.05476,0.00708,False,False
pitcher-676702,0.06463,0.19043,0.31732,False,False
pitcher-676709,0.15044,0.10675,0.10982,False,False
pitcher-676710,-0.32405,0.27349,-9.44278,False,True
pitcher-676714,0.12246,0.23996,0.92214,False,False
pitcher-676720,-0.02958,0.05318,-0.03076,False,False
pitcher-676724,-0.02352,0.02306,-0.00141,False,False
pitcher-676742,-0.03917,0.08698,-0.03133,False,False
pitcher-676755,0.09377,0.17046,0.44635,False,False
pitcher-676760,0.12889,0.23743,1.45261,False,False
pitcher-676766,-0.00836,0.04447,-0.00418,False,False
pitcher-676775,0.00195,0.20283,0.01415,False,False
pitcher-676801,0.0368,0.04449,0.01251,False,False
pitcher-676831,0.19585,0.15486,0.69721,False,False
pitcher-676840,0.05346,0.27129,0.38813,False,False
pitcher-676879,0.22621,0.23945,4.67344,False,True
pitcher-676886,-0.13998,0.10908,-0.31076,False,False
pitcher-676917,-0.02337,0.147,-0.10025,False,False
pitcher-676946,-0.00504,0.02671,-0.00061,False,False
pitcher-676961,-0.22899,0.19634,-1.07854,False,False
pitcher-676962,-0.16559,0.25206,-2.16757,False,False
pitcher-676969,0.08682,0.19841,0.5409,False,False
pitcher-676974,-0.52457,0.30473,-5.445,False,False
pitcher-676979,-1.15799,0.30358,-37.7619,True,True
pitcher-677020,-0.19825,0.12775,-0.52537,False,False
pitcher-677053,-0.13714,0.18818,-1.43861,False,False
pitcher-677076,0.1856,0.09919,0.09651,False,False
pitcher-677161,0.0026,0.20668,0.02528,False,False
pitcher-677649,0.02232,0.03585,0.0029,False,False
pitcher-677651,-0.07773,0.2994,-2.17569,False,True
pitcher-677865,-0.24299,0.22621,-1.58913,False,False
pitcher-677944,-0.05919,0.22959,-1.11872,False,False
pitcher-677952,-0.38187,0.20761,-1.98189,False,False
pitcher-677955,0.13473,0.14779,0.41631,False,False
pitcher-677958,-0.84917,0.21691,-5.37525,True,False
pitcher-677960,-0.02802,0.2791,-0.70011,False,True
pitcher-677961,-0.14239,0.14013,-0.03133,False,False
pitcher-677976,0.16271,0.22403,1.77029,False,False
pitcher-678011,-0.03721,0.03791,-0.00186,False,False
pitcher-678020,-0.28234,0.16529,-1.14066,False,False
pitcher-678022,-0.29478,0.22508,-0.94331,False,False
pitcher-678024,-0.35688,0.21819,-3.2155,False,False
pitcher-678061,-0.27499,0.13837,-1.19619,False,False
pitcher-678215,-0.00349,0.07716,-0.00377,False,False
pitcher-678226,-0.24844,0.19694,-1.4285,False,False
pitcher-678316,-0.04992,0.05047,-0.02296,False,False
pitcher-678368,-0.72989,0.26402,-8.88271,True,False
pitcher-678394,0.16746,0.21155,7.69632,False,True
pitcher-678495,-0.25402,0.22498,-2.09311,False,False
pitcher-678606,-0.55999,0.24782,-6.14873,True,False
pitcher-678692,0.29548,0.24526,2.28112,False,False
pitcher-678821,-0.06101,0.15184,-0.20742,False,False
pitcher-678906,-0.21009,0.14828,-0.85506,False,False
pitcher-679156,-0.02769,0.06648,-0.04653,False,False
pitcher-679346,-0.00948,0.12724,-0.00692,False,False
pitcher-679358,-0.34619,0.21993,-1.20129,False,False
pitcher-679525,0.60903,0.23846,10.74931,True,False
pitcher-679775,-0.37878,0.16174,-0.85605,True,False
pitcher-679845,0.00777,0.00776,0.00031,False,False
pitcher-679883,0.00453,0.10275,0.00485,False,False
pitcher-679885,-0.6128,0.24307,-5.34971,True,False
pitcher-679922,-0.06234,0.06756,-0.01372,False,False
pitcher-680232,-0.03108,0.03035,-0.01181,False,False
pitcher-680430,0.0035,0.00366,0.00031,False,False
pitcher-680570,-0.11118,0.17929,-2.10797,False,False
pitcher-680572,0.0028,0.0028,0.00022,False,False
pitcher-680573,-0.54789,0.26174,-11.51656,True,True
pitcher-680604,0.00597,0.0078,0.00143,False,False
pitcher-680684,-0.24502,0.09173,-0.71056,True,False
pitcher-680686,0.48882,0.25376,16.92789,False,True
pitcher-680689,-0.1572,0.17113,-0.90233,False,False
pitcher-680692,0.04201,0.10216,0.03361,False,False
pitcher-680694,-0.05088,0.2598,-1.52739,False,True
pitcher-680701,0.01084,0.01085,0.00163,False,False
pitcher-680702,-0.02995,0.14138,-0.04642,False,False
pitcher-680704,-0.92216,0.28808,-17.80684,True,False
pitcher-680723,-0.64608,0.27857,-2.37112,True,False
pitcher-680729,-0.13252,0.09893,-0.13649,False,False
pitcher-680730,0.00453,0.29492,0.10687,False,True
pitcher-680732,-0.64429,0.25834,-8.67215,True,False
pitcher-680735,0.23245,0.1956,1.2041,False,False
pitcher-680736,-0.81171,0.27302,-6.78587,True,False
pitcher-680739,0.8682,0.1817,7.63151,True,False
pitcher-680742,0.06633,0.18628,0.2799,False,False
pitcher-680744,-0.07096,0.14132,-0.13412,False,False
pitcher-680755,0.74538,0.19657,3.31695,True,False
pitcher-680767,-0.09327,0.24499,-1.20785,False,False
pitcher-680837,-0.01167,0.01218,-0.0014,False,False
pitcher-680862,0.09134,0.09029,0.00639,False,False
pitcher-680880,0.13443,0.12404,0.44495,False,False
pitcher-680885,-0.62424,0.29256,-9.78803,True,False
pitcher-680891,0.01711,0.0482,0.00736,False,False
pitcher-680897,-0.41156,0.21235,-1.63801,False,False
pitcher-680911,-0.02867,0.02867,-0.00516,False,False
pitcher-680951,0.05543,0.03974,0.03437,False,False
pitcher-680983,0.03678,0.0259,0.00625,False,False
pitcher-681006,-0.44729,0.18997,-1.43134,True,False
pitcher-681035,0.19295,0.17816,0.71969,False,False
pitcher-681066,-0.30702,0.17016,-0.56799,False,False
pitcher-681146,-0.19155,0.1002,-0.11301,False,False
pitcher-681151,-0.13509,0.10205,-0.11077,False,False
pitcher-681168,-0.18348,0.14758,-0.31191,False,False
pitcher-681190,-1.35143,0.35931,-30.75858,True,True
pitcher-681217,-0.27722,0.24721,-2.59751,False,False
pitcher-681293,-0.43647,0.27856,-7.04892,False,False
pitcher-681343,-0.85374,0.24526,-10.0656,True,False
pitcher-681347,0.45156,0.26082,3.56735,False,False
pitcher-681402,0.43968,0.17622,1.88185,True,False
pitcher-681432,-0.34035,0.23107,-1.358,False,False
pitcher-681464,-0.03202,0.03708,-0.01313,False,False
pitcher-681517,-0.40468,0.25165,-3.99013,False,False
pitcher-681584,0.00339,0.00366,0.0002,False,False
pitcher-681676,-0.43976,0.24616,-3.5489,False,False
pitcher-681751,-0.05036,0.03938,-0.02467,False,False
pitcher-681799,-0.30406,0.16322,-1.2193,False,False
pitcher-681806,0.3287,0.20644,3.32316,False,False
pitcher-681807,-0.12302,0.10495,-0.03814,False,False
pitcher-681808,0.00462,0.00434,0.00028,False,False
pitcher-681810,0.14379,0.17981,0.66287,False,False
pitcher-681857,0.37577,0.33404,9.13505,False,True
pitcher-681867,7e-05,0.26793,0.00096,False,False
pitcher-681869,0.19395,0.18735,1.61363,False,False
pitcher-681870,-0.39761,0.17148,-1.36381,True,False
pitcher-681871,-0.07647,0.04705,-0.02906,False,False
pitcher-681882,-0.10451,0.16673,-0.41596,False,False
pitcher-681885,0.00862,0.0713,0.00802,False,False
pitcher-681892,-0.24916,0.21397,-2.15274,False,False
pitcher-681895,-0.27951,0.2063,-0.54785,False,False
pitcher-681911,-0.01349,0.26128,-0.31307,False,True
pitcher-681916,-0.0802,0.07821,-0.06015,False,False
pitcher-681962,0.05592,0.07426,0.00783,False,False
pitcher-681982,-0.58001,0.30315,-6.8789,False,False
pitcher-681987,-0.04654,0.06091,-0.00838,False,False
pitcher-682010,0.14635,0.16557,0.24879,False,False
pitcher-682016,0.02101,0.02061,0.00399,False,False
pitcher-682027,0.05376,0.05053,0.0043,False,False
pitcher-682051,0.05639,0.18068,0.39697,False,False
pitcher-682052,-0.33274,0.22803,-3.6202,False,False
pitcher-682073,0.00366,0.00504,0.00044,False,False
pitcher-682120,-0.42594,0.26986,-4.93237,False,False
pitcher-682144,-0.00257,0.00369,-0.00039,False,False
pitcher-682171,0.31954,0.24497,2.30387,False,False
pitcher-682175,0.09287,0.1398,0.25633,False,False
pitcher-682227,0.10655,0.22819,1.21888,False,False
pitcher-682243,0.0519,0.24716,1.58046,False,True
pitcher-682254,-0.42295,0.21865,-1.96247,False,False
pitcher-682274,-0.44471,0.15848,-0.58257,True,False
pitcher-682515,0.06608,0.0733,0.00463,False,False
pitcher-682610,0.11565,0.19466,1.00385,False,False
pitcher-682790,-0.0563,0.09445,-0.1143,False,False
pitcher-682825,-0.13295,0.18194,-0.30577,False,False
pitcher-682842,-0.1823,0.25442,-1.89772,False,False
pitcher-682847,0.02681,0.27886,0.73379,False,True
pitcher-682967,0.00183,0.06628,0.00158,False,False
pitcher-682989,0.01569,0.13632,0.04298,False,False
pitcher-682990,-0.77861,0.26815,-16.37424,True,True
pitcher-682995,0.09407,0.06787,0.01881,False,False
pitcher-683003,-0.09357,0.2302,-0.83369,False,False
pitcher-683004,-0.54413,0.22909,-8.64083,True,False
pitcher-683021,0.00532,0.01669,0.00059,False,False
pitcher-683068,-0.01166,0.03214,-0.00466,False,False
pitcher-683155,0.08649,0.2705,0.89859,False,False
pitcher-683175,-0.12869,0.2116,-0.5315,False,False
pitcher-683232,-0.14568,0.19942,-1.98706,False,False
pitcher-683409,0.13092,0.21426,0.90862,False,False
pitcher-683568,0.01081,0.08024,0.00973,False,False
pitcher-683618,-0.13873,0.14213,-0.21781,False,False
pitcher-683627,0.24687,0.21165,1.96753,False,False
pitcher-683766,0.02179,0.04684,0.00414,False,False
pitcher-683769,0.04452,0.28109,0.63661,False,False
pitcher-683822,0.05551,0.04001,0.01832,False,False
pitcher-684007,-0.18967,0.26303,-3.96218,False,True
pitcher-684320,-0.43785,0.21975,-6.11672,False,False
pitcher-684974,-0.23044,0.1325,-0.24196,False,False
pitcher-685005,0.0161,0.03907,0.00419,False,False
pitcher-685068,-0.10539,0.07081,-0.04321,False,False
pitcher-685107,-0.12773,0.13521,-0.45727,False,False
pitcher-685116,-0.02089,0.11121,-0.01817,False,False
pitcher-685126,-0.13834,0.24484,-0.92829,False,False
pitcher-685299,-0.54185,0.27039,-4.42692,True,False
pitcher-685314,-0.30011,0.1734,-0.82831,False,False
pitcher-685326,-0.14803,0.22365,-0.39672,False,False
pitcher-685410,0.05475,0.25705,0.14453,False,False
pitcher-685493,-0.07438,0.13363,-0.17183,False,False
pitcher-685503,0.10892,0.24942,0.6165,False,False
pitcher-685801,0.06327,0.1707,0.15502,False,False
pitcher-686218,-0.06332,0.17108,-0.65597,False,False
pitcher-686228,-0.03625,0.05566,-0.03951,False,False
pitcher-686249,0.02473,0.02362,0.00198,False,False
pitcher-686294,0.2634,0.1669,0.61108,False,False
pitcher-686539,-0.24869,0.20843,-1.66873,False,False
pitcher-686563,-0.16645,0.25307,-3.21588,False,False
pitcher-686580,-0.15724,0.18702,-0.88209,False,False
pitcher-686610,-0.13539,0.26719,-2.1283,False,False
pitcher-686613,0.23664,0.21849,10.91136,False,True
pitcher-686642,-0.4297,0.20849,-1.80903,True,False
pitcher-686651,0.07212,0.10503,0.09159,False,False
pitcher-686654,0.05167,0.08249,0.0837,False,False
pitcher-686676,0.10151,0.09345,0.0203,False,False
pitcher-686701,-0.45977,0.26652,-3.0667,False,False
pitcher-686730,-0.52539,0.21826,-5.54287,True,False
pitcher-686747,0.26801,0.21283,1.27306,False,False
pitcher-686751,0.23889,0.17786,0.30339,False,False
pitcher-686752,-0.41469,0.28221,-12.96741,False,True
pitcher-686753,-0.75738,0.21651,-4.30192,True,False
pitcher-686790,-0.07388,0.07032,-0.09014,False,False
pitcher-686796,0.00591,0.06526,0.01053,False,False
pitcher-686799,-0.32435,0.24934,-4.25876,False,False
pitcher-686826,-0.69525,0.25941,-6.51446,True,False
pitcher-686839,0.23103,0.14527,0.75776,False,False
pitcher-686842,-0.09109,0.05207,-0.04372,False,False
pitcher-686930,-0.15645,0.07516,-0.34733,True,False
pitcher-686972,0.00849,0.09495,0.00688,False,False
pitcher-686973,-0.66108,0.25898,-10.25994,True,False
pitcher-686993,0.0165,0.21781,0.0906,False,False
pitcher-687003,-0.01768,0.08596,-0.01043,False,False
pitcher-687014,0.09572,0.08423,0.09859,False,False
pitcher-687064,-0.01784,0.17926,-0.08276,False,False
pitcher-687074,-0.06794,0.10577,-0.02785,False,False
pitcher-687075,-0.20086,0.10568,-0.29527,False,False
pitcher-687134,-0.27114,0.25603,-2.13661,False,False
pitcher-687145,0.15094,0.16948,0.17208,False,False
pitcher-687166,0.0211,0.01952,0.00401,False,False
pitcher-687209,-0.12054,0.09777,-0.10125,False,False
pitcher-687223,-0.51439,0.27937,-1.96495,False,False
pitcher-687287,-0.06026,0.05665,-0.0241,False,False
pitcher-687330,-0.18344,0.26949,-2.67093,False,False
pitcher-687362,-0.07271,0.21316,-0.23048,False,False
pitcher-687377,0.03005,0.10871,0.08414,False,False
pitcher-687396,0.01518,0.21831,0.06359,False,False
pitcher-687424,-0.01347,0.15142,-0.02654,False,False
pitcher-687473,-0.64774,0.18228,-5.59651,True,False
pitcher-687589,0.00033,0.00059,1e-05,False,False
pitcher-687606,0.15331,0.15532,0.35262,False,False
pitcher-687765,-0.13714,0.28746,-2.46434,False,False
pitcher-687792,0.33727,0.2134,2.6273,False,False
pitcher-687798,0.15764,0.1333,0.44298,False,False
pitcher-687830,-0.15742,0.19339,-0.61079,False,False
pitcher-687847,-0.18725,0.11229,-0.13108,False,False
pitcher-687849,0.0747,0.1153,0.124,False,False
pitcher-687863,-0.32774,0.21752,-2.15323,False,False
pitcher-687888,-0.23522,0.20144,-1.35015,False,False
pitcher-687911,-0.17753,0.24475,-1.27818,False,False
pitcher-687922,-0.07184,0.1495,-0.28521,False,False
pitcher-687924,-0.18698,0.18442,-0.47305,False,False
pitcher-687931,-0.07708,0.07924,-0.1557,False,False
pitcher-688010,0.0729,0.07039,0.02041,False,False
pitcher-688107,-0.14901,0.17983,-0.36359,False,False
pitcher-688138,-0.31658,0.24643,-2.25402,False,False
pitcher-688158,-0.03188,0.16223,-0.1186,False,False
pitcher-688297,0.07331,0.21046,0.37681,False,False
pitcher-688427,-0.04288,0.10024,-0.02401,False,False
pitcher-688497,0.21305,0.09028,0.41118,True,False
pitcher-688642,-0.19758,0.14967,-0.51963,False,False
pitcher-689017,-0.13014,0.21964,-1.30794,False,False
pitcher-689147,-0.60633,0.31015,-7.26381,False,False
pitcher-689167,0.03719,0.02456,0.02008,False,False
pitcher-689172,-0.06535,0.07193,-0.00327,False,False
pitcher-689225,-0.07844,0.25768,-1.30838,False,False
pitcher-689254,0.33108,0.18721,1.45675,False,False
pitcher-689266,-0.27269,0.20432,-1.35798,False,False
pitcher-689520,0.14089,0.11941,0.0634,False,False
pitcher-689672,0.14652,0.21775,0.54359,False,False
pitcher-689690,-0.03448,0.15363,-0.1617,False,False
pitcher-689958,-0.02559,0.05844,-0.01843,False,False
pitcher-689981,-0.08127,0.06056,-0.12434,False,False
pitcher-690382,-0.0389,0.0726,-0.03384,False,False
pitcher-690544,-0.39588,0.1328,-1.04909,True,False
pitcher-690829,-0.28159,0.19282,-1.12916,False,False
pitcher-690916,-0.22158,0.13483,-1.04585,False,False
pitcher-690925,-0.34062,0.20553,-0.90946,False,False
pitcher-690928,-0.14832,0.21518,-0.70603,False,False
pitcher-690953,-0.36529,0.16,-1.28581,True,False
pitcher-690986,-0.17326,0.28141,-2.94015,False,False
pitcher-690990,-0.28006,0.22834,-2.41968,False,False
pitcher-690997,0.00723,0.14574,0.03016,False,False
pitcher-691094,-0.12657,0.09354,-0.0405,False,False
pitcher-691172,0.19549,0.19045,0.4555,False,False
pitcher-691251,-0.05252,0.1198,-0.06671,False,False
pitcher-691441,-0.13713,0.0981,-0.11382,False,False
pitcher-691548,0.10177,0.06646,0.0458,False,False
pitcher-691587,0.2691,0.21198,4.05539,False,False
pitcher-691594,-0.05463,0.0968,-0.0448,False,False
pitcher-691769,-0.24509,0.13599,-0.09068,False,False
pitcher-691799,-0.1434,0.1933,-0.42733,False,False
pitcher-691951,-0.09645,0.13513,-0.27585,False,False
pitcher-692024,0.02968,0.08933,0.01365,False,False
pitcher-692030,-0.07074,0.06254,-0.01132,False,False
pitcher-692230,-0.22205,0.15558,-0.49517,False,False
pitcher-692285,-0.16036,0.15628,-0.3528,False,False
pitcher-693312,-0.01878,0.22222,-0.15892,False,False
pitcher-693313,-0.00704,0.09044,-0.02359,False,False
pitcher-693433,-0.42828,0.29269,-11.60197,False,True
pitcher-693645,-0.296,0.26016,-1.79671,False,False
pitcher-693821,0.00604,0.30086,0.21647,False,True
pitcher-693855,-0.05011,0.1412,-0.23955,False,False
pitcher-694037,-0.32697,0.20769,-2.56673,False,False
pitcher-694297,-0.41188,0.23955,-14.9759,False,True
pitcher-694335,0.26733,0.17373,1.39278,False,False
pitcher-694350,0.12694,0.16273,0.34654,False,False
pitcher-694359,0.03427,0.03197,0.00377,False,False
pitcher-694361,-0.01094,0.15731,-0.02768,False,False
pitcher-694363,-0.1791,0.302,-2.17073,False,False
pitcher-694462,-0.36203,0.26552,-1.90787,False,False
pitcher-694477,-0.22549,0.21153,-2.23009,False,False
pitcher-694646,-0.09966,0.09181,-0.16245,False,False
pitcher-694738,-0.34074,0.28847,-5.13496,False,False
pitcher-694813,-0.27755,0.22932,-3.53323,False,False
pitcher-694819,-0.72911,0.28923,-4.20696,True,False
pitcher-694851,0.0385,0.09725,0.04505,False,False
pitcher-694918,0.02593,0.06903,0.04486,False,False
pitcher-694973,0.40806,0.23758,10.28711,False,True
pitcher-695076,-0.14314,0.17436,-0.36786,False,False
pitcher-695243,0.03743,0.19196,0.4731,False,False
pitcher-695418,-0.60334,0.23965,-6.31693,True,False
pitcher-695445,-0.30485,0.19487,-1.00904,False,False
pitcher-695505,-0.23483,0.17231,-0.80076,False,False
pitcher-695534,-0.06986,0.09582,-0.06357,False,False
pitcher-695549,-0.1317,0.20922,-0.65453,False,False
pitcher-696131,0.26122,0.1149,0.95344,True,False
pitcher-696136,0.16636,0.22072,1.28265,False,False
pitcher-696147,-0.04361,0.12977,-0.14784,False,False
pitcher-696149,0.13809,0.1008,0.30242,False,False
pitcher-696270,-0.29357,0.18961,-0.41394,False,False
pitcher-697812,0.03449,0.1245,0.02621,False,False
pitcher-699134,0.02003,0.10379,0.01342,False,False
pitcher-699911,-0.08817,0.12468,-0.09081,False,False
pitcher-700187,0.04027,0.15431,0.10027,False,False
pitcher-700241,-0.71503,0.27896,-6.44953,True,False
pitcher-700249,-0.66081,0.25346,-11.45843,True,False
pitcher-700270,0.29824,0.16109,0.85297,False,False
pitcher-700363,-0.24081,0.19179,-1.54357,False,False
pitcher-700669,0.18647,0.2171,0.71979,False,False
pitcher-701121,0.04081,0.05782,0.04,False,False
pitcher-701487,-0.26469,0.20844,-0.68555,False,False
pitcher-701519,-0.03363,0.16315,-0.11267,False,False
pitcher-701542,0.40908,0.23034,7.34704,False,False
pitcher-701552,-0.18874,0.12715,-0.32652,False,False
pitcher-701581,-0.26278,0.19112,-2.45174,False,False
pitcher-701643,0.05651,0.21801,0.23621,False,False
pitcher-701656,0.01231,0.05581,0.02265,False,False
pitcher-702056,-0.30781,0.19896,-0.37245,False,False
pitcher-702070,-0.61161,0.24855,-6.58094,True,False
pitcher-702352,0.13434,0.25038,1.38776,False,False
pitcher-702674,-0.05647,0.19751,-0.23662,False,False
pitcher-702752,-0.02796,0.02887,-0.00475,False,False
pitcher-702795,0.01559,0.09104,0.02136,False,False
pitcher-703231,0.005,0.00498,0.0005,False,False
pitcher-800048,-0.12915,0.17228,-0.41717,False,False
pitcher-800049,0.33668,0.17189,1.85174,False,False
pitcher-800311,-0.26364,0.1596,-0.40074,False,False
pitcher-801139,-0.34551,0.16017,-0.48025,True,False
pitcher-801216,-0.04372,0.04122,-0.01268,False,False
pitcher-801403,-0.53068,0.25172,-4.84508,True,False
pitcher-801434,-0.18904,0.0955,-0.14178,False,False
pitcher-802419,-0.17905,0.11247,-0.17905,False,False
pitcher-802686,-0.05217,0.03613,-0.012,False,False
pitcher-804636,0.19875,0.21726,0.37563,False,False
pitcher-805123,-0.2345,0.19967,-0.59798,False,False
pitcher-805299,-0.01156,0.11581,-0.01711,False,False
pitcher-805427,-0.13369,0.08858,-0.06417,False,False
pitcher-805673,-0.56389,0.24,-5.49225,True,False
pitcher-806185,-0.46793,0.25377,-6.33114,False,False
pitcher-806188,0.10474,0.16523,0.51216,False,False
pitcher-806960,-0.3307,0.21874,-1.47823,False,False
pitcher-808963,-0.24318,0.15053,-0.80491,False,False
pitcher-808967,-1.08177,0.36361,-23.25814,True,True
pitcher-813349,-0.23368,0.19118,-0.35286,False,False
pitcher-814005,0.16525,0.16778,0.18342,False,False
pitcher-815083,-0.19886,0.18905,-0.38381,False,False
pitcher-820862,-0.2221,0.1711,-0.73293,False,False
pitcher-829272,-0.17712,0.2062,-0.61994,False,False
